audit_batch_id,formulation_id,candidate_id,selection_rank,recommendation_type,selection_explanation,mechanical_test_recommended,mechanical_selection_rank,mechanical_selection_mode,batch_id,replicate_id,viability_percent,intact_patch_formation_pass,no_slurry,no_collapse,intact_tip_count,total_tip_count,instron_file,needles_compressed,critical_axial_load_N_per_needle,critical_axial_load_N_total,initial_stiffness_N_per_mm_per_needle,preparation_feasibility_pass,homogeneous_solution_pass,fillability_pass,preparation_failure_reason,notes,dmso_M,ectoin_M,ethylene_glycol_M,glycerol_M,propylene_glycol_M,trehalose_M,sucrose_M,raffinose_M,taurine_M,myo_inositol_M,methoxyphenyl_beta_d_glucopyranoside_M,betaine_M,proline_M,glucose_M,creatine_M,acetamide_M,sericin_pct,methylcellulose_pct,dextran_pct,pvp_pct,hyaluronic_acid_pct,fbs_pct,hsa_pct,human_serum_pct,active_ingredient_count,candidate_origin,rescue_scale_factor,rescue_anchor_formulation_id,rescue_anchor_viability_percent,active_polymer_count,total_polymer_pct,total_serum_protein_pct,total_polymer_serum_pct,total_sugar_M,total_nonpermeating_solute_M,estimated_small_solute_g_L,feasibility_pass,feasibility_reasons,nearest_support_distance,support_status,source,source_row_id,formulation_label,source_type,predicted_viability_percent,viability_std,predicted_critical_axial_load_N_per_needle,critical_axial_load_std,intact_patch_pass_probability,same_formulation_range,local_neighbor_residual,retest_priority_score,viability_ucb,critical_axial_load_ucb,predicted_initial_stiffness_N_per_mm_per_needle,initial_stiffness_std,preparation_feasibility_probability,active_ingredient_excess_above_8,single_molar_excess_features,single_molar_excess_total_M,intact_failure_probability,acquisition_penalty,screening_acquisition_penalty,screening_phase_score,mechanics_phase_score,selection_role,empirical_combination_pass_probability,empirical_combination_weighted_passes,empirical_combination_weighted_failures,nearest_matching_intact_pass_distance,nearest_matching_intact_failure_distance,intact_combination_screening_penalty,intact_combination_policy_version,cold_start_ingredients,cold_start_ingredient_count,cold_start_prior_evidence_counts,cold_start_ordinary_exempt,cold_start_graduation_eligible,cold_start_graduation_priority,cold_start_graduation_reason,observed_viability_percent,observed_intact_patch_pass,audit_policy_applied_counterfactually,ordinary_row_for_cold_cap,total_viscosity_active_macromolecule_pct,total_permeating_cpa_M,crystalline_solute_saturation_burden,feasibility_policy_version,mechanical_backup_status,mechanical_feasibility_weight
ROUND_003,v2_75d69addc009,retest_v2_75d69addc009,1,retest_priority,retest_priority: reason=high_latest_batch_replicate_sd; feedback_batches=1; batch_range=0.0; latest_batch_n=4; latest_batch_sd=10.8; neighbor_residual=4.3; viability_std_tiebreak=1.0,False,,,ROUND_003,,,,,,,,,,,,,,,,,,0.01285738975,0.0,0.0938565115,0.0,0.0,0.0880014624143136,0.079736650095617,0.0,0.0,0.0,0.0,0.0,0.01984576425,0.1127153068616857,0.0,0.0,0.0,0.0,1.803182474452244,0.0,0.013560916738022,0.0,0.0,0.0,7,retest,,,,1,1.816743391190266,0.0,1.816743391190266,0.2804534193716163,0.3002991836216163,86.83860996442554,True,,0.0,in_support,,,,,29.24575715487311,0.9991394709236764,0.0,0.0,0.455725392125923,0.0,4.337499999999999,1.3466418011576051,29.5954559696964,0.0,0.0,0.0,0.75,0,,0.0,0.544274607874077,0.4354196862992616,0.0,0.3324266552595939,,round_candidate,0.3333333333333333,0.0,1.0,,0.0,0.06666666666666668,round6_empirical_combination_intact_v1,,0,,True,False,,ineligible:special_origin_exemption,34.5,1.0,True,False,,,,,,
ROUND_003,v2_430e18c49d10,rescue_000002,2,rescue_candidate,rescue_dilution: scaled down a high-viability failed-patch formulation,False,,,ROUND_003,,,,,,,,,,,,,,,,,,0.0,0.1517574580386533,0.973904413625442,0.0,0.0,0.0,0.0,0.0,0.0,0.0,0.0,0.0,0.0,0.0,0.0,0.0,0.0,0.0,0.0,0.0,0.0,0.0,4.658414069854614,0.0,3,rescue_dilution,0.5,v2_237544a25f30,69.21,0,0.0,4.658414069854614,4.658414069854614,0.0,0.1517574580386533,82.02408718850614,True,,0.3394436219183782,in_support,,,,,59.625548284101335,9.520940751078903,0.0,0.0,0.5498840382139313,,,,62.95787754697895,0.0,0.0,0.0,0.75,0,ethylene_glycol_M,0.473904413625442,0.4501159617860687,0.4548736521539434,0.0947808827250884,0.6482782611045522,,round_candidate,0.5901745560607236,0.4400632386020652,0.0,0.19597786648927717,0.39195573297855435,0.0,round6_empirical_combination_intact_v1,,0,,True,False,,ineligible:special_origin_exemption,65.0,1.0,True,False,,,,,,
ROUND_003,v2_d93bf1a562c8,cand_001256,3,screening_candidate,,False,,,ROUND_003,,,,,,,,,,,,,,,,,,0.0,0.0,0.0,0.0,0.0,0.0,0.466252283875273,0.0,0.0,0.0,0.0,0.0,0.0,0.0,0.0,0.0,0.0,0.0,0.0,0.0,0.9488272429405464,0.0,0.0,0.0,2,sparse_exploration,,,,1,0.9488272429405464,0.0,0.9488272429405464,0.466252283875273,0.466252283875273,159.59815677050597,True,,0.9580347579398764,in_support,,,,,58.724742992940016,24.187978918531524,0.0,0.0,0.389155289964007,,,,67.19053561442605,0.0,0.0,0.0,0.75,0,,0.0,0.610844710035993,0.4886757680287945,0.0,0.7951556893839176,,round_candidate,0.5,0.0,0.0,,,0.0,round6_empirical_combination_intact_v1,,0,,False,False,,ineligible:must_contain_exactly_one_cold_start_ingredient,29.0,1.0,True,True,,,,,,
ROUND_003,v2_84c11063c325,cand_000026,4,screening_candidate,,False,,,ROUND_003,,,,,,,,,,,,,,,,,,0.0,0.0,0.0,0.0,0.0,0.0955978034966867,0.0,0.0,0.0,0.0,0.0,0.0,0.0,0.0,0.0,0.0,0.0,0.0,5.0,0.0,0.0,0.0,0.0,0.0,2,local_perturbation,,,,1,5.0,0.0,5.0,0.0955978034966867,0.0955978034966867,32.72312813691586,True,,0.0159107691318486,in_support,,,,,62.813166233359446,21.785070096186512,0.0,0.0,0.4022274037805889,,,,70.43794076702473,0.0,0.0,0.0,0.75,0,,0.0,0.5977725962194111,0.4782180769755289,0.0,0.8351255116019426,,round_candidate,0.5,0.0,0.0,,,0.0,round6_empirical_combination_intact_v1,,0,,False,False,,ineligible:must_contain_exactly_one_cold_start_ingredient,44.5,0.0,True,True,,,,,,
ROUND_003,v2_4aeffae55153,cand_000143,5,screening_candidate,,False,,,ROUND_003,,,,,,,,,,,,,,,,,,0.0,0.0,0.0,0.4787773619116262,0.0,0.0,0.152529727210486,0.0,0.0,0.0,0.0,0.0,0.0,0.0,0.0223681357081184,0.0,0.0,0.0,0.0,0.0,0.0,0.0,0.0,0.0,3,local_perturbation,,,,0,0.0,0.0,0.0,0.152529727210486,0.1748978629186044,99.2346665179966,True,,0.1202520483193733,in_support,,,,,59.81772975597263,23.352298676726456,0.0,0.0,0.6482014342566541,,,,67.99103429282688,0.0,0.0,0.0,0.75,0,,0.0,0.3517985657433459,0.2814388525946767,0.0,0.8050084143621486,,round_candidate,0.5,0.0,0.0,,,0.0,round6_empirical_combination_intact_v1,glycerol_M,1,glycerol_M=2,False,True,2,eligible:glycerol_M;prior_distinct_formulations=2;graduation_threshold=3,48.5,0.0,True,True,,,,,,
ROUND_003,v2_27a2b16cc327,cand_000293,6,screening_candidate,,False,,,ROUND_003,,,,,,,,,,,,,,,,,,0.0,0.3203607479964322,1.004095211974667,0.0,0.0,0.0,0.0,0.0,0.0,0.0,0.0,0.0,0.0,0.0,0.0,0.0,0.0,0.0,0.0,0.0,0.0,10.0,0.0,0.0,3,local_perturbation,,,,0,0.0,10.0,10.0,0.0,0.3203607479964322,107.86667374244038,True,,0.2323438029213398,in_support,,,,,71.820753280291,10.925520512478291,0.0,0.0,0.7023796226029612,,,,75.6446854596584,0.0,0.0,0.0,0.75,0,ethylene_glycol_M,0.5040952119746669,0.2976203773970388,0.3389153443125645,0.1008190423949333,0.7983923007924751,,round_candidate,0.44631778395798655,0.0,0.24055602519780706,,0.2658053911807675,0.021472886416805382,round6_empirical_combination_intact_v1,,0,,False,False,,ineligible:must_contain_exactly_one_cold_start_ingredient,53.0,0.0,True,True,,,,,,
ROUND_003,v2_8f6028d7e59a,cand_000510,7,screening_candidate,,False,,,ROUND_003,,,,,,,,,,,,,,,,,,0.0,0.1750296189454817,0.0,0.0,0.0,0.3043658999964462,0.0,0.0,0.0,0.0,0.0,0.0,0.0,0.5,0.0,0.0,0.0,0.0,0.0,0.0,0.0,0.0,0.0,0.0,3,local_perturbation,,,,0,0.0,0.0,0.0,0.8043658999964463,0.979395518941928,219.14665819807325,True,,0.8875389934117579,in_support,,,,,58.720808487471544,24.187978822516087,0.0,0.0,0.3309903543233221,,,,67.18660107535217,0.0,0.0,0.0,0.75,0,,0.0,0.6690096456766779,0.5352077165413424,0.0,0.7951072621566689,,round_candidate,0.5,0.0,0.0,,,0.0,round6_empirical_combination_intact_v1,,0,,False,False,,ineligible:must_contain_exactly_one_cold_start_ingredient,41.0,0.0,True,True,,,,,,
ROUND_003,v2_0a63a12b60f3,cand_000849,8,screening_candidate,,False,,,ROUND_003,,,,,,,,,,,,,,,,,,0.0,0.0,0.0,0.0,0.0,0.0,0.0,0.0,0.0,0.0,0.0,0.0,0.0,0.0,0.0238013771016962,0.0,0.0,0.0,0.0,0.0,0.0,0.0,0.0,0.0,1,sparse_exploration,,,,0,0.0,0.0,0.0,0.0,0.0238013771016962,3.121074579345423,True,,0.4079868745878123,in_support,,,,,58.93019509730977,24.16077166458678,0.0,0.0,0.7134560420549231,,,,67.38646517991515,0.0,0.0,0.0,0.75,0,,0.0,0.2865439579450769,0.2292351663560615,0.0,0.7975672363057997,,round_candidate,0.5,0.0,0.0,,,0.0,round6_empirical_combination_intact_v1,,0,,False,False,,ineligible:must_contain_exactly_one_cold_start_ingredient,38.0,1.0,True,True,,,,,,
ROUND_003,v2_3db5f7aa7cdd,cand_000846,9,screening_candidate,,False,,,ROUND_003,,,,,,,,,,,,,,,,,,0.0,0.0,0.0,0.0,0.0,0.0,0.0,0.0,0.0,0.0,0.0,0.0,0.0,0.0,0.027152463949244,0.0,0.0,0.0,0.0,1.025005135030028,0.0,0.0,0.0,0.0,2,sparse_exploration,,,,1,1.025005135030028,0.0,1.025005135030028,0.0,0.027152463949244,3.5605025976643656,True,,0.4154893968271104,in_support,,,,,58.92437007701841,24.166804376952193,0.0,0.0,0.671882156371155,,,,67.38275160895168,0.0,0.0,0.0,0.75,0,,0.0,0.328117843628845,0.262494274903076,0.0,0.7975215288057408,,round_candidate,0.5,0.0,0.0,,,0.0,round6_empirical_combination_intact_v1,,0,,False,False,,ineligible:must_contain_exactly_one_cold_start_ingredient,38.0,1.0,True,True,,,,,,
ROUND_003,v2_4f4525f1566d,cand_001346,10,screening_candidate,,False,,,ROUND_003,,,,,,,,,,,,,,,,,,0.0,0.0,0.0,0.0,0.0,0.0,0.0,0.0,0.0,0.0,0.0,0.0,0.0,0.0,0.0243995068973409,0.0,0.0,0.0,0.5264431474892101,0.0,0.0,0.0,0.0,0.0,2,sparse_exploration,,,,1,0.5264431474892101,0.0,0.5264431474892101,0.0,0.0243995068973409,3.1995073394483184,True,,0.4099134562511488,in_support,,,,,58.9187602099713,24.164943773185,0.0,0.0,0.6772833576660431,,,,67.37649053058605,0.0,0.0,0.0,0.75,0,,0.0,0.3227166423339569,0.2581733138671655,0.0,0.7974444659886893,,round_candidate,0.5,0.0,0.0,,,0.0,round6_empirical_combination_intact_v1,,0,,False,False,,ineligible:must_contain_exactly_one_cold_start_ingredient,36.0,1.0,True,True,,,,,,
ROUND_003,v2_afa1348627bc,cand_001770,11,screening_candidate,,False,,,ROUND_003,,,,,,,,,,,,,,,,,,0.0907897437037413,0.0,0.0,0.0,0.0,0.0,0.0,0.0,0.0,0.0,0.0,0.0,0.0,0.0,0.0268791804512172,0.0,0.0,0.0,0.0,0.0,0.0,0.0,7.659640636018787,0.0,3,boundary_probe,,,,0,0.0,7.659640636018787,7.659640636018787,0.0,0.0268791804512172,10.618069608141433,True,,1.1604780045732122,in_support,,,,,58.91497503925672,24.168569469864593,0.0,0.0,0.1223871043645058,,,,67.37397435370933,0.0,0.0,0.0,0.75,0,,0.0,0.8776128956354942,0.7020903165083954,0.0,0.7974134962951323,,round_candidate,0.5,0.0,0.0,,,0.0,round6_empirical_combination_intact_v1,,0,,False,False,,ineligible:must_contain_exactly_one_cold_start_ingredient,38.5,1.0,True,True,,,,,,
ROUND_003,v2_a7291b600bea,cand_001847,12,screening_candidate,,False,,,ROUND_003,,,,,,,,,,,,,,,,,,0.0,0.0,0.0,0.0,0.0,0.4437811389062057,0.0,0.0,0.0,0.0,0.0,0.0,0.2976227420713921,0.0,0.0,0.0,0.0,0.0,0.0,0.0,0.8330271006558578,0.0,0.0,0.0,3,boundary_probe,,,,1,0.8330271006558578,0.0,0.8330271006558578,0.4437811389062057,0.7414038809775978,186.1715901422736,True,,1.0275789455390667,in_support,,,,,58.72481704977869,24.18797891866367,0.0,0.0,0.4075303061635206,,,,67.19060967131098,0.0,0.0,0.0,0.75,0,,0.0,0.5924696938364793,0.4739757550691834,0.0,0.7951566008933799,,round_candidate,0.5,0.0,0.0,,,0.0,round6_empirical_combination_intact_v1,,0,,False,False,,ineligible:must_contain_exactly_one_cold_start_ingredient,52.0,0.0,True,True,,,,,,
ROUND_004,v2_ced63818bdd1,rescue_000013,1,rescue_candidate,rescue_dilution: scaled down a high-viability failed-patch formulation,False,,,ROUND_004,,,,,,,,,,,,,,,,,,0.0,0.0,0.0,0.0,0.0,0.1109452847265514,0.0,0.0,0.0,0.0,0.0,0.0,0.074405685517848,0.0,0.0,0.0,0.0,0.0,0.0,0.0,0.2082567751639644,0.0,0.0,0.0,3,rescue_dilution,0.25,v2_a7291b600bea,52.0,1,0.2082567751639644,0.0,0.2082567751639644,0.1109452847265514,0.1853509702443994,46.54289753556839,True,,0.2568947363847667,in_support,,,,,46.80008917114565,23.095514996704072,0.0,0.0,0.7432204380322273,,,,54.88351941999208,0.0,0.0,0.0,0.75,0,,0.0,0.2567795619677727,0.2054236495742182,0.0,0.6416559778358872,,round_candidate,0.5,0.0,0.0,,0.5867311139613441,0.0,round6_empirical_combination_intact_v1,,0,,True,False,,ineligible:special_origin_exemption,32.885,1.0,True,False,,,,,,
ROUND_004,v2_6fb2fa9dc5d5,rescue_000016,2,rescue_candidate,rescue_dilution: scaled down a high-viability failed-patch formulation,False,,,ROUND_004,,,,,,,,,,,,,,,,,,0.0,0.0820912394161307,0.5134771915028602,0.0,0.0,0.0,0.0,0.0,0.0,0.0,0.0,0.0,0.0,0.0,0.0,0.0,0.0,0.0,0.0,0.0,0.0,2.029867779672915,0.0,0.0,3,rescue_dilution,0.25,v2_fc5b4c04eee9,56.2875,0,0.0,2.029867779672915,2.029867779672915,0.0,0.0820912394161307,43.54161987197967,True,,0.3051466200071668,in_support,,,,,44.952131527292465,5.0664427436755295,0.0,0.0,0.8013926985456182,,,,46.7253864875789,0.0,0.0,0.0,0.75,0,ethylene_glycol_M,0.0134771915028601,0.1986073014543817,0.1615812794640774,0.002695438300572,0.5384765066557787,,round_candidate,0.5,0.0,0.0,,0.5479758138498514,0.0,round6_empirical_combination_intact_v1,,0,,True,False,,ineligible:special_origin_exemption,58.35,1.0,True,False,,,,,,
ROUND_004,v2_0e9e2b605ce7,cand_000637,3,screening_candidate,,False,,,ROUND_004,,,,,,,,,,,,,,,,,,0.0,0.0,1.0564825340754072,0.0,0.0,0.0,0.0,0.0,0.0,0.0,0.0,0.0,0.0,0.0,0.0,0.0,0.0,0.0,0.0,6.710231711747509,0.0,0.0,0.0,0.0,2,local_perturbation,,,,1,6.710231711747509,0.0,6.710231711747509,0.0,0.0,65.57587089006053,True,,0.095630915401118,in_support,,,,,76.54205208741212,9.885163840791698,0.0,0.0,0.5604900552194448,,,,80.00185943168921,0.0,0.0,0.0,0.75,0,ethylene_glycol_M,0.5564825340754072,0.4395099447805551,0.4629044626395255,0.1112965068150814,0.8397430180315009,,round_candidate,0.5,0.0,0.0,,,0.0,round6_empirical_combination_intact_v1,,0,,False,False,,ineligible:must_contain_exactly_one_cold_start_ingredient,50.515,0.0,True,True,,,,,,
ROUND_004,v2_8d9d8b0a7098,cand_000374,4,screening_candidate,,False,,,ROUND_004,,,,,,,,,,,,,,,,,,0.0,0.0,1.00296659109718,0.0,0.0,0.0,0.0,0.0,0.0,0.0,0.0,0.0,0.0,0.0,0.0,0.0,0.0,0.0,0.0,8.13438029201992,0.0,0.0,0.0,0.0,2,local_perturbation,,,,1,8.13438029201992,0.0,8.13438029201992,0.0,0.0,62.25413630940196,True,,0.1262137347833123,in_support,,,,,72.54485407581217,15.37535482335997,0.0,0.0,0.497494688069158,,,,77.92622826398815,0.0,0.0,0.0,0.75,0,ethylene_glycol_M,0.5029665910971799,0.502505311930842,0.5025975677641096,0.1005933182194359,0.8248805787771267,,round_candidate,0.5,0.0,0.0,,,0.0,round6_empirical_combination_intact_v1,,0,,False,False,,ineligible:must_contain_exactly_one_cold_start_ingredient,50.6025,0.0,True,True,,,,,,
ROUND_004,v2_eb8bb8b8618f,cand_000113,5,screening_candidate,,False,,,ROUND_004,,,,,,,,,,,,,,,,,,0.0,0.5,0.6191850440809826,0.0,0.0,0.0,0.0,0.0,0.0,0.0,0.0,0.0,0.0,0.0,0.0,0.0,0.0,0.0,0.0,0.0,0.0,0.0,0.0,0.0,2,local_perturbation,,,,0,0.0,0.0,0.0,0.0,0.5,109.5128156861066,True,,0.2403914080045093,in_support,,,,,64.03442627824809,18.863137933937843,0.0,0.0,0.944725055443388,,,,70.63652455512633,0.0,0.0,0.0,0.75,0,ethylene_glycol_M,0.1191850440809826,0.055274944556612,0.0680569644614862,0.0238370088161965,0.8118493309988633,,round_candidate,0.6022806840367886,0.5143360150315124,0.0,0.16998239473897064,,0.0,round6_empirical_combination_intact_v1,,0,,False,False,,ineligible:must_contain_exactly_one_cold_start_ingredient,52.8825,1.0,True,True,,,,,,
ROUND_004,v2_6005e837cd4b,cand_000708,6,screening_candidate,,False,,,ROUND_004,,,,,,,,,,,,,,,,,,0.0,0.2993494457845855,0.0,0.0,0.0,0.0,0.0,0.0,0.0,0.0,0.0,0.0,0.5,0.0,0.0,0.0,0.0,0.0968433629948464,0.0,0.0,0.0,0.0,0.0,0.0,2,local_perturbation,,,,0,0.0968433629948464,0.0,0.0968433629948464,0.0,0.7993494457845856,100.12051721273669,True,,0.1680535954674708,in_support,,,,,58.75409897162861,23.046276903959168,0.0,0.0,0.9084522761930802,,,,66.82029588801431,0.0,0.0,0.0,0.75,0,,0.0,0.0915477238069197,0.0732381790455358,0.0,0.7886817065198185,,round_candidate,0.5,0.0,0.0,,,0.0,round6_empirical_combination_intact_v1,,0,,False,False,,ineligible:must_contain_exactly_one_cold_start_ingredient,28.365000000000002,1.0,True,True,,,,,,
ROUND_004,v2_1d06992cb257,cand_000776,7,screening_candidate,,False,,,ROUND_004,,,,,,,,,,,,,,,,,,0.1,0.0904198371035327,0.2529430779842089,0.0,0.0,0.0,0.0,0.0,0.0009056976719577,0.0,0.0,0.0,0.0,0.0,0.0,0.0,0.0,0.0,0.0,0.0,0.0,0.0,0.0,0.0,3,local_perturbation,,,,0,0.0,0.0,0.0,0.0,0.0913255347754905,36.480608956763575,True,,0.4575298705716062,in_support,,,,,58.77957479919056,23.980608131410815,0.0,0.0,0.9115701166228128,,,,67.17278764518434,0.0,0.0,0.0,0.75,0,,0.0,0.0884298833771872,0.0707439067017498,0.0,0.7930233608677774,,round_candidate,0.5,0.0,0.0,0.6256717099515775,,0.0,round6_empirical_combination_intact_v1,,0,,False,False,,ineligible:must_contain_exactly_one_cold_start_ingredient,35.825,1.0,True,True,,,,,,
ROUND_004,v2_4da335e6bc9d,cand_001804,8,screening_candidate,,False,,,ROUND_004,,,,,,,,,,,,,,,,,,0.0,0.0,0.0,0.0,0.0,0.0,0.0,0.3934835465272594,0.0,0.2743140108570348,0.0,0.0,0.0,0.0,0.0,0.0,0.0,0.0,0.0,0.0,0.0,0.0,6.898138049036775,0.0,3,boundary_probe,,,,0,0.0,6.898138049036775,6.898138049036775,0.3934835465272594,0.6677975573842942,247.90925240621416,True,,0.8814792387283049,in_support,,,,,61.259400717629525,22.681527140037726,0.0,0.0,0.5522836250732409,,,,69.19793521664273,0.0,0.0,0.0,0.75,0,,0.0,0.4477163749267591,0.3581730999414073,0.0,0.8179671803473337,,round_candidate,0.5,0.0,0.0,,,0.0,round6_empirical_combination_intact_v1,raffinose_M;myo_inositol_M,2,raffinose_M=0;myo_inositol_M=0,False,False,,ineligible:must_contain_exactly_one_cold_start_ingredient,10.1075,0.0,True,True,,,,,,
ROUND_004,v2_1e09bd3298a1,cand_001254,9,screening_candidate,,False,,,ROUND_004,,,,,,,,,,,,,,,,,,0.0,0.0,0.0,0.0,0.0,0.0,0.0,0.4175742885754871,0.0,0.0,0.0,0.0,0.0,0.0,0.0,0.0,0.0,0.0,0.0,0.0,0.0,0.0,5.735805581062722,0.0,2,sparse_exploration,,,,0,0.0,5.735805581062722,5.735805581062722,0.4175742885754871,0.4175742885754871,210.6411741290187,True,,0.5746564879240822,in_support,,,,,60.70502243687755,23.12024088265788,0.0,0.0,0.6197089662793147,,,,68.79710674580781,0.0,0.0,0.0,0.75,0,,0.0,0.3802910337206853,0.3042328269765482,0.0,0.8130301608630831,,round_candidate,0.5,0.0,0.0,,,0.0,round6_empirical_combination_intact_v1,raffinose_M,1,raffinose_M=0,False,True,2,eligible:raffinose_M;prior_distinct_formulations=0;graduation_threshold=3,0.69,1.0,True,True,,,,,,
ROUND_004,v2_e5b28bf5a066,cand_001144,10,screening_candidate,,False,,,ROUND_004,,,,,,,,,,,,,,,,,,0.0,0.0421795058685515,0.0,0.0,0.0,0.0,0.0,0.423572841994074,0.0,0.0,0.0,0.0,0.0,0.0,0.0,0.0,0.0,0.0,0.0,0.0,0.0,0.0,0.0,0.0,2,sparse_exploration,,,,0,0.0,0.0,0.0,0.423572841994074,0.4657523478626255,219.663322969764,True,,0.0966393210860414,in_support,,,,,60.223399208893625,23.426055547128605,0.0,0.0,0.8767034230160422,,,,68.42251865038864,0.0,0.0,0.0,0.75,0,,0.0,0.1232965769839578,0.0986372615871662,0.0,0.8084163450784893,,round_candidate,0.5,0.0,0.0,,,0.0,round6_empirical_combination_intact_v1,raffinose_M,1,raffinose_M=0,False,True,2,eligible:raffinose_M;prior_distinct_formulations=0;graduation_threshold=3,40.4675,1.0,True,True,,,,,,
ROUND_004,v2_6886b09726ac,cand_000866,11,screening_candidate,,False,,,ROUND_004,,,,,,,,,,,,,,,,,,0.0754379449813829,0.0,0.0,0.0,0.0,0.0,0.0,0.1610862069077319,0.0,0.0,0.0,0.0,0.0,0.0,0.0,0.0,0.0,0.0,0.0,0.0,0.0,0.0,0.0,0.0,2,sparse_exploration,,,,0,0.0,0.0,0.0,0.1610862069077319,0.1610862069077319,87.15229285393173,True,,0.5721079140129673,in_support,,,,,60.54920868100531,22.335355531590707,0.0,0.0,0.8927135657413624,,,,68.36658311706206,0.0,0.0,0.0,0.75,0,,0.0,0.1072864342586376,0.08582914740691,0.0,0.8077273849920962,,round_candidate,0.5,0.0,0.0,,,0.0,round6_empirical_combination_intact_v1,raffinose_M,1,raffinose_M=0,False,True,2,eligible:raffinose_M;prior_distinct_formulations=0;graduation_threshold=3,30.2175,1.0,True,True,,,,,,
ROUND_004,v2_98a8e114024b,cand_001721,12,screening_candidate,,False,,,ROUND_004,,,,,,,,,,,,,,,,,,0.0717171469978782,0.0,0.0,0.0,0.0,0.0,0.0,0.429129568213765,0.0,0.0,0.0,0.0,0.0,0.0,0.0,0.0,0.0,0.0,0.0,0.0,0.0,0.0,6.2230946152420294,0.0,3,boundary_probe,,,,0,0.0,6.2230946152420294,6.2230946152420294,0.429129568213765,0.429129568213765,222.07338008469583,True,,0.951313886281154,in_support,,,,,59.675896243424894,23.692256077157737,0.0,0.0,0.6491950626738175,,,,67.9681858704301,0.0,0.0,0.0,0.75,0,,0.0,0.3508049373261824,0.280643949860946,0.0,0.8028203109886034,,round_candidate,0.5,0.0,0.0,,,0.0,round6_empirical_combination_intact_v1,raffinose_M,1,raffinose_M=0,False,True,2,eligible:raffinose_M;prior_distinct_formulations=0;graduation_threshold=3,1.3325,1.0,True,True,,,,,,
ROUND_005,v2_1be28fc1c3ad,rescue_000003,1,rescue_candidate,rescue_dilution: scaled down a high-viability failed-patch formulation,False,,,ROUND_005,,,,,,,,,,,,,,,,,,0.0,0.0,0.7923619005565554,0.0,0.0,0.0,0.0,0.0,0.0,0.0,0.0,0.0,0.0,0.0,0.0,0.0,0.0,0.0,0.0,5.0326737838106315,0.0,0.0,0.0,0.0,2,rescue_dilution,0.75,v2_0e9e2b605ce7,50.515,1,5.0326737838106315,0.0,5.0326737838106315,0.0,0.0,49.18190316754539,True,,0.0512191285485315,in_support,,,,,59.502151753493344,7.003852076147249,0.0,0.0,0.5166652093841042,,,,61.95349998014488,0.0,0.0,0.0,0.75,0,ethylene_glycol_M,0.2923619005565554,0.4833347906158958,0.4451402126040277,0.058472380111311,0.6909221445871895,,round_candidate,0.29665601018585647,0.0,1.370907602288236,,0.09538620170659803,0.08133759592565742,round6_empirical_combination_intact_v1,,0,,True,False,,ineligible:special_origin_exemption,53.3425,0.0,True,False,5.0326737838106315,0.7923619005565554,0.0,round5_solubility_viscosity_v2,,
ROUND_005,v2_d9aaefea702e,rescue_000001,2,rescue_candidate,rescue_dilution: scaled down a high-viability failed-patch formulation,False,,,ROUND_005,,,,,,,,,,,,,,,,,,0.0,0.0,0.2641206335188518,0.0,0.0,0.0,0.0,0.0,0.0,0.0,0.0,0.0,0.0,0.0,0.0,0.0,0.0,0.0,0.0,1.6775579279368773,0.0,0.0,0.0,0.0,2,rescue_dilution,0.25,v2_0e9e2b605ce7,50.515,1,1.6775579279368773,0.0,1.6775579279368773,0.0,0.0,16.393967722515132,True,,0.1109471284546798,in_support,,,,,40.16970249195592,12.393000906289316,0.0,0.0,0.8252700898559796,,,,44.50725280915718,0.0,0.0,0.0,0.75,0,,0.0,0.1747299101440204,0.1397839281152163,0.0,0.5376655386755017,,round_candidate,0.43513373030727626,0.0,0.2981440654895562,,0.28615860511979413,0.0259465078770895,round6_empirical_combination_intact_v1,,0,,True,False,,ineligible:special_origin_exemption,9.2925,1.0,True,False,1.6775579279368773,0.2641206335188518,0.0,round5_solubility_viscosity_v2,,
ROUND_005,v2_f3bcb989040c,cand_000731,3,screening_candidate,,False,,,ROUND_005,,,,,,,,,,,,,,,,,,0.0,0.172557793444836,0.8303107120608882,0.0,0.0,0.0,0.0,0.0,0.0,0.0,0.0,0.0,0.0,0.0,0.0,0.0,0.0,0.0,0.0,0.0,0.0,5.210064754633155,0.0,0.0,3,local_perturbation,,,,0,0.0,5.210064754633155,5.210064754633155,0.0,0.172557793444836,76.06820181373722,True,,0.1894919596502608,in_support,,,,,68.46280394716243,7.843378514314983,0.0,0.0,0.6916863760984658,,,,71.20798642717267,0.0,0.0,0.0,0.75,0,ethylene_glycol_M,0.3303107120608882,0.3083136239015341,0.312713041533405,0.0660621424121776,0.795645535504239,,round_candidate,0.5611784868379002,0.3612625669132472,0.06445865875885537,0.22355810158036346,0.3274394694344006,0.0,round6_empirical_combination_intact_v1,,0,,False,False,,ineligible:must_contain_exactly_one_cold_start_ingredient,59.182500000000005,1.0,True,True,5.210064754633155,0.8303107120608882,0.043139448361209,round5_solubility_viscosity_v2,,
ROUND_005,v2_88865d95334d,cand_000302,4,screening_candidate,,False,,,ROUND_005,,,,,,,,,,,,,,,,,,0.0,0.0,0.0,0.0,0.0,0.0,0.0,0.0,0.0,0.0,0.0,0.0,0.0,0.0,0.0,0.0,0.0,0.7450063998291049,0.0,0.0,0.0,10.0,0.0,0.0,2,local_perturbation,,,,1,0.7450063998291049,10.0,10.745006399829103,0.0,0.0,0.0,True,,0.1274968000854475,in_support,,,,,56.99243953767547,24.26243253904828,0.0,0.0,0.9993686355286256,,,,65.48429092634237,0.0,0.0,0.0,0.75,0,,0.0,0.0006313644713743,0.0005050915770994,0.0,0.7922444728604613,,round_candidate,0.5,0.0,0.0,,,0.0,round6_empirical_combination_intact_v1,methylcellulose_pct,1,methylcellulose_pct=0,False,True,5,eligible:methylcellulose_pct;prior_distinct_formulations=0;graduation_threshold=3,1.365,0.0,True,True,10.745006399829103,0.0,0.0,round5_solubility_viscosity_v2,,
ROUND_005,v2_f1b5aed4af5a,cand_000137,5,screening_candidate,,False,,,ROUND_005,,,,,,,,,,,,,,,,,,0.0960577194519765,0.112962607700229,0.2408447042230846,0.0,0.0,0.0,0.0,0.0,0.0007369667758306,0.0,0.0,0.0,0.0,0.0,0.0,0.0,0.0,0.0,0.0,0.0,0.0,0.0,0.0,0.0,3,local_perturbation,,,,0,0.0,0.0,0.0,0.0,0.1136995744760597,38.60521611456955,True,,0.0600865775420851,in_support,,,,,55.5562245742118,24.210561114517585,0.0,0.0,0.9788609341292788,,,,64.02992096429296,0.0,0.0,0.0,0.75,0,,0.0,0.0211390658707212,0.0169112526965769,0.0,0.774594128098689,,round_candidate,0.6552775440904782,0.9008844154396107,0.0,0.034690454596136254,,0.0,round6_empirical_combination_intact_v1,,0,,False,False,,ineligible:must_contain_exactly_one_cold_start_ingredient,22.145,1.0,True,True,0.0,0.336902423675061,0.0292125317808256,round5_solubility_viscosity_v2,,
ROUND_005,v2_711df1b41503,cand_000566,6,screening_candidate,,False,,,ROUND_005,,,,,,,,,,,,,,,,,,0.0,0.0,0.6991207609715329,0.0,0.0,0.0,0.0,0.0,0.0,0.0,0.0,0.0,0.0,0.0,0.0,0.0,0.0,0.0,0.0,0.0,0.0,10.0,0.0,0.0,2,local_perturbation,,,,0,0.0,10.0,10.0,0.0,0.0,43.39442563350305,True,,0.2790483402247003,in_support,,,,,63.20929464398577,13.527834211553865,0.0,0.0,0.2725372031490597,,,,67.94403661802963,0.0,0.0,0.0,0.75,0,ethylene_glycol_M,0.1991207609715328,0.7274627968509403,0.6217943896750588,0.0398241521943065,0.7822719819472954,,round_candidate,0.5,0.0,0.0,,,0.0,round6_empirical_combination_intact_v1,,0,,False,False,,ineligible:must_contain_exactly_one_cold_start_ingredient,48.3325,0.0,True,True,10.0,0.6991207609715329,0.0,round5_solubility_viscosity_v2,,
ROUND_005,v2_40e9f706b46d,cand_000268,7,screening_candidate,,False,,,ROUND_005,,,,,,,,,,,,,,,,,,0.1,0.0,0.0,0.0,0.0,0.0,0.0,0.0,0.0,0.0,0.0,0.0,0.0,0.0,0.0,0.0,0.0,0.8564748106759047,0.0,0.0,0.0,0.0,0.0,0.0,2,local_perturbation,,,,1,0.8564748106759047,0.0,0.8564748106759047,0.0,0.0,7.813,True,,0.4757419220155097,in_support,,,,,55.97962349248062,23.796093807439593,0.0,0.0,0.999992787977276,,,,64.30825632508447,0.0,0.0,0.0,0.75,0,,0.0,7.212022724023548e-06,5.769618179218838e-06,0.0,0.777972027261595,,round_candidate,0.5,0.0,0.0,,,0.0,round6_empirical_combination_intact_v1,methylcellulose_pct,1,methylcellulose_pct=0,False,True,5,eligible:methylcellulose_pct;prior_distinct_formulations=0;graduation_threshold=3,19.355,1.0,True,True,0.8564748106759047,0.1,0.0,round5_solubility_viscosity_v2,,
ROUND_005,v2_011eef292ff1,cand_000806,8,screening_candidate,,False,,,ROUND_005,,,,,,,,,,,,,,,,,,0.0,0.0,0.0,0.0,0.0,0.0,0.0,0.0,0.0,0.0,0.0,0.0,0.0,0.0,0.0,0.4603035830613614,0.0,0.0,0.0,0.0,0.0,4.4642804926719775,0.0,0.0,2,sparse_exploration,,,,0,0.0,4.4642804926719775,4.4642804926719775,0.0,0.4603035830613614,27.19013265143462,True,,0.9878879012494876,in_support,,,,,57.30696101641415,24.28745112122454,0.0,0.0,0.7480994020566852,,,,65.80756890884274,0.0,0.0,0.0,0.75,0,,0.0,0.2519005979433147,0.2015204783546518,0.0,0.7961677991075059,,round_candidate,0.5,0.0,0.0,,,0.0,round6_empirical_combination_intact_v1,acetamide_M,1,acetamide_M=0,False,True,4,eligible:acetamide_M;prior_distinct_formulations=0;graduation_threshold=3,31.849999999999998,1.0,True,True,4.4642804926719775,0.0,0.0385675394270097,round5_solubility_viscosity_v2,,
ROUND_005,v2_5526047f869b,cand_000807,9,screening_candidate,,False,,,ROUND_005,,,,,,,,,,,,,,,,,,0.0,0.0,0.0,0.4248804496868708,0.0,0.0,0.0,0.0,0.0,0.0,0.0,0.0,0.0,0.0,0.0,0.3430938695406776,0.0,0.0,0.0,0.0,0.0,0.0,0.0,0.0,2,sparse_exploration,,,,0,0.0,0.0,0.0,0.0,0.3430938695406776,59.39379548543175,True,,0.7069210399399362,in_support,,,,,57.30696101641415,24.28745112122454,0.0,0.0,0.1793735864056067,,,,65.80756890884274,0.0,0.0,0.0,0.75,0,,0.0,0.8206264135943933,0.6565011308755146,0.0,0.7961677991075059,,round_candidate,0.5,0.0,0.0,,,0.0,round6_empirical_combination_intact_v1,acetamide_M,1,acetamide_M=0,False,True,4,eligible:acetamide_M;prior_distinct_formulations=0;graduation_threshold=3,25.5225,1.0,True,True,0.0,0.4248804496868708,0.0287468679967052,round5_solubility_viscosity_v2,,
ROUND_005,v2_c52464fe22c3,cand_000810,10,screening_candidate,,False,,,ROUND_005,,,,,,,,,,,,,,,,,,0.0,0.0,0.0,0.0,0.0,0.0,0.0,0.0,0.0,0.0,0.0,0.0,0.0,0.0,0.0,0.3665641806955139,0.0,0.0,0.0,0.0,0.0,0.0,0.0,0.0,1,sparse_exploration,,,,0,0.0,0.0,0.0,0.0,0.3665641806955139,21.65294615368401,True,,0.7331283613910279,in_support,,,,,57.30696101641415,24.28745112122454,0.0,0.0,0.9084921250003248,,,,65.80756890884274,0.0,0.0,0.0,0.75,0,,0.0,0.0915078749996752,0.0732062999997402,0.0,0.7961677991075059,,round_candidate,0.5,0.0,0.0,,,0.0,round6_empirical_combination_intact_v1,acetamide_M,1,acetamide_M=0,False,True,4,eligible:acetamide_M;prior_distinct_formulations=0;graduation_threshold=3,6.93,1.0,True,True,0.0,0.0,0.0307133791952671,round5_solubility_viscosity_v2,,
ROUND_005,v2_79ec2bf8acae,cand_001520,11,screening_candidate,,False,,,ROUND_005,,,,,,,,,,,,,,,,,,0.0635879435943965,0.0,0.0,0.0,0.0,0.0,0.0,0.0,0.0,0.0,0.0,0.0,0.0,0.0,0.0,0.465812044340673,0.0,0.0,0.0,0.0,0.0,5.745951797097222,0.0,0.0,3,boundary_probe,,,,0,0.0,5.745951797097222,5.745951797097222,0.0,0.465812044340673,32.48364349223376,True,,1.1471357289649018,in_support,,,,,57.30696101641415,24.28745112122454,0.0,0.0,0.7553618106279731,,,,65.80756890884274,0.0,0.0,0.0,0.75,0,,0.0,0.2446381893720268,0.1957105514976215,0.0,0.7961677991075059,,round_candidate,0.5,0.0,0.0,,,0.0,round6_empirical_combination_intact_v1,acetamide_M,1,acetamide_M=0,False,True,4,eligible:acetamide_M;prior_distinct_formulations=0;graduation_threshold=3,31.495,1.0,True,True,5.745951797097222,0.0635879435943965,0.0390290778668347,round5_solubility_viscosity_v2,,
ROUND_005,v2_117f554a123f,cand_001526,12,screening_candidate,,False,,,ROUND_005,,,,,,,,,,,,,,,,,,0.0584699347927001,0.0,0.0,0.0,0.0,0.0,0.0,0.0,0.0,0.0,0.0,0.0,0.0,0.0,0.0265520113939161,0.3491677137910172,0.0,0.0,0.0,0.0,0.0,0.0,0.0,0.0,3,boundary_probe,,,,0,0.0,0.0,0.0,0.0,0.3757197251849333,28.675358113073273,True,,0.9124543217795644,in_support,,,,,57.30696101641415,24.28745112122454,0.0,0.0,0.9613214834629756,,,,65.80756890884274,0.0,0.0,0.0,0.75,0,,0.0,0.0386785165370244,0.0309428132296195,0.0,0.7961677991075059,,round_candidate,0.5,0.0,0.0,,,0.0,round6_empirical_combination_intact_v1,acetamide_M,1,acetamide_M=0,False,True,4,eligible:acetamide_M;prior_distinct_formulations=0;graduation_threshold=3,11.9125,1.0,True,True,0.0,0.0584699347927001,0.2910324853102615,round5_solubility_viscosity_v2,,
ROUND_006,v2_88865d95334d,retest_v2_88865d95334d,1,retest_priority,retest_priority: reason=single_batch_neighbor_anomaly_confirmation; feedback_batches=1; batch_range=0.0; latest_batch_n=4; latest_batch_sd=0.8; neighbor_residual=52.1; viability_std_tiebreak=1.0,False,,,ROUND_006,,,,,,,,,,,,,,,,,,0.0,0.0,0.0,0.0,0.0,0.0,0.0,0.0,0.0,0.0,0.0,0.0,0.0,0.0,0.0,0.0,0.0,0.7450063998291049,0.0,0.0,0.0,10.0,0.0,0.0,2,retest,,,,1,0.7450063998291049,10.0,10.745006399829103,0.0,0.0,0.0,True,,0.0,in_support,,,,,1.4444992067671194,0.9988972145863833,0.0,0.0,0.144023622132537,0.0,52.14,2.607,1.7941132318723536,0.0,0.0,0.0,0.75,0,,0.0,0.855976377867463,0.6847811022939704,0.0,-0.0564654979915446,,round_candidate,0.3333333333333333,0.0,1.0,,0.0,0.06666666666666668,round6_empirical_combination_intact_v1,methylcellulose_pct,1,methylcellulose_pct=2,True,False,,ineligible:special_origin_exemption,,,False,False,10.745006399829103,0.0,0.0,round5_solubility_viscosity_v2,,0.3333333333333333
ROUND_006,v2_d9aaefea702e,retest_v2_d9aaefea702e,2,retest_priority,retest_priority: reason=single_batch_neighbor_anomaly_confirmation; feedback_batches=1; batch_range=0.0; latest_batch_n=4; latest_batch_sd=2.0; neighbor_residual=35.1; viability_std_tiebreak=1.0,False,,,ROUND_006,,,,,,,,,,,,,,,,,,0.0,0.0,0.2641206335188518,0.0,0.0,0.0,0.0,0.0,0.0,0.0,0.0,0.0,0.0,0.0,0.0,0.0,0.0,0.0,0.0,1.6775579279368773,0.0,0.0,0.0,0.0,2,retest,,,,1,1.6775579279368773,0.0,1.6775579279368773,0.0,0.0,16.393967722515132,True,,0.0,in_support,,,,,9.468709286190595,0.996690962070636,0.0,0.0,0.8317817793138509,0.0,35.06333333333333,1.7531666666666663,9.81755112291532,0.0,0.0,0.0,0.75,0,,0.0,0.1682182206861491,0.1345745765489193,0.0,0.1067406363870984,,round_candidate,0.5328956404600205,1.0,0.7530800557375674,0.0,0.19077240341319607,0.0,round6_empirical_combination_intact_v1,,0,,True,False,,ineligible:special_origin_exemption,,,False,False,1.6775579279368773,0.2641206335188518,0.0,round5_solubility_viscosity_v2,,0.5328956404600205
ROUND_006,v2_ea8a9ce5fcb2,rescue_000009,3,rescue_candidate,rescue_dilution: scaled down a high-viability failed-patch formulation,False,,,ROUND_006,,,,,,,,,,,,,,,,,,0.0,0.22763618705798,1.460856620438163,0.0,0.0,0.0,0.0,0.0,0.0,0.0,0.0,0.0,0.0,0.0,0.0,0.0,0.0,0.0,0.0,0.0,0.0,0.0,6.987621104781921,0.0,3,rescue_dilution,0.75,v2_237544a25f30,69.21,0,0.0,6.987621104781921,6.987621104781921,0.0,0.22763618705798,123.03613078275922,True,,0.3394436219183781,in_support,,,,,65.12864501919591,11.04426839504023,0.0,0.0,0.5603522727247767,,,,68.99413895746,0.0,0.0,0.0,0.75,0,ethylene_glycol_M,0.960856620438163,0.4396477272752233,0.5438895059078113,0.1921713240876326,0.626592807481697,,round_candidate,0.5,0.4400632386020652,0.4400632386020651,0.19597786648927717,0.1959778664892772,0.0,round6_empirical_combination_intact_v1,,0,,True,False,,ineligible:special_origin_exemption,,,False,False,6.987621104781921,1.460856620438163,0.056909046764495,round5_solubility_viscosity_v2,,0.5
ROUND_006,v2_13f1ff7a70b9,rescue_000026,4,rescue_candidate,rescue_dilution: scaled down a high-viability failed-patch formulation,False,,,ROUND_006,,,,,,,,,,,,,,,,,,0.0,0.1641824788322614,1.0269543830057204,0.0,0.0,0.0,0.0,0.0,0.0,0.0,0.0,0.0,0.0,0.0,0.0,0.0,0.0,0.0,0.0,0.0,0.0,4.059735559345831,0.0,0.0,3,rescue_dilution,0.5,v2_fc5b4c04eee9,56.2875,0,0.0,4.059735559345831,4.059735559345831,0.0,0.1641824788322614,87.08323974395934,True,,0.1403572352476628,in_support,,,,,66.33954348174896,3.091048919113526,0.0,0.0,0.7110224842934793,,,,67.4214106034387,0.0,0.0,0.0,0.75,0,ethylene_glycol_M,0.5269543830057204,0.2889775157065207,0.3365728891663607,0.105390876601144,0.6944499006387096,,round_candidate,0.6894903949445343,1.220512292434149,0.0,0.08103528755294975,0.3835708201901962,0.0,round6_empirical_combination_intact_v1,,0,,True,False,,ineligible:special_origin_exemption,,,False,False,4.059735559345831,1.0269543830057204,0.0410456197080653,round5_solubility_viscosity_v2,,0.6894903949445343
ROUND_006,v2_b7e07e99afa8,cand_000388,5,screening_candidate,,False,,,ROUND_006,,,,,,,,,,,,,,,,,,0.1,0.1395375828167471,0.207080676956793,0.0,0.0,0.0,0.0,0.0,0.0004260838621623,0.0,0.0,0.0,0.0,0.0,0.0,0.0,0.0,0.0,0.0,0.0,0.0,0.0,0.0,0.0,3,local_perturbation,,,,0,0.0,0.0,0.0,0.0,0.1399636666789094,40.556484787286536,True,,0.0675415643911875,in_support,,,,,56.078633246607154,24.71787912821978,0.0,0.0,0.9882134758639176,,,,64.72989094148407,0.0,0.0,0.0,0.75,0,,0.0,0.0117865241360823,0.0094292193088659,0.0,0.7674559218910648,,round_candidate,0.731452941058677,1.7237421401755055,0.0,0.03899348803610204,,0.0,round6_empirical_combination_intact_v1,,0,,False,False,,ineligible:must_contain_exactly_one_cold_start_ingredient,,,False,True,0.0,0.3070806769567931,0.0354462966420369,round5_solubility_viscosity_v2,,0.731452941058677
ROUND_006,v2_4673547a29eb,cand_000599,6,screening_candidate,,False,,,ROUND_006,,,,,,,,,,,,,,,,,,0.0,0.0685407781099063,0.0,0.0,0.0,0.0,0.0,0.3,0.0,0.0,0.0,0.0,0.0,0.0,0.0,0.0,0.0,0.0,0.0,0.0,0.0,0.0,0.0,0.0,2,local_perturbation,,,,0,0.0,0.0,0.0,0.3,0.3685407781099063,188.09675701610428,True,,0.2424692827053474,in_support,,,,,53.71104413417668,24.59404247216249,0.0,0.0,0.9785081413996578,,,,62.31895899943355,0.0,0.0,0.0,0.75,0,,0.0,0.0214918586003421,0.0171934868802737,0.0,0.7384471491509914,,round_candidate,0.5983057257826516,0.489455449541511,0.0,0.17869059266047113,,0.0,round6_empirical_combination_intact_v1,,0,,False,False,,ineligible:must_contain_exactly_one_cold_start_ingredient,,,False,True,0.0,0.0,0.7626249813173975,round5_solubility_viscosity_v2,,0.5983057257826516
ROUND_006,v2_fb629591d74c,cand_000452,7,screening_candidate,,False,,,ROUND_006,,,,,,,,,,,,,,,,,,0.0,0.1304323581246499,0.8836577124776623,0.0,0.0,0.0,0.0,0.0,0.0,0.0,0.0,0.0,0.0,0.0,0.0,0.0,0.0,0.0,0.0,0.0,0.0,0.0,0.0,0.0,2,local_perturbation,,,,0,0.0,0.0,0.0,0.0,0.1304323581246499,73.39089824448874,True,,0.0906297534211885,in_support,,,,,66.59621942113174,5.566915856512772,0.0,0.0,0.8998345731825302,,,,68.5446399709112,0.0,0.0,0.0,0.75,0,ethylene_glycol_M,0.3836577124776623,0.1001654268174697,0.1568638839495083,0.0767315424955324,0.7366241353052527,,round_candidate,0.6052562317267054,0.5332888835059855,0.0,0.16334889077290507,,0.0,round6_empirical_combination_intact_v1,,0,,False,False,,ineligible:must_contain_exactly_one_cold_start_ingredient,,,False,True,0.0,0.8836577124776623,0.0326080895311624,round5_solubility_viscosity_v2,,0.6052562317267054
ROUND_006,v2_b0c3376ad599,cand_001218,8,cold_start_graduation,cold_start_graduation: ingredient=propylene_glycol_M; prior_distinct_formulations=2; graduation_threshold=3,False,,,ROUND_006,,,,,,,,,,,,,,,,,,0.0,0.0,0.0,0.0,0.4665420783684165,0.0,0.0,0.2887095003508567,0.0,0.0,0.0,0.0,0.0,0.0,0.0,0.0,0.0,0.0,0.0,0.0,0.0,0.0,0.0,0.0,2,sparse_exploration,,,,0,0.0,0.0,0.0,0.2887095003508567,0.2887095003508567,207.13987179664065,True,,0.2904619475779149,in_support,,,,,54.51751704270245,24.68740406206245,0.0,0.0,0.000271198297703,,,,63.15810846442431,0.0,0.0,0.0,0.75,0,,0.0,0.9997288017022968,0.7997830413618376,0.0,0.7485439485256629,,round_candidate,0.5,0.0,0.0,,,0.0,round6_empirical_combination_intact_v1,propylene_glycol_M,1,propylene_glycol_M=2,False,True,1,eligible:propylene_glycol_M;prior_distinct_formulations=2;graduation_threshold=3,,,False,True,0.0,0.4665420783684165,0.7174332795359493,round5_solubility_viscosity_v2,,0.5
ROUND_006,v2_0edd7362eda9,cand_000842,9,cold_start_graduation,cold_start_graduation: ingredient=taurine_M; prior_distinct_formulations=0; graduation_threshold=3,False,,,ROUND_006,,,,,,,,,,,,,,,,,,0.0,0.0,0.0,0.0,0.0,0.0,0.0,0.0,0.0284550053666188,0.0,0.0,0.0,0.0,0.0,0.0,0.0,0.0,0.0,0.0,0.0,0.0,2.638596543336048,0.0,0.0,2,sparse_exploration,,,,0,0.0,2.638596543336048,2.638596543336048,0.0,0.0284550053666188,3.561143921632353,True,,0.2699271503697,in_support,,,,,56.298833180708186,24.71832313295539,0.0,0.0,0.999999999993527,,,,64.95024627724257,0.0,0.0,0.0,0.75,0,,0.0,6.473044322774513e-12,5.178435458219611e-12,0.0,0.7701072774708677,,round_candidate,0.5,0.0,0.0,,,0.0,round6_empirical_combination_intact_v1,taurine_M,1,taurine_M=0,False,True,4,eligible:taurine_M;prior_distinct_formulations=0;graduation_threshold=3,,,False,True,2.638596543336048,0.0,0.0375252282986969,round5_solubility_viscosity_v2,,0.5
ROUND_006,v2_9d3ceb7016d5,cand_000858,10,screening_candidate,,False,,,ROUND_006,,,,,,,,,,,,,,,,,,0.0,0.0,0.0,0.0,0.0,0.0,0.0,0.0,0.0691519551088567,0.0,0.0,0.0,0.088665134203437,0.0,0.0,0.0,0.0,0.0,0.0,0.0,0.0,0.0,0.0,0.0,2,sparse_exploration,,,,0,0.0,0.0,0.0,0.0,0.1578170893122937,18.862384082715117,True,,0.2035527822025735,in_support,,,,,56.298833180708186,24.71832313295539,0.0,0.0,1.0,,,,64.95024627724257,0.0,0.0,0.0,0.75,0,,0.0,0.0,0.0,0.0,0.7701072774708677,,round_candidate,0.5,0.0,0.0,,,0.0,round6_empirical_combination_intact_v1,taurine_M,1,taurine_M=0,False,True,4,eligible:taurine_M;prior_distinct_formulations=0;graduation_threshold=3,,,False,True,0.0,0.0,0.0974963177676778,round5_solubility_viscosity_v2,,0.5
ROUND_006,v2_e579d58c9088,cand_001700,11,cold_start_graduation,cold_start_graduation: ingredient=myo_inositol_M; prior_distinct_formulations=1; graduation_threshold=3,False,,,ROUND_006,,,,,,,,,,,,,,,,,,0.0,0.0,0.0,0.0,0.0,0.0,0.0,0.0,0.0,0.4469746569712823,0.0,0.0,0.0,0.0,0.0217097246887252,0.0,0.0,0.0,0.0,0.0,0.0,7.941066066121505,0.0,0.0,3,boundary_probe,,,,0,0.0,7.941066066121505,7.941066066121505,0.0,0.4686843816600076,83.37375039837877,True,,1.1684254394818312,in_support,,,,,56.29883318067364,24.71832313295539,0.0,0.0,0.0007375093235613,,,,64.95024627720802,0.0,0.0,0.0,0.75,0,,0.0,0.9992624906764388,0.799409992541151,0.0,0.770107277470452,,round_candidate,0.5,0.0,0.0,,,0.0,round6_empirical_combination_intact_v1,myo_inositol_M,1,myo_inositol_M=1,False,True,3,eligible:myo_inositol_M;prior_distinct_formulations=1;graduation_threshold=3,,,False,True,7.941066066121505,0.0,0.7771612971450578,round5_solubility_viscosity_v2,,0.5
ROUND_006,v2_445849cbfa02,cand_001749,12,cold_start_graduation,cold_start_graduation: ingredient=methylcellulose_pct; prior_distinct_formulations=2; graduation_threshold=3,False,,,ROUND_006,,,,,,,,,,,,,,,,,,0.0,0.0,0.0,0.0,0.0,0.0,0.0,0.1902297513428384,0.0,0.0,0.0,0.0,0.0,0.0,0.0237885879605487,0.0,0.0,0.6134887395638512,0.0,0.0,0.0,0.0,0.0,0.0,3,boundary_probe,,,,1,0.6134887395638512,0.0,0.6134887395638512,0.1902297513428384,0.2140183393033872,116.21288701009765,True,,0.4887143575877884,in_support,,,,,56.29510059337852,24.71832306905,0.0,0.0,0.9210541490292116,,,,64.94651366754601,0.0,0.0,0.0,0.75,0,,0.0,0.0789458509707884,0.0631566807766307,0.0,0.7700623660303885,,round_candidate,0.5,0.0,0.0,,,0.0,round6_empirical_combination_intact_v1,methylcellulose_pct,1,methylcellulose_pct=2,False,True,2,eligible:methylcellulose_pct;prior_distinct_formulations=2;graduation_threshold=3,,,False,True,0.6134887395638512,0.0,0.7072465268892338,round5_solubility_viscosity_v2,,0.5
