strategy,model_name,batch_id,formulation_id,stage,evidence,predicted,latent_lower,latent_upper,future_lower,future_upper,is_control,conditioning_ids,calibration_status,model_version,training_cutoff,training_sha256,created_at
current,Current GP,ROUND_010,v2_3e8ef993abba,before_batch,pre_outcome_challenger_after_slate_selection,65.31612900010757,63.37396877318869,67.25828922702644,62.55685620695616,68.07540179325898,False,[],not used,batch_gp_v1,9,c66b0484f9ee05a9880381a866622b0e034cd63a1a3b9802c0179de3c568e9d9,2026-09-16T07:47:10.852459+00:00
current,Current GP,ROUND_010,v2_6f20e63adb1d,before_batch,pre_outcome_challenger_after_slate_selection,45.06595846798198,43.94377833968057,46.18813859628339,42.80744385869681,47.32447307726715,False,[],not used,batch_gp_v1,9,c66b0484f9ee05a9880381a866622b0e034cd63a1a3b9802c0179de3c568e9d9,2026-09-16T07:47:10.852459+00:00
current,Current GP,ROUND_010,v2_4d49c0b641bb,before_batch,pre_outcome_challenger_after_slate_selection,3.5171400164100888,1.558621123143543,5.475658909676635,0.7463285368463826,6.287951495973795,False,[],not used,batch_gp_v1,9,c66b0484f9ee05a9880381a866622b0e034cd63a1a3b9802c0179de3c568e9d9,2026-09-16T07:47:10.852459+00:00
current,Current GP,ROUND_010,v2_a288e68df07e,before_batch,pre_outcome_challenger_after_slate_selection,38.00527453886523,29.980714545588043,46.02983453214242,29.74481673764714,46.26573234008332,False,[],not used,batch_gp_v1,9,c66b0484f9ee05a9880381a866622b0e034cd63a1a3b9802c0179de3c568e9d9,2026-09-16T07:47:10.852459+00:00
current,Current GP,ROUND_010,v2_211d2693ca45,before_batch,pre_outcome_challenger_after_slate_selection,82.43213385528881,65.45807842854586,99.40618928203176,65.34529220359256,99.51897550698506,False,[],not used,batch_gp_v1,9,c66b0484f9ee05a9880381a866622b0e034cd63a1a3b9802c0179de3c568e9d9,2026-09-16T07:47:10.852459+00:00
current,Current GP,ROUND_010,v2_55f87bb2c839,before_batch,pre_outcome_challenger_after_slate_selection,80.73511978596954,63.732049580678435,97.73818999126065,63.619454551861395,97.8507850200777,False,[],not used,batch_gp_v1,9,c66b0484f9ee05a9880381a866622b0e034cd63a1a3b9802c0179de3c568e9d9,2026-09-16T07:47:10.852459+00:00
current,Current GP,ROUND_010,v2_a409fb1db800,before_batch,pre_outcome_challenger_after_slate_selection,53.293553047808764,10.273121008119965,96.31398508749757,10.228495601179446,96.35861049443808,False,[],not used,batch_gp_v1,9,c66b0484f9ee05a9880381a866622b0e034cd63a1a3b9802c0179de3c568e9d9,2026-09-16T07:47:10.852459+00:00
current,Current GP,ROUND_010,v2_c60ceb90bc67,before_batch,pre_outcome_challenger_after_slate_selection,51.86898913845721,1.5162313529283367,102.22174692398607,1.4780989239736186,102.2598793529408,False,[],not used,batch_gp_v1,9,c66b0484f9ee05a9880381a866622b0e034cd63a1a3b9802c0179de3c568e9d9,2026-09-16T07:47:10.852459+00:00
current,Current GP,ROUND_010,v2_d3e3aa3e830f,before_batch,pre_outcome_challenger_after_slate_selection,52.821331428640335,2.434731969444343,103.20793088783633,2.3966251324064416,103.24603772487423,False,[],not used,batch_gp_v1,9,c66b0484f9ee05a9880381a866622b0e034cd63a1a3b9802c0179de3c568e9d9,2026-09-16T07:47:10.852459+00:00
current,Current GP,ROUND_010,v2_cc16b5977344,before_batch,pre_outcome_challenger_after_slate_selection,52.81359865204382,2.4269699790795443,103.2002273250081,2.3888631641189875,103.23833413996866,False,[],not used,batch_gp_v1,9,c66b0484f9ee05a9880381a866622b0e034cd63a1a3b9802c0179de3c568e9d9,2026-09-16T07:47:10.852459+00:00
current,Current GP,ROUND_010,v2_d36a198b8927,before_batch,pre_outcome_challenger_after_slate_selection,52.77813068007615,2.39159025842541,103.1646711017269,2.3534833767717416,103.20277798338057,False,[],not used,batch_gp_v1,9,c66b0484f9ee05a9880381a866622b0e034cd63a1a3b9802c0179de3c568e9d9,2026-09-16T07:47:10.852459+00:00
campaign,Proposed GP — campaign-only,ROUND_010,v2_3e8ef993abba,before_batch,pre_outcome_challenger_after_slate_selection,65.53973351758918,63.58872991988027,67.49073711529809,62.77422903589455,68.30523799928382,False,[],not used,batch_gp_v1,9,c66b0484f9ee05a9880381a866622b0e034cd63a1a3b9802c0179de3c568e9d9,2026-09-16T07:47:10.852459+00:00
campaign,Proposed GP — campaign-only,ROUND_010,v2_6f20e63adb1d,before_batch,pre_outcome_challenger_after_slate_selection,44.929950611400876,43.80297013271839,46.05693109008336,42.669047031119,47.19085419168275,False,[],not used,batch_gp_v1,9,c66b0484f9ee05a9880381a866622b0e034cd63a1a3b9802c0179de3c568e9d9,2026-09-16T07:47:10.852459+00:00
campaign,Proposed GP — campaign-only,ROUND_010,v2_4d49c0b641bb,before_batch,pre_outcome_challenger_after_slate_selection,3.530480849115932,1.5734118276365776,5.487549870595286,0.7606940062642735,6.300267691967591,False,[],not used,batch_gp_v1,9,c66b0484f9ee05a9880381a866622b0e034cd63a1a3b9802c0179de3c568e9d9,2026-09-16T07:47:10.852459+00:00
campaign,Proposed GP — campaign-only,ROUND_010,v2_a288e68df07e,before_batch,pre_outcome_challenger_after_slate_selection,36.90033217592694,20.3157636999419,53.484900651911985,20.200346800644816,53.600317551209066,False,[],not used,batch_gp_v1,9,c66b0484f9ee05a9880381a866622b0e034cd63a1a3b9802c0179de3c568e9d9,2026-09-16T07:47:10.852459+00:00
campaign,Proposed GP — campaign-only,ROUND_010,v2_211d2693ca45,before_batch,pre_outcome_challenger_after_slate_selection,74.94069206864475,56.26679969708451,93.614584440205,56.16422125263101,93.71716288465849,False,[],not used,batch_gp_v1,9,c66b0484f9ee05a9880381a866622b0e034cd63a1a3b9802c0179de3c568e9d9,2026-09-16T07:47:10.852459+00:00
campaign,Proposed GP — campaign-only,ROUND_010,v2_55f87bb2c839,before_batch,pre_outcome_challenger_after_slate_selection,61.33530054218965,37.30837445300048,85.36222663137882,37.22856336572052,85.44203771865878,False,[],not used,batch_gp_v1,9,c66b0484f9ee05a9880381a866622b0e034cd63a1a3b9802c0179de3c568e9d9,2026-09-16T07:47:10.852459+00:00
campaign,Proposed GP — campaign-only,ROUND_010,v2_a409fb1db800,before_batch,pre_outcome_challenger_after_slate_selection,32.660068527616865,-2.0877765466542897,67.40791360188803,-2.1430108951231617,67.4631479503569,False,[],not used,batch_gp_v1,9,c66b0484f9ee05a9880381a866622b0e034cd63a1a3b9802c0179de3c568e9d9,2026-09-16T07:47:10.852459+00:00
campaign,Proposed GP — campaign-only,ROUND_010,v2_c60ceb90bc67,before_batch,pre_outcome_challenger_after_slate_selection,31.645061736711906,-3.0347078623422057,66.32483133576602,-3.0900504618038376,66.38017393522765,False,[],not used,batch_gp_v1,9,c66b0484f9ee05a9880381a866622b0e034cd63a1a3b9802c0179de3c568e9d9,2026-09-16T07:47:10.852459+00:00
campaign,Proposed GP — campaign-only,ROUND_010,v2_d3e3aa3e830f,before_batch,pre_outcome_challenger_after_slate_selection,32.15976544773888,-3.5974426294017974,67.91697352487955,-3.651120180404064,67.97065107588182,False,[],not used,batch_gp_v1,9,c66b0484f9ee05a9880381a866622b0e034cd63a1a3b9802c0179de3c568e9d9,2026-09-16T07:47:10.852459+00:00
campaign,Proposed GP — campaign-only,ROUND_010,v2_cc16b5977344,before_batch,pre_outcome_challenger_after_slate_selection,32.0495866026413,-3.725707870628014,67.82488107591061,-3.7793583252955827,67.87853153057819,False,[],not used,batch_gp_v1,9,c66b0484f9ee05a9880381a866622b0e034cd63a1a3b9802c0179de3c568e9d9,2026-09-16T07:47:10.852459+00:00
campaign,Proposed GP — campaign-only,ROUND_010,v2_d36a198b8927,before_batch,pre_outcome_challenger_after_slate_selection,31.687175606400288,-4.059946075627202,67.43429728842779,-4.113638749556479,67.48798996235706,False,[],not used,batch_gp_v1,9,c66b0484f9ee05a9880381a866622b0e034cd63a1a3b9802c0179de3c568e9d9,2026-09-16T07:47:10.852459+00:00
campaign_noise,Proposed GP — campaign-only + fitted residual noise (matched comparison),ROUND_010,v2_3e8ef993abba,before_batch,pre_outcome_challenger_after_slate_selection,61.78479290299861,48.43525963273308,75.13432617326414,40.686940317269844,82.88264548872738,False,[],not used,batch_gp_v1,9,c66b0484f9ee05a9880381a866622b0e034cd63a1a3b9802c0179de3c568e9d9,2026-09-16T07:47:10.852459+00:00
campaign_noise,Proposed GP — campaign-only + fitted residual noise (matched comparison),ROUND_010,v2_6f20e63adb1d,before_batch,pre_outcome_challenger_after_slate_selection,44.39985108864198,36.09563942889635,52.704062748387614,26.07311443191362,62.72658774537034,False,[],not used,batch_gp_v1,9,c66b0484f9ee05a9880381a866622b0e034cd63a1a3b9802c0179de3c568e9d9,2026-09-16T07:47:10.852459+00:00
campaign_noise,Proposed GP — campaign-only + fitted residual noise (matched comparison),ROUND_010,v2_4d49c0b641bb,before_batch,pre_outcome_challenger_after_slate_selection,8.52701004906767,-6.335811977822143,23.389832075957482,-13.559475044722529,30.613495142857868,False,[],not used,batch_gp_v1,9,c66b0484f9ee05a9880381a866622b0e034cd63a1a3b9802c0179de3c568e9d9,2026-09-16T07:47:10.852459+00:00
campaign_noise,Proposed GP — campaign-only + fitted residual noise (matched comparison),ROUND_010,v2_a288e68df07e,before_batch,pre_outcome_challenger_after_slate_selection,36.34367082525313,17.208388877552824,55.478952772953434,11.18282106986528,61.50452058064097,False,[],not used,batch_gp_v1,9,c66b0484f9ee05a9880381a866622b0e034cd63a1a3b9802c0179de3c568e9d9,2026-09-16T07:47:10.852459+00:00
campaign_noise,Proposed GP — campaign-only + fitted residual noise (matched comparison),ROUND_010,v2_211d2693ca45,before_batch,pre_outcome_challenger_after_slate_selection,59.388438983220645,36.137024231719835,82.63985373472146,30.971232344609504,87.80564562183179,False,[],not used,batch_gp_v1,9,c66b0484f9ee05a9880381a866622b0e034cd63a1a3b9802c0179de3c568e9d9,2026-09-16T07:47:10.852459+00:00
campaign_noise,Proposed GP — campaign-only + fitted residual noise (matched comparison),ROUND_010,v2_55f87bb2c839,before_batch,pre_outcome_challenger_after_slate_selection,56.82856235679037,30.51871084684698,83.13841386673377,25.858938018247187,87.79818669533356,False,[],not used,batch_gp_v1,9,c66b0484f9ee05a9880381a866622b0e034cd63a1a3b9802c0179de3c568e9d9,2026-09-16T07:47:10.852459+00:00
campaign_noise,Proposed GP — campaign-only + fitted residual noise (matched comparison),ROUND_010,v2_a409fb1db800,before_batch,pre_outcome_challenger_after_slate_selection,32.617781116035296,-2.2993277275286914,67.53488995959928,-5.932365902990583,71.16792813506117,False,[],not used,batch_gp_v1,9,c66b0484f9ee05a9880381a866622b0e034cd63a1a3b9802c0179de3c568e9d9,2026-09-16T07:47:10.852459+00:00
campaign_noise,Proposed GP — campaign-only + fitted residual noise (matched comparison),ROUND_010,v2_c60ceb90bc67,before_batch,pre_outcome_challenger_after_slate_selection,31.951415687431467,-2.921943673151265,66.8247750480142,-6.559109345182133,70.46194072004506,False,[],not used,batch_gp_v1,9,c66b0484f9ee05a9880381a866622b0e034cd63a1a3b9802c0179de3c568e9d9,2026-09-16T07:47:10.852459+00:00
campaign_noise,Proposed GP — campaign-only + fitted residual noise (matched comparison),ROUND_010,v2_d3e3aa3e830f,before_batch,pre_outcome_challenger_after_slate_selection,32.37719858197825,-3.387718347471562,68.14211551142806,-6.9424991300548555,71.69689629401135,False,[],not used,batch_gp_v1,9,c66b0484f9ee05a9880381a866622b0e034cd63a1a3b9802c0179de3c568e9d9,2026-09-16T07:47:10.852459+00:00
campaign_noise,Proposed GP — campaign-only + fitted residual noise (matched comparison),ROUND_010,v2_cc16b5977344,before_batch,pre_outcome_challenger_after_slate_selection,32.29653982930096,-3.4823631913902418,68.07544284999216,-7.035879960984531,71.62895961958645,False,[],not used,batch_gp_v1,9,c66b0484f9ee05a9880381a866622b0e034cd63a1a3b9802c0179de3c568e9d9,2026-09-16T07:47:10.852459+00:00
campaign_noise,Proposed GP — campaign-only + fitted residual noise (matched comparison),ROUND_010,v2_d36a198b8927,before_batch,pre_outcome_challenger_after_slate_selection,31.965860072977684,-3.7909105650066337,67.722630710962,-7.346427976086993,71.27814812204235,False,[],not used,batch_gp_v1,9,c66b0484f9ee05a9880381a866622b0e034cd63a1a3b9802c0179de3c568e9d9,2026-09-16T07:47:10.852459+00:00
batch,Proposed GP — campaign-only + batch effect,ROUND_010,v2_3e8ef993abba,before_batch,pre_outcome_challenger_after_slate_selection,58.68856754788237,37.50873031115723,79.86840478460752,33.15692583111096,84.22020926465379,False,[],not used,batch_gp_v1,9,c66b0484f9ee05a9880381a866622b0e034cd63a1a3b9802c0179de3c568e9d9,2026-09-16T07:47:10.852459+00:00
batch,Proposed GP — campaign-only + batch effect,ROUND_010,v2_6f20e63adb1d,before_batch,pre_outcome_challenger_after_slate_selection,52.32003429661831,34.18227520358782,70.4577933896488,29.2493271488904,75.39074144434622,False,[],not used,batch_gp_v1,9,c66b0484f9ee05a9880381a866622b0e034cd63a1a3b9802c0179de3c568e9d9,2026-09-16T07:47:10.852459+00:00
batch,Proposed GP — campaign-only + batch effect,ROUND_010,v2_4d49c0b641bb,before_batch,pre_outcome_challenger_after_slate_selection,10.26064394723359,-11.410359322819094,31.931647217286272,-15.679895871938399,36.20118376640558,False,[],not used,batch_gp_v1,9,c66b0484f9ee05a9880381a866622b0e034cd63a1a3b9802c0179de3c568e9d9,2026-09-16T07:47:10.852459+00:00
batch,Proposed GP — campaign-only + batch effect,ROUND_010,v2_a288e68df07e,before_batch,pre_outcome_challenger_after_slate_selection,41.24308538607881,16.375881778163464,66.11028899399416,12.57852471166883,69.90764606048879,False,[],not used,batch_gp_v1,9,c66b0484f9ee05a9880381a866622b0e034cd63a1a3b9802c0179de3c568e9d9,2026-09-16T07:47:10.852459+00:00
batch,Proposed GP — campaign-only + batch effect,ROUND_010,v2_211d2693ca45,before_batch,pre_outcome_challenger_after_slate_selection,54.05102012893963,25.342623609122214,82.75941664875705,21.99713964437929,86.10490061349998,False,[],not used,batch_gp_v1,9,c66b0484f9ee05a9880381a866622b0e034cd63a1a3b9802c0179de3c568e9d9,2026-09-16T07:47:10.852459+00:00
batch,Proposed GP — campaign-only + batch effect,ROUND_010,v2_55f87bb2c839,before_batch,pre_outcome_challenger_after_slate_selection,53.18238943964246,22.181959211185013,84.18281966809991,19.060462505061643,87.30431637422328,False,[],not used,batch_gp_v1,9,c66b0484f9ee05a9880381a866622b0e034cd63a1a3b9802c0179de3c568e9d9,2026-09-16T07:47:10.852459+00:00
batch,Proposed GP — campaign-only + batch effect,ROUND_010,v2_a409fb1db800,before_batch,pre_outcome_challenger_after_slate_selection,32.98216900930712,-5.369309199206732,71.33364721782098,-7.933782698523487,73.89812071713773,False,[],not used,batch_gp_v1,9,c66b0484f9ee05a9880381a866622b0e034cd63a1a3b9802c0179de3c568e9d9,2026-09-16T07:47:10.852459+00:00
batch,Proposed GP — campaign-only + batch effect,ROUND_010,v2_c60ceb90bc67,before_batch,pre_outcome_challenger_after_slate_selection,33.791845066867886,-4.507890349570523,72.0915804833063,-7.075610889535859,74.65930102327164,False,[],not used,batch_gp_v1,9,c66b0484f9ee05a9880381a866622b0e034cd63a1a3b9802c0179de3c568e9d9,2026-09-16T07:47:10.852459+00:00
batch,Proposed GP — campaign-only + batch effect,ROUND_010,v2_d3e3aa3e830f,before_batch,pre_outcome_challenger_after_slate_selection,32.6169171056591,-6.4997907544088775,71.73362496572707,-9.017156165993256,74.25099037731145,False,[],not used,batch_gp_v1,9,c66b0484f9ee05a9880381a866622b0e034cd63a1a3b9802c0179de3c568e9d9,2026-09-16T07:47:10.852459+00:00
batch,Proposed GP — campaign-only + batch effect,ROUND_010,v2_cc16b5977344,before_batch,pre_outcome_challenger_after_slate_selection,32.61652203986245,-6.513290398642056,71.74633447836696,-9.029863695900453,74.26290777562537,False,[],not used,batch_gp_v1,9,c66b0484f9ee05a9880381a866622b0e034cd63a1a3b9802c0179de3c568e9d9,2026-09-16T07:47:10.852459+00:00
batch,Proposed GP — campaign-only + batch effect,ROUND_010,v2_d36a198b8927,before_batch,pre_outcome_challenger_after_slate_selection,32.551846980785655,-6.557468944373731,71.66116290594505,-9.075281379375575,74.17897534094689,False,[],not used,batch_gp_v1,9,c66b0484f9ee05a9880381a866622b0e034cd63a1a3b9802c0179de3c568e9d9,2026-09-16T07:47:10.852459+00:00
control,Proposed GP — campaign-only + batch effect + control calibration,ROUND_010,reference_b5a5b7b1176f,before_batch,pre_outcome_challenger_after_slate_selection,33.377662037037034,-65.89411207428228,132.64943614835636,-66.91273809472145,133.6680621687955,True,[],insufficient reference history; prior-sensitive,batch_gp_v1,9,c66b0484f9ee05a9880381a866622b0e034cd63a1a3b9802c0179de3c568e9d9,2026-09-16T07:47:10.852459+00:00
control,Proposed GP — campaign-only + batch effect + control calibration,ROUND_010,v2_3e8ef993abba,before_batch,pre_outcome_challenger_after_slate_selection,58.68856754788237,37.50873031115723,79.86840478460752,33.15692583111096,84.22020926465379,False,[],insufficient reference history; prior-sensitive,batch_gp_v1,9,c66b0484f9ee05a9880381a866622b0e034cd63a1a3b9802c0179de3c568e9d9,2026-09-16T07:47:10.852459+00:00
control,Proposed GP — campaign-only + batch effect + control calibration,ROUND_010,v2_6f20e63adb1d,before_batch,pre_outcome_challenger_after_slate_selection,52.32003429661831,34.18227520358782,70.4577933896488,29.2493271488904,75.39074144434622,False,[],insufficient reference history; prior-sensitive,batch_gp_v1,9,c66b0484f9ee05a9880381a866622b0e034cd63a1a3b9802c0179de3c568e9d9,2026-09-16T07:47:10.852459+00:00
control,Proposed GP — campaign-only + batch effect + control calibration,ROUND_010,v2_4d49c0b641bb,before_batch,pre_outcome_challenger_after_slate_selection,10.26064394723359,-11.410359322819094,31.931647217286272,-15.679895871938399,36.20118376640558,False,[],insufficient reference history; prior-sensitive,batch_gp_v1,9,c66b0484f9ee05a9880381a866622b0e034cd63a1a3b9802c0179de3c568e9d9,2026-09-16T07:47:10.852459+00:00
control,Proposed GP — campaign-only + batch effect + control calibration,ROUND_010,v2_a288e68df07e,before_batch,pre_outcome_challenger_after_slate_selection,41.24308538607881,16.375881778163464,66.11028899399416,12.57852471166883,69.90764606048879,False,[],insufficient reference history; prior-sensitive,batch_gp_v1,9,c66b0484f9ee05a9880381a866622b0e034cd63a1a3b9802c0179de3c568e9d9,2026-09-16T07:47:10.852459+00:00
control,Proposed GP — campaign-only + batch effect + control calibration,ROUND_010,v2_211d2693ca45,before_batch,pre_outcome_challenger_after_slate_selection,54.05102012893963,25.342623609122214,82.75941664875705,21.99713964437929,86.10490061349998,False,[],insufficient reference history; prior-sensitive,batch_gp_v1,9,c66b0484f9ee05a9880381a866622b0e034cd63a1a3b9802c0179de3c568e9d9,2026-09-16T07:47:10.852459+00:00
control,Proposed GP — campaign-only + batch effect + control calibration,ROUND_010,v2_55f87bb2c839,before_batch,pre_outcome_challenger_after_slate_selection,53.18238943964246,22.181959211185013,84.18281966809991,19.060462505061643,87.30431637422328,False,[],insufficient reference history; prior-sensitive,batch_gp_v1,9,c66b0484f9ee05a9880381a866622b0e034cd63a1a3b9802c0179de3c568e9d9,2026-09-16T07:47:10.852459+00:00
control,Proposed GP — campaign-only + batch effect + control calibration,ROUND_010,v2_a409fb1db800,before_batch,pre_outcome_challenger_after_slate_selection,32.98216900930712,-5.369309199206732,71.33364721782098,-7.933782698523487,73.89812071713773,False,[],insufficient reference history; prior-sensitive,batch_gp_v1,9,c66b0484f9ee05a9880381a866622b0e034cd63a1a3b9802c0179de3c568e9d9,2026-09-16T07:47:10.852459+00:00
control,Proposed GP — campaign-only + batch effect + control calibration,ROUND_010,v2_c60ceb90bc67,before_batch,pre_outcome_challenger_after_slate_selection,33.791845066867886,-4.507890349570523,72.0915804833063,-7.075610889535859,74.65930102327164,False,[],insufficient reference history; prior-sensitive,batch_gp_v1,9,c66b0484f9ee05a9880381a866622b0e034cd63a1a3b9802c0179de3c568e9d9,2026-09-16T07:47:10.852459+00:00
control,Proposed GP — campaign-only + batch effect + control calibration,ROUND_010,v2_d3e3aa3e830f,before_batch,pre_outcome_challenger_after_slate_selection,32.6169171056591,-6.4997907544088775,71.73362496572707,-9.017156165993256,74.25099037731145,False,[],insufficient reference history; prior-sensitive,batch_gp_v1,9,c66b0484f9ee05a9880381a866622b0e034cd63a1a3b9802c0179de3c568e9d9,2026-09-16T07:47:10.852459+00:00
control,Proposed GP — campaign-only + batch effect + control calibration,ROUND_010,v2_cc16b5977344,before_batch,pre_outcome_challenger_after_slate_selection,32.61652203986245,-6.513290398642056,71.74633447836696,-9.029863695900453,74.26290777562537,False,[],insufficient reference history; prior-sensitive,batch_gp_v1,9,c66b0484f9ee05a9880381a866622b0e034cd63a1a3b9802c0179de3c568e9d9,2026-09-16T07:47:10.852459+00:00
control,Proposed GP — campaign-only + batch effect + control calibration,ROUND_010,v2_d36a198b8927,before_batch,pre_outcome_challenger_after_slate_selection,32.551846980785655,-6.557468944373731,71.66116290594505,-9.075281379375575,74.17897534094689,False,[],insufficient reference history; prior-sensitive,batch_gp_v1,9,c66b0484f9ee05a9880381a866622b0e034cd63a1a3b9802c0179de3c568e9d9,2026-09-16T07:47:10.852459+00:00
