mechanical_definition_id,scope,round_id,provenance_class,formal_cohort,endpoint,endpoint_role,n_proposed,n_evaluated,completion_rate,mae,rmse,bias,r2,interval_95_coverage,interval_95_mean_width,interval_95_median_width,brier_score,accuracy
legacy_curve_maximum_v1,round,ROUND_001,reconstructed,False,critical_axial_load_N_per_needle,mechanical_secondary,12,0,0.0,,,,,,,,,
,round,ROUND_001,reconstructed,False,intact_patch_formation_pass,gate_secondary,12,12,1.0,,,,,,,,0.9166666666666666,0.08333333333333333
,round,ROUND_001,reconstructed,False,viability_percent,primary,12,12,1.0,21.38945887553776,25.38100200741181,21.18889174686328,-1.6853063968116513,1.0,232.8665884205615,233.96182674402996,,
legacy_curve_maximum_v1,round,ROUND_002,migration_frozen_supplementary,False,critical_axial_load_N_per_needle,mechanical_secondary,12,0,0.0,,,,,,,,,
,round,ROUND_002,migration_frozen_supplementary,False,intact_patch_formation_pass,gate_secondary,12,12,1.0,,,,,,,,0.7128247066743915,0.16666666666666666
,round,ROUND_002,migration_frozen_supplementary,False,viability_percent,primary,12,12,1.0,15.374186582161945,18.591959050472962,14.862607612421082,-0.4369633854784072,1.0,225.6962171941027,224.85043223110284,,
legacy_curve_maximum_v1,round,ROUND_003,formal_frozen,True,critical_axial_load_N_per_needle,mechanical_secondary,12,0,0.0,,,,,,,,,
,round,ROUND_003,formal_frozen,True,intact_patch_formation_pass,gate_secondary,12,12,1.0,,,,,,,,0.27391786297055615,0.5833333333333334
,round,ROUND_003,formal_frozen,True,viability_percent,primary,12,12,1.0,16.536584398699592,18.108306764727363,14.765135305195331,-2.614448211842298,0.9166666666666666,77.03061184755327,94.71840225803268,,
legacy_curve_maximum_v1,round,ROUND_004,formal_frozen,True,critical_axial_load_N_per_needle,mechanical_secondary,12,0,0.0,,,,,,,,,
,round,ROUND_004,formal_frozen,True,intact_patch_formation_pass,gate_secondary,12,12,1.0,,,,,,,,0.10714181846442115,0.8333333333333334
,round,ROUND_004,formal_frozen,True,viability_percent,primary,12,12,1.0,29.947990928664634,34.20448567639484,27.715012849880043,-2.2519619286568338,0.5833333333333334,76.62552528712116,89.6264959262339,,
legacy_curve_maximum_v1,round,ROUND_005,formal_frozen,True,critical_axial_load_N_per_needle,mechanical_secondary,12,0,0.0,,,,,,,,,
,round,ROUND_005,formal_frozen,True,intact_patch_formation_pass,gate_secondary,12,12,1.0,,,,,,,,0.18938258434728283,0.75
,round,ROUND_005,formal_frozen,True,viability_percent,primary,12,12,1.0,30.473503793586342,33.879606029715525,30.473503793586342,-2.5201373744763385,0.75,76.59497353330828,95.0070675609891,,
legacy_curve_maximum_v1,round,ROUND_006,formal_frozen,True,critical_axial_load_N_per_needle,mechanical_secondary,12,0,0.0,,,,,,,,,
,round,ROUND_006,formal_frozen,True,intact_patch_formation_pass,gate_secondary,12,12,1.0,,,,,,,,0.3441967892206077,0.5833333333333334
,round,ROUND_006,formal_frozen,True,viability_percent,primary,12,12,1.0,30.674374499006138,33.91426394376367,25.122825914499092,-3.209202462102069,0.6666666666666666,63.55967689604356,96.59163520708087,,
legacy_curve_maximum_v1,round,ROUND_007,formal_frozen,True,critical_axial_load_N_per_needle,mechanical_secondary,12,0,0.0,,,,,,,,,
,round,ROUND_007,formal_frozen,True,intact_patch_formation_pass,gate_secondary,12,12,1.0,,,,,,,,0.07469923835233049,0.9166666666666666
,round,ROUND_007,formal_frozen,True,viability_percent,primary,12,12,1.0,22.18776496960027,29.00029925263236,20.43958094525095,-1.597090165554111,0.6666666666666666,60.04486819641365,72.07728122297885,,
legacy_curve_maximum_v1,round,ROUND_008,formal_frozen,True,critical_axial_load_N_per_needle,mechanical_secondary,12,0,0.0,,,,,,,,,
,round,ROUND_008,formal_frozen,True,intact_patch_formation_pass,gate_secondary,12,12,1.0,,,,,,,,0.022683554101944964,1.0
,round,ROUND_008,formal_frozen,True,viability_percent,primary,12,12,1.0,34.91601052214724,36.94392404435877,32.825136890212086,-9.529726638669812,0.4166666666666667,65.61596590260959,99.55976583014854,,
legacy_curve_maximum_v1,round,ROUND_009,formal_frozen,True,critical_axial_load_N_per_needle,mechanical_secondary,12,0,0.0,,,,,,,,,
,round,ROUND_009,formal_frozen,True,intact_patch_formation_pass,gate_secondary,12,12,1.0,,,,,,,,0.2053015359302216,0.6666666666666666
,round,ROUND_009,formal_frozen,True,viability_percent,primary,12,12,1.0,22.30834567647157,25.993277154780067,18.720564181244274,-1.3711262142909741,0.5833333333333334,61.25328144233328,72.46227465195055,,
terminal_force_08mm_after_1N_v1,round,ROUND_010,formal_frozen,True,critical_axial_load_N_per_needle,mechanical_secondary,12,0,0.0,,,,,,,,,
,round,ROUND_010,formal_frozen,True,intact_patch_formation_pass,gate_secondary,12,11,0.9166666666666666,,,,,,,,0.014900285568741756,1.0
,round,ROUND_010,formal_frozen,True,viability_percent,primary,12,11,0.9166666666666666,31.44953266233153,35.364286263015124,31.44953266233153,-9.888141657811115,0.5454545454545454,53.01045507956781,34.006140380288294,,
legacy_curve_maximum_v1,pooled_all,ALL_COMPLETED,mixed,False,critical_axial_load_N_per_needle,mechanical_secondary,108,0,0.0,,,,,,,,,
legacy_curve_maximum_v1,pooled_reconstructed,reconstructed,reconstructed,False,critical_axial_load_N_per_needle,mechanical_secondary,12,0,0.0,,,,,,,,,
legacy_curve_maximum_v1,pooled_supplementary,migration_frozen_supplementary,migration_frozen_supplementary,False,critical_axial_load_N_per_needle,mechanical_secondary,12,0,0.0,,,,,,,,,
legacy_curve_maximum_v1,pooled_formal,FORMAL_COHORT,formal_frozen,True,critical_axial_load_N_per_needle,mechanical_secondary,84,0,0.0,,,,,,,,,
,pooled_all,ALL_COMPLETED,mixed,False,intact_patch_formation_pass,gate_secondary,120,119,0.9916666666666667,,,,,,,,0.2884510943024978,0.6554621848739496
,pooled_reconstructed,reconstructed,reconstructed,False,intact_patch_formation_pass,gate_secondary,12,12,1.0,,,,,,,,0.9166666666666666,0.08333333333333333
,pooled_supplementary,migration_frozen_supplementary,migration_frozen_supplementary,False,intact_patch_formation_pass,gate_secondary,12,12,1.0,,,,,,,,0.7128247066743915,0.16666666666666666
,pooled_formal,FORMAL_COHORT,formal_frozen,True,intact_patch_formation_pass,gate_secondary,96,95,0.9895833333333334,,,,,,,,0.15549246044110035,0.7894736842105263
,pooled_all,ALL_COMPLETED,mixed,False,viability_percent,primary,120,119,0.9916666666666667,25.475995817110533,29.812275697615455,23.69163000130653,-1.7260835960794045,0.7142857142857143,99.61821437408244,95.10873555306925,,
,pooled_reconstructed,reconstructed,reconstructed,False,viability_percent,primary,12,12,1.0,21.38945887553776,25.38100200741181,21.18889174686328,-1.6853063968116513,1.0,232.8665884205615,233.96182674402996,,
,pooled_supplementary,migration_frozen_supplementary,migration_frozen_supplementary,False,viability_percent,primary,12,12,1.0,15.374186582161945,18.591959050472962,14.862607612421082,-0.4369633854784072,1.0,225.6962171941027,224.85043223110284,,
,pooled_formal,FORMAL_COHORT,formal_frozen,True,viability_percent,primary,96,95,0.9895833333333334,27.268207965723754,31.436748130908814,25.12301029309542,-2.384447548492185,0.6421052631578947,66.86119834884045,91.83013774474415,,
terminal_force_08mm_after_1N_v1,pooled_all,ALL_COMPLETED,mixed,False,critical_axial_load_N_per_needle,mechanical_secondary,12,0,0.0,,,,,,,,,
terminal_force_08mm_after_1N_v1,pooled_reconstructed,reconstructed,reconstructed,False,critical_axial_load_N_per_needle,mechanical_secondary,0,0,,,,,,,,,,
terminal_force_08mm_after_1N_v1,pooled_supplementary,migration_frozen_supplementary,migration_frozen_supplementary,False,critical_axial_load_N_per_needle,mechanical_secondary,0,0,,,,,,,,,,
terminal_force_08mm_after_1N_v1,pooled_formal,FORMAL_COHORT,formal_frozen,True,critical_axial_load_N_per_needle,mechanical_secondary,12,0,0.0,,,,,,,,,
