endpoint,mechanical_definition_id,variant,cohort,n,mae,bias,rmse,r2,interval_95_coverage,interval_95_width,spearman,future_interval_95_coverage,future_interval_95_width
viability_percent,,campaign_bounds_learned,pooled,84,14.473081010636893,9.18979308300029,17.832903278162224,-0.03967688607796682,0.7261904761904762,47.511324463130734,0.5304167784657338,,
viability_percent,,campaign_bounds_learned,ROUND_003,12,6.062815799872751,-4.162286712096848,7.631062962546035,0.3581162309307082,0.9166666666666666,47.43069421489859,0.5779343363791357,,
viability_percent,,campaign_bounds_learned,ROUND_004,12,15.808528647871702,9.63801458632113,21.356795353208877,-0.26780218519850285,0.6666666666666666,42.0607636033166,0.09090909090909093,,
viability_percent,,campaign_bounds_learned,ROUND_005,12,17.482481853573937,16.299300615816488,21.170312502126805,-0.37447690532890765,0.5833333333333334,43.82931026139317,0.5734265734265735,,
viability_percent,,campaign_bounds_learned,ROUND_006,12,18.766123273877557,10.018945848151809,20.196219511450447,-0.4927091290273453,0.6666666666666666,44.681074257539514,0.3356643356643357,,
viability_percent,,campaign_bounds_learned,ROUND_007,12,14.518984341937392,11.431745155435939,17.06202231856898,0.1010343853074348,0.75,47.85104951458347,0.7762237762237763,,
viability_percent,,campaign_bounds_learned,ROUND_008,12,17.296670318053927,15.206666179143014,18.883720171694282,-1.7510986497081928,0.75,54.64393325033765,0.6713286713286714,,
viability_percent,,campaign_bounds_learned,ROUND_009,12,11.375962839270985,5.896165908230497,14.420968708316336,0.2701704123269172,0.75,52.0824461398461,0.6783216783216784,,
viability_percent,,campaign_bounds_learned,role:cold_start_graduation,6,23.805018827556523,23.805018827556523,24.60725249630468,-16.181307627936174,1.0,67.06127234963309,0.2571428571428572,,
viability_percent,,campaign_bounds_learned,role:rescue_candidate,11,11.884937362593782,3.5828303539474144,13.338759713423327,0.4055408347679691,0.6363636363636364,31.871366468098426,0.6636363636363638,,
viability_percent,,campaign_bounds_learned,role:retest_priority,9,12.768564828725491,-4.56456315675025,14.411869712936674,0.036995315949493235,0.0,3.782304469240717,0.7666666666666667,,
viability_percent,,campaign_bounds_learned,role:screening_candidate,58,14.263056853122391,10.875559319379583,18.219673970290764,-0.14730049410675616,0.8275862068965517,55.240652576429895,0.48187397147985545,,
viability_percent,,campaign_bounds_learned,support:model_supported,11,9.874060667568852,8.658645315961525,12.539932285780798,-0.021195776808170086,0.7272727272727273,43.57083759147337,0.5636363636363637,,
viability_percent,,campaign_bounds_learned,support:observed_retest,6,12.741095673042627,-0.4350931650797663,14.602965083874091,0.18076845025235244,0.0,3.7202923186202312,0.6571428571428573,,
viability_percent,,campaign_bounds_learned,support:unclassified_historical,48,14.529987393798985,7.948493584548146,18.509559987271338,-0.09176123683949333,0.7083333333333334,44.50046058428697,0.4236979945653493,,
viability_percent,,campaign_bounds_learned,support:unknown_cold_start,4,25.789337440068575,25.789337440068575,25.9824340015976,-68.42825971606534,1.0,71.63810528449578,0.0,,
viability_percent,,campaign_bounds_learned,support:unknown_prior_reversion,15,15.338721256624012,12.974869177889392,17.4327011068567,-0.857182252144864,1.0,71.118383886753,0.38928571428571423,,
viability_percent,,campaign_existing,pooled,84,15.184447995893477,10.40611743486287,18.39810153530085,-0.1066245571209814,0.7857142857142857,52.762125540567936,0.5852097845755969,,
viability_percent,,campaign_existing,ROUND_003,12,7.150968470278478,0.205876513672511,8.15499178936566,0.26695037383760956,0.9166666666666666,57.67390440808251,0.6164632921377448,,
viability_percent,,campaign_existing,ROUND_004,12,16.997666821074237,9.361785590286162,22.0480493143232,-0.3512000944158633,0.75,51.42734629548727,-0.06993006993006995,,
viability_percent,,campaign_existing,ROUND_005,12,17.37269497159691,15.218229307727801,20.43260265502022,-0.2803546656135789,0.75,57.57160489726606,0.8126107032724816,,
viability_percent,,campaign_existing,ROUND_006,12,19.57696795844276,13.309565595862304,21.636458987991244,-0.7131973572488555,0.8333333333333334,52.18531951997829,0.3152369107522558,,
viability_percent,,campaign_existing,ROUND_007,12,14.687651387008517,11.540316845308167,17.1939269193019,0.08708105037720337,0.8333333333333334,47.182370344110154,0.6690027772631207,,
viability_percent,,campaign_existing,ROUND_008,12,19.33709395618693,17.24653444871184,20.85630551177133,-2.3558752731542763,0.6666666666666666,53.76159818569234,0.5804195804195805,,
viability_percent,,campaign_existing,ROUND_009,12,11.168092406666474,5.960513742471307,14.162146721723479,0.29613272203799,0.75,49.532735133358905,0.7482517482517484,,
viability_percent,,campaign_existing,role:cold_start_graduation,6,25.37872308655344,25.37872308655344,26.043509515375373,-18.24549021556656,1.0,70.33638548656567,-0.3714285714285715,,
viability_percent,,campaign_existing,role:rescue_candidate,11,11.027534770812741,3.262562813723527,13.347690926012268,0.4047445060620902,0.8181818181818182,40.85600140619781,0.6090909090909091,,
viability_percent,,campaign_existing,role:retest_priority,9,12.775151500056523,-4.5648791982597,14.424302371458301,0.03533309267573548,0.0,3.781854402082475,0.7666666666666667,,
viability_percent,,campaign_existing,role:screening_candidate,58,15.29210426131521,12.535124962802398,18.81455396286859,-0.22344325778462326,0.8793103448275862,60.80254357588612,0.6020056601451951,,
viability_percent,,campaign_existing,support:model_supported,11,10.314282338306954,9.392505895591462,12.962130639107224,-0.09111723479091438,0.7272727272727273,37.554860016583696,0.5363636363636364,,
viability_percent,,campaign_existing,support:observed_retest,6,12.743470786212782,-0.42806233351754663,14.61053241628978,0.17991917016344716,0.0,3.717322951435051,0.6571428571428573,,
viability_percent,,campaign_existing,support:unclassified_historical,48,15.274574555348098,9.523864251887195,18.962119992556314,-0.14580117162533357,0.8125,54.71454378020354,0.5791830644011323,,
viability_percent,,campaign_existing,support:unknown_cold_start,4,26.028921803481374,26.028921803481374,26.21931490357791,-69.69998034216802,1.0,71.70273598810797,-0.7378647873726218,,
viability_percent,,campaign_existing,support:unknown_prior_reversion,15,16.55202902305096,14.1402334915713,18.788995092085802,-1.1574078900269513,1.0,72.23347347429825,0.15357142857142855,,
viability_percent,,campaign_existing_adaptive,pooled,84,14.90461293670551,10.443851420087576,18.249091162252643,-0.08877154521714092,0.8333333333333334,54.926500558313755,0.5907682650553893,,
viability_percent,,campaign_existing_adaptive,ROUND_003,12,7.110679251792483,0.28934568152353474,8.189331690269132,0.26076376999483586,1.0,58.997397020847096,0.6164632921377448,,
viability_percent,,campaign_existing_adaptive,ROUND_004,12,16.699077303447492,9.61556335068085,21.97842568503456,-0.34267989231035845,0.75,51.96387798952176,-0.06993006993006995,,
viability_percent,,campaign_existing_adaptive,ROUND_005,12,17.55317017604546,15.221410235760251,20.593718509300036,-0.3006260665407632,0.75,58.16575644624666,0.8126107032724816,,
viability_percent,,campaign_existing_adaptive,ROUND_006,12,18.794146559428654,13.616016831611153,21.10933687622935,-0.6307380530295796,0.8333333333333334,55.17042620101773,0.3152369107522558,,
viability_percent,,campaign_existing_adaptive,ROUND_007,12,13.999253151591498,11.159988891636425,16.909724429679684,0.1170113336158558,1.0,50.94195666082995,0.5989501304292861,,
viability_percent,,campaign_existing_adaptive,ROUND_008,12,19.404753720717462,17.572076659053685,20.84888029303206,-2.353486194963588,0.6666666666666666,56.790864100869214,0.5594405594405596,,
viability_percent,,campaign_existing_adaptive,ROUND_009,12,10.771210393915558,5.632558290347139,13.81191563311583,0.33051564780260645,0.8333333333333334,52.45522548886379,0.7692307692307694,,
viability_percent,,campaign_existing_adaptive,role:cold_start_graduation,6,25.381318757800006,25.381318757800006,26.046015997631024,-18.24919484692468,1.0,70.33639093473727,-0.3714285714285715,,
viability_percent,,campaign_existing_adaptive,role:rescue_candidate,11,10.834189602660468,3.2929284841953503,13.331820436509298,0.40615918967309417,0.8181818181818182,43.01529981690046,0.5909090909090909,,
viability_percent,,campaign_existing_adaptive,role:retest_priority,9,11.175930061625163,-3.651357121044285,13.258077771277485,0.18501640023119892,0.4444444444444444,17.90429385108019,0.75,,
viability_percent,,campaign_existing_adaptive,role:screening_candidate,58,15.171381344009854,12.441993232824242,18.73913130663715,-0.21365398651030287,0.8793103448275862,61.33621997662593,0.5987141626676511,,
viability_percent,,campaign_existing_adaptive,support:model_supported,11,9.798054942943269,8.827859101318909,12.315284285918068,0.015065136226824816,0.7272727272727273,40.58884772096116,0.5181818181818182,,
viability_percent,,campaign_existing_adaptive,support:observed_retest,6,11.547203475791946,-0.260344064920627,14.108052720454687,0.2353569887663789,0.5,17.564477312115457,0.6,,
viability_percent,,campaign_existing_adaptive,support:unclassified_historical,48,15.039268322678522,9.685584024893947,18.84026071024666,-0.1311216045201098,0.8333333333333334,56.07436441440831,0.5753290814983695,,
viability_percent,,campaign_existing_adaptive,support:unknown_cold_start,4,26.033258211542005,26.033258211542005,26.22312712935335,-69.72054105341991,1.0,71.70275588622374,-0.7378647873726218,,
viability_percent,,campaign_existing_adaptive,support:unknown_prior_reversion,15,16.593849941426573,14.179871168086317,18.838687579881782,-1.1688346569579808,1.0,72.23875617723965,0.1464285714285714,,
viability_percent,,campaign_mean,pooled,84,16.25384763558201,8.84235763888889,19.34621448976508,-0.22361918520583046,0.9404761904761905,67.93910366397208,0.18141762166875033,,
viability_percent,,campaign_mean,ROUND_003,12,8.166770833333336,1.58364583333334,9.655576437875487,-0.027644099361796126,1.0,65.17240009482043,,,
viability_percent,,campaign_mean,ROUND_004,12,17.44581018518519,11.535763888888894,22.200007012328065,-0.3698895318008115,0.75,57.25340930658873,,,
viability_percent,,campaign_mean,ROUND_005,12,20.751744791666667,14.611406250000002,23.22860054015153,-0.6547370858713322,0.8333333333333334,65.14663151097523,,,
viability_percent,,campaign_mean,ROUND_006,12,18.63811111111111,13.665999999999997,21.447903846159353,-0.6834674825560749,1.0,70.24087223166488,,,
viability_percent,,campaign_mean,ROUND_007,12,19.13618055555556,8.900208333333337,20.07596431305252,-0.24461462222276986,1.0,72.20649489898722,,,
viability_percent,,campaign_mean,ROUND_008,12,15.532986111111109,14.4425,18.390347752323468,-1.609221416237756,1.0,73.00863451422471,,,
viability_percent,,campaign_mean,ROUND_009,12,14.10532986111111,-2.8430208333333327,17.11817577589771,-0.02836564617101378,1.0,72.54528309054344,,,
viability_percent,,campaign_mean,role:cold_start_graduation,6,25.408652777777775,25.408652777777775,26.073262353181796,-18.289488512360165,1.0,70.896079787439,-0.2070196678027063,,
viability_percent,,campaign_mean,role:rescue_candidate,11,15.213378787878789,-2.254272095959593,17.005668103224387,0.03377442976493483,1.0,67.31101214509277,0.2890029883456697,,
viability_percent,,campaign_mean,role:retest_priority,9,15.176483796296294,3.7913912037037045,16.468020871604875,-0.25739162215564537,1.0,71.24166328507344,-0.3475075456056653,,
viability_percent,,campaign_mean,role:screening_candidate,58,15.67130627394636,10.016906848659005,19.359758112344718,-0.2953759558394018,0.9137931034482759,67.2398642394369,0.2630141877895365,,
viability_percent,,campaign_mean,support:model_supported,11,11.932954545454544,-6.256363636363634,14.375342737048301,-0.3420078099216646,1.0,72.54845595461789,-0.3370999312316211,,
viability_percent,,campaign_mean,support:observed_retest,6,15.621354166666668,-1.4562847222222206,16.946904023411847,-0.103329716577373,1.0,72.58680416791846,-0.4780914437337575,,
viability_percent,,campaign_mean,support:unclassified_historical,48,16.250609230324077,10.349203993055557,19.910116336570567,-0.2632318770972799,0.8958333333333334,64.45332828601231,0.3672162097007598,,
viability_percent,,campaign_mean,support:unknown_cold_start,4,26.06729166666667,26.06729166666667,26.25313718439321,-69.88250051211931,1.0,72.20649489898722,,,
viability_percent,,campaign_mean,support:unknown_prior_reversion,15,17.068944444444448,14.618986111111115,19.421851361275504,-1.3051883118116585,1.0,72.71634199605387,-0.04492735963160581,,
viability_percent,,campaign_median,pooled,84,16.00452380952381,7.659166666666666,18.998199389929663,-0.1799922733717585,0.9404761904761905,67.93910366397209,0.18141762166875033,,
viability_percent,,campaign_median,ROUND_003,12,7.635416666666667,-1.3541666666666667,9.620602350338222,-0.02021298989589715,1.0,65.17240009482043,,,
viability_percent,,campaign_median,ROUND_004,12,16.278333333333332,8.033333333333331,20.59856566102763,-0.17937871121647486,0.75,57.25340930658873,,,
viability_percent,,campaign_median,ROUND_005,12,19.89375,12.895416666666668,22.189332154400983,-0.5099806144927865,0.8333333333333334,65.14663151097523,,,
viability_percent,,campaign_median,ROUND_006,12,18.499374999999997,13.249791666666667,21.18513636029201,-0.6424703998860191,1.0,70.24087223166494,,,
viability_percent,,campaign_median,ROUND_007,12,19.12666666666667,8.871666666666668,20.06332734534994,-0.24304825116980622,1.0,72.2064948989872,,,
viability_percent,,campaign_median,ROUND_008,12,16.377083333333335,15.45541666666667,19.19606700711546,-1.8428606081581793,1.0,73.00863451422471,,,
viability_percent,,campaign_median,ROUND_009,12,14.221041666666666,-3.537291666666667,17.24707531063842,-0.04391110225128969,1.0,72.54528309054344,,,
viability_percent,,campaign_median,role:cold_start_graduation,6,25.121666666666666,25.121666666666666,25.79390540903025,-17.878355862152887,1.0,70.89607978743902,-0.2070196678027063,,
viability_percent,,campaign_median,role:rescue_candidate,11,15.706136363636363,-3.522045454545454,17.4447725466555,-0.016767723700701787,1.0,67.31101214509279,0.2890029883456697,,
viability_percent,,campaign_median,role:retest_priority,9,15.136944444444445,3.436944444444445,16.52499359135865,-0.26610680884249294,1.0,71.24166328507344,-0.3475075456056653,,
viability_percent,,campaign_median,role:screening_candidate,58,15.25258620689655,8.62844827586207,18.809892705105636,-0.22283712298398006,0.9137931034482759,67.23986423943688,0.2630141877895365,,
viability_percent,,campaign_median,support:model_supported,11,12.277500000000002,-6.242954545454544,14.638209632670247,-0.3915363389659574,1.0,72.54845595461788,-0.3370999312316211,,
viability_percent,,campaign_median,support:observed_retest,6,16.190416666666668,-1.359583333333332,17.40927665187921,-0.1643566532374472,1.0,72.58680416791844,-0.4780914437337575,,
viability_percent,,campaign_median,support:unclassified_historical,48,15.57671875,8.206093749999999,19.09210151435339,-0.1615634843674696,0.8958333333333334,64.45332828601232,0.3672162097007598,,
viability_percent,,campaign_median,support:unknown_cold_start,4,26.03875,26.03875,26.2247977828238,-69.7295524333643,1.0,72.20649489898719,,,
viability_percent,,campaign_median,support:unknown_prior_reversion,15,17.356499999999997,14.810166666666667,19.824809110051984,-1.4018350890008136,1.0,72.71634199605387,-0.04492735963160581,,
viability_percent,,current_mixed,pooled,84,26.72065354116798,24.29453712569545,30.885465734898144,-2.118620935889475,0.6547619047619048,68.67498615791185,0.44636158152614736,,
viability_percent,,current_mixed,ROUND_003,12,16.536584398699606,14.765135305195315,18.108306764727367,-2.614448211842299,0.9166666666666666,77.03061184755327,0.5989501304292861,,
viability_percent,,current_mixed,ROUND_004,12,29.947990928664577,27.715012849879987,34.2044856763948,-2.251961928656827,0.5833333333333334,76.62552528712119,0.09090909090909093,,
viability_percent,,current_mixed,ROUND_005,12,30.47350379358647,30.47350379358647,33.87960602971565,-2.520137374476364,0.75,76.59497353330833,0.7323649216501577,,
viability_percent,,current_mixed,ROUND_006,12,30.674374499006163,25.122825914499117,33.914263943763686,-3.2092024621020734,0.6666666666666666,63.559676896043584,0.33625270480240615,,
viability_percent,,current_mixed,ROUND_007,12,22.187764969600277,20.439580945250952,29.00029925263236,-1.597090165554111,0.6666666666666666,60.04486819641366,0.21366057284319562,,
viability_percent,,current_mixed,ROUND_008,12,34.916010522147225,32.82513689021208,36.94392404435876,-9.529726638669809,0.4166666666666667,65.61596590260959,0.07692307692307693,,
viability_percent,,current_mixed,ROUND_009,12,22.308345676471557,18.72056418124426,25.993277154780063,-1.3711262142909741,0.5833333333333334,61.25328144233328,-0.013986013986013986,,
viability_percent,,current_mixed,role:cold_start_graduation,6,43.41735322431481,43.41735322431481,43.90029624240039,-53.68457793117378,1.0,97.3992794708228,-0.942857142857143,,
viability_percent,,current_mixed,role:rescue_candidate,11,11.319342253185793,6.948695094679576,13.780522861998845,0.3655133030858563,0.5454545454545454,32.707897174894136,0.6454545454545455,,
viability_percent,,current_mixed,role:retest_priority,9,12.73333697287101,-4.5685141555872075,14.443185905900002,0.032805657487248396,0.0,3.768997971378462,0.7666666666666667,,
viability_percent,,current_mixed,role:screening_candidate,58,30.08479276847136,30.08479276847136,33.37323156122911,-2.8493952114914407,0.7413793103448276,82.59647085816235,0.5926427626782677,,
viability_percent,,current_mixed,support:model_supported,11,16.535318168420428,15.577820135115372,21.114725544328294,-1.8952729230561935,0.36363636363636365,29.79777618692268,0.48181818181818187,,
viability_percent,,current_mixed,support:observed_retest,6,12.672749733944988,-0.4255155080192819,14.629302914559757,0.17781066193875295,0.0,3.696941560648305,0.6571428571428573,,
viability_percent,,current_mixed,support:unclassified_historical,48,26.908113404989205,24.519119465790222,30.8052861447844,-2.0240291660630674,0.7291666666666666,73.4526968910066,0.5245751058746276,,
viability_percent,,current_mixed,support:unknown_cold_start,4,45.2206616537013,45.2206616537013,45.328049338746055,-210.30543786122118,0.75,98.46678655428039,-0.7378647873726218,,
viability_percent,,current_mixed,support:unknown_prior_reversion,15,34.27585394316859,34.27585394316859,36.67104290893947,-7.218104877256849,0.8666666666666667,99.94300352394114,-0.33571428571428563,,
viability_percent,,legacy_correction,pooled,84,15.170542067015747,9.916998099008659,18.52082481884264,-0.12143712352013303,0.9880952380952381,98.19609308324438,0.48985253396194084,,
viability_percent,,legacy_correction,ROUND_003,12,6.679350354767332,-1.4024398208956281,8.343975658690326,0.23258130050783843,1.0,104.54446030334093,0.45884483676161686,,
viability_percent,,legacy_correction,ROUND_004,12,18.438257420318745,13.286724647583435,24.145849612763833,-0.6205569827385284,1.0,97.2339374861097,0.006993006993006993,,
viability_percent,,legacy_correction,ROUND_005,12,17.14002282523707,11.942220351639717,19.398314597775123,-0.154013544299763,1.0,99.08436881690265,0.43356643356643365,,
viability_percent,,legacy_correction,ROUND_006,12,20.26696246011241,13.862592381517047,22.175906583712173,-0.799690362804425,0.9166666666666666,95.34791849795636,0.32224217543563927,,
viability_percent,,legacy_correction,ROUND_007,12,13.105733648147174,9.60064748398097,16.068718648368332,0.2026581449840159,1.0,94.37234488361896,0.5288974835954515,,
viability_percent,,legacy_correction,ROUND_008,12,18.80257463990824,15.930126767688405,20.217679612821602,-2.1535060708469524,1.0,98.65239078512634,0.5664335664335665,,
viability_percent,,legacy_correction,ROUND_009,12,11.760893120619253,6.199114881546662,14.610918879587034,0.2508174451510917,1.0,98.13723080965578,0.7202797202797203,,
viability_percent,,legacy_correction,role:cold_start_graduation,6,23.83379731090037,23.83379731090037,24.683090357321383,-16.287374039743966,1.0,118.22585959972123,-0.2571428571428572,,
viability_percent,,legacy_correction,role:rescue_candidate,11,10.37495806173857,0.39628966407061356,11.985447505271424,0.5200459760831835,1.0,64.12398585553234,0.6545454545454547,,
viability_percent,,legacy_correction,role:retest_priority,9,12.772246464039135,-4.59051105012106,14.420198636987534,0.035881912799626714,1.0,75.71115217296895,0.7666666666666667,,
viability_percent,,legacy_correction,role:screening_candidate,58,15.555999877731793,12.534146027545479,19.345582512101284,-0.29347965023169964,0.9827586206896551,106.07504219701077,0.4739068244250656,,
viability_percent,,legacy_correction,support:model_supported,11,8.6120087863253,6.006861699718893,10.724616394799073,0.25306611582018324,1.0,70.15490373532502,0.7000000000000001,,
viability_percent,,legacy_correction,support:observed_retest,6,12.726312866613512,-0.4537097457363994,14.587154262604647,0.1825414753188881,1.0,72.97875992153365,0.6571428571428573,,
viability_percent,,legacy_correction,support:unclassified_historical,48,15.631148265108889,9.422274389961144,19.498137253073743,-0.21149528272415674,0.9791666666666666,99.05267127607742,0.3342018129512023,,
viability_percent,,legacy_correction,support:unknown_cold_start,4,24.31972056875277,24.31972056875277,24.761810387283294,-62.058175537962555,1.0,118.83866931526589,-0.316227766016838,,
viability_percent,,legacy_correction,support:unknown_prior_reversion,15,17.04410405198837,14.675104473406126,19.271319042755717,-1.2695932932725187,1.0,120.60082799079815,0.125,,
viability_percent,,sens_amplitude_learned,pooled,84,15.184720063136703,10.407528007927738,18.39841723421238,-0.10666253529659686,0.7738095238095238,51.90302388928688,0.5852097845755969,0.7738095238095238,52.211099637082086
viability_percent,,sens_amplitude_learned,ROUND_003,12,7.150563824477808,0.20670832884071308,8.155339968428015,0.2668877770903185,0.9166666666666666,52.218508603781174,0.6164632921377448,0.9166666666666666,52.47852209266417
viability_percent,,sens_amplitude_learned,ROUND_004,12,16.994537317287996,9.364421088162665,22.04731959772205,-0.3511106554990886,0.75,45.933705439662425,-0.06993006993006995,0.75,46.10317668143088
viability_percent,,sens_amplitude_learned,ROUND_005,12,17.373752352812044,15.218427803081894,20.433703885415923,-0.2804926806765089,0.75,53.23475953729976,0.8126107032724816,0.75,53.38334165838631
viability_percent,,sens_amplitude_learned,ROUND_006,12,19.572267651382155,13.311656193554304,21.63299476269447,-0.7126487992332888,0.75,49.14882352021331,0.3152369107522558,0.75,49.535964887543095
viability_percent,,sens_amplitude_learned,ROUND_007,12,14.693091854610662,11.543500180037212,17.196813018970662,0.08677454724716649,0.8333333333333334,51.49322255227704,0.6690027772631207,0.8333333333333334,51.8900493367722
viability_percent,,sens_amplitude_learned,ROUND_008,12,19.335173412984414,17.243299885809094,20.855454141535695,-2.3556012999900346,0.6666666666666666,57.08155312490445,0.5804195804195805,0.6666666666666666,57.45709591082696
viability_percent,,sens_amplitude_learned,ROUND_009,12,11.173654028401849,5.964682576008286,14.167404959470813,0.29560994979865973,0.75,54.21059444687009,0.7482517482517484,0.75,54.62954689195104
viability_percent,,sens_amplitude_learned,role:cold_start_graduation,6,25.378707087742146,25.378707087742146,26.043497093832777,-18.24547185716372,1.0,69.81850885039226,-0.3714285714285715,1.0,69.92924659970474
viability_percent,,sens_amplitude_learned,role:rescue_candidate,11,11.025695497890958,3.2641796107466616,13.347476893405164,0.4047635959652792,0.8181818181818182,39.40298604958412,0.6090909090909091,0.8181818181818182,39.60943215129696
viability_percent,,sens_amplitude_learned,role:retest_priority,9,12.7756716262164,-4.560175623557438,14.421577851171383,0.035697478595247634,0.0,3.7824564819434503,0.7666666666666667,0.0,5.454347891446643
viability_percent,,sens_amplitude_learned,role:screening_candidate,58,15.292768063177277,12.536133017815185,18.815355713597725,-0.2235475299800258,0.8620689655172413,59.887379288186715,0.6020056601451951,0.8620689655172413,60.02351733154106
viability_percent,,sens_amplitude_learned,support:model_supported,11,10.319807806949457,9.397912774783356,12.969168013073737,-0.0923023307695674,0.7272727272727273,40.69648846004368,0.5363636363636364,0.7272727272727273,40.90198374835636
viability_percent,,sens_amplitude_learned,support:observed_retest,6,12.752252756705067,-0.42900875271662403,14.614762016566115,0.17944429134727957,0.0,3.71893594141137,0.6571428571428573,0.0,5.413373726249074
viability_percent,,sens_amplitude_learned,support:unclassified_historical,48,15.272780286489999,9.525303353409894,18.96125383726223,-0.1456964977719153,0.7916666666666666,50.13394927523917,0.5791830644011323,0.7916666666666666,50.37525133000611
viability_percent,,sens_amplitude_learned,support:unknown_cold_start,4,26.02884431306734,26.02884431306734,26.219246904690802,-69.69961362673206,1.0,78.36538978997118,-0.7378647873726218,1.0,78.46337181727743
viability_percent,,sens_amplitude_learned,support:unknown_prior_reversion,15,16.55175012553462,14.139961762911243,18.78867167678596,-1.157333619666975,1.0,77.99919290798569,0.15357142857142855,1.0,78.09765032107187
viability_percent,,sens_ard_learned,pooled,84,14.807485325603178,6.036051517790896,17.798172440824448,-0.035631141424259605,0.6309523809523809,37.85354556948564,0.408705248684483,0.6428571428571429,38.25708023300031
viability_percent,,sens_ard_learned,ROUND_003,12,12.436583188893783,-9.392256311938578,14.545373943601822,-1.3320405737083858,0.5833333333333334,27.838616528111643,0.6199659244794364,0.6666666666666666,28.268018624215188
viability_percent,,sens_ard_learned,ROUND_004,12,16.89459366207951,3.3172501492771325,19.777616251795795,-0.0872444905166272,0.5,35.84507195297939,0.11188811188811189,0.5,36.123252100984296
viability_percent,,sens_ard_learned,ROUND_005,12,17.52525760993398,16.206346605520967,21.26396388019677,-0.38666438438502526,0.5833333333333334,36.41463923118592,0.4413316750531582,0.5833333333333334,36.75668904723553
viability_percent,,sens_ard_learned,ROUND_006,12,18.39439128513621,9.41236088584405,20.406346034845868,-0.5239317513178707,0.6666666666666666,42.70468873716492,0.3012263813854889,0.6666666666666666,43.14624093376537
viability_percent,,sens_ard_learned,ROUND_007,12,12.690693601928517,8.931837029524333,15.02186093520711,0.3031656620434735,0.75,37.474512899126864,0.6619975125797373,0.75,37.94615866006479
viability_percent,,sens_ard_learned,ROUND_008,12,14.114538234961742,10.159531561331253,16.526656348093038,-1.1071771315989385,0.6666666666666666,43.392665343381644,0.6923076923076924,0.6666666666666666,43.805332651158864
viability_percent,,sens_ard_learned,ROUND_009,12,11.596339696288517,3.617290704977116,15.727071993028593,0.13198276863349034,0.6666666666666666,41.30462429444908,0.4825174825174825,0.6666666666666666,41.7538696135781
viability_percent,,sens_ard_learned,role:cold_start_graduation,6,19.8118874686555,19.8118874686555,21.826978361206855,-12.51814804860888,1.0,63.11579671283054,-0.3714285714285715,1.0,63.240201385255524
viability_percent,,sens_ard_learned,role:rescue_candidate,11,10.845992573615094,4.76867450963978,13.598377512303701,0.3821752297364597,0.45454545454545453,25.277939685313164,0.6272727272727273,0.45454545454545453,25.78127970295204
viability_percent,,sens_ard_learned,role:retest_priority,9,12.757369867912214,-4.579481385990324,14.41153666205604,0.03703982451895971,0.0,3.771892662490441,0.7666666666666667,0.0,5.446848539809391
viability_percent,,sens_ard_learned,role:screening_candidate,58,15.359227507202725,6.49856750948927,18.498502809883302,-0.18268513380794382,0.7241379310344828,42.91377029411986,0.27516303679094384,0.7413793103448276,43.12996237361614
viability_percent,,sens_ard_learned,support:model_supported,11,10.191031151237604,7.185287104175092,13.08345900648261,-0.1116390217550518,0.6363636363636364,38.73375788706233,0.3727272727272728,0.6363636363636364,38.98990179319334
viability_percent,,sens_ard_learned,support:observed_retest,6,12.720521189543584,-0.4536884666607512,14.60236241267476,0.1808360689954781,0.0,3.7111339934026746,0.6571428571428573,0.0,5.407793115592135
viability_percent,,sens_ard_learned,support:unclassified_historical,48,16.31270643651087,4.885925332175893,19.178745567389768,-0.172130255851769,0.5833333333333334,35.700754112360464,0.30365042757825067,0.6041666666666666,36.07355017655009
viability_percent,,sens_ard_learned,support:unknown_cold_start,4,19.69093731550152,19.69093731550152,21.829308744492526,-48.00682654985825,1.0,55.646864971979674,-0.7378647873726218,1.0,55.8005304888616
viability_percent,,sens_ard_learned,support:unknown_prior_reversion,15,12.908709289017606,7.828275662801656,16.0937564067339,-0.5828508870811082,0.9333333333333333,53.00906865583138,0.18214285714285713,0.9333333333333333,53.16843538156634
viability_percent,,sens_baseline,pooled,84,15.184447995893471,10.406117434862866,18.398101535300853,-0.10662455712098184,0.7857142857142857,52.76212554056794,0.585664167693809,0.7857142857142857,53.06750877514802
viability_percent,,sens_baseline,ROUND_003,12,7.150968470278481,0.20587651367251456,8.15499178936566,0.26695037383760944,0.9166666666666666,57.673904408082514,0.6164632921377448,0.9166666666666666,57.92205920617412
viability_percent,,sens_baseline,ROUND_004,12,16.997666821074244,9.361785590286166,22.048049314323215,-0.35120009441586486,0.75,51.42734629548727,-0.06993006993006995,0.75,51.57878202502389
viability_percent,,sens_baseline,ROUND_005,12,17.37269497159691,15.218229307727801,20.432602655020215,-0.2803546656135787,0.75,57.57160489726606,0.8126107032724816,0.75,57.70903992075525
viability_percent,,sens_baseline,ROUND_006,12,19.576967958442765,13.309565595862303,21.63645898799125,-0.7131973572488566,0.8333333333333334,52.18531951997829,0.3450789794499594,0.8333333333333334,52.56559519895148
viability_percent,,sens_baseline,ROUND_007,12,14.687651387008506,11.540316845308155,17.193926919301905,0.08708105037720315,0.8333333333333334,47.182370344110154,0.6690027772631207,0.8333333333333334,47.590790181720365
viability_percent,,sens_baseline,ROUND_008,12,19.33709395618691,17.246534448711824,20.85630551177131,-2.3558752731542705,0.6666666666666666,53.76159818569236,0.5804195804195805,0.6666666666666666,54.14369582252136
viability_percent,,sens_baseline,ROUND_009,12,11.168092406666473,5.960513742471304,14.16214672172352,0.296132722037986,0.75,49.532735133358905,0.7482517482517484,0.75,49.96259907088972
viability_percent,,sens_baseline,role:cold_start_graduation,6,25.37872308655344,25.37872308655344,26.043509515375373,-18.245490215566562,1.0,70.33638548656567,-0.23190841426097938,1.0,70.44555620074608
viability_percent,,sens_baseline,role:rescue_candidate,11,11.027534770812649,3.2625628137234743,13.347690926012225,0.4047445060620941,0.8181818181818182,40.85600140619783,0.6090909090909091,0.8181818181818182,41.06010823880768
viability_percent,,sens_baseline,role:retest_priority,9,12.775151500056596,-4.56487919825971,14.424302371458383,0.03533309267572449,0.0,3.7818544020824922,0.7666666666666667,0.0,5.453962252894192
viability_percent,,sens_baseline,role:screening_candidate,58,15.292104261315213,12.535124962802401,18.81455396286859,-0.22344325778462348,0.8793103448275862,60.80254357588612,0.6020056601451951,0.8793103448275862,60.93535429319009
viability_percent,,sens_baseline,support:model_supported,11,10.314282338306858,9.39250589559143,12.962130639107167,-0.09111723479090461,0.7272727272727273,37.55486001658371,0.5363636363636364,0.7272727272727273,37.77777905741274
viability_percent,,sens_baseline,support:observed_retest,6,12.743470786212887,-0.42806233351756023,14.610532416289898,0.17991917016343406,0.0,3.717322951435065,0.6571428571428573,0.0,5.4122939814946776
viability_percent,,sens_baseline,support:unclassified_historical,48,15.274574555348101,9.523864251887195,18.962119992556318,-0.14580117162533401,0.8125,54.71454378020354,0.5800988037013373,0.8125,54.94386908772619
viability_percent,,sens_baseline,support:unknown_cold_start,4,26.028921803481374,26.028921803481374,26.21931490357791,-69.69998034216802,1.0,71.70273598810797,-0.7378647873726218,1.0,71.80980955400535
viability_percent,,sens_baseline,support:unknown_prior_reversion,15,16.552029023050967,14.140233491571303,18.78899509208581,-1.1574078900269527,1.0,72.23347347429825,0.15357142857142855,1.0,72.33976327766986
viability_percent,,sens_bounds,pooled,84,13.236442171723318,5.6345643526150955,16.651037024522957,0.09356460913002673,0.4880952380952381,27.592605833483624,0.558856732095508,0.5119047619047619,28.201659044700033
viability_percent,,sens_bounds,ROUND_003,12,8.972372080918884,-8.272477575407786,10.524736195196512,-0.2209805851883846,0.8333333333333334,40.40748690073442,0.5008764248619176,0.8333333333333334,40.72901884211412
viability_percent,,sens_bounds,ROUND_004,12,14.275593869593964,7.982314869844141,19.639886991832068,-0.07215430254191268,0.5833333333333334,32.407084202107185,0.3426573426573427,0.5833333333333334,32.71025106458227
viability_percent,,sens_bounds,ROUND_005,12,18.168246389815824,16.956153551056534,21.82012148444407,-0.46014920979240226,0.4166666666666667,33.11629962388562,0.5874125874125874,0.4166666666666667,33.54089835802668
viability_percent,,sens_bounds,ROUND_006,12,16.933299521079984,8.86719682531451,18.662684873557087,-0.27462745832959845,0.16666666666666666,16.410329471556786,0.32867132867132864,0.16666666666666666,17.21937501872433
viability_percent,,sens_bounds,ROUND_007,12,9.134718741938459,6.510076767412034,10.13467853190372,0.6828227538350875,0.5833333333333334,23.33595346515294,0.9090909090909092,0.6666666666666666,24.20561380130233
viability_percent,,sens_bounds,ROUND_008,12,14.130520101320732,1.6867132324952399,17.358560475962733,-1.3246547655706,0.4166666666666667,19.726870866944207,0.6713286713286714,0.4166666666666667,20.422328527624927
viability_percent,,sens_bounds,ROUND_009,12,11.040344497395388,5.711972797591,14.692146401582939,0.24246432258322748,0.4166666666666667,27.744216304004166,0.5874125874125874,0.5,28.58412770052557
viability_percent,,sens_bounds,role:cold_start_graduation,6,14.920656844082373,14.920656844082373,17.42902168955646,-7.619379119685924,0.5,35.24900936668163,0.14285714285714288,0.5,35.52113941620825
viability_percent,,sens_bounds,role:rescue_candidate,11,13.414380724376047,5.481695047790233,14.946165916370695,0.25363592535240786,0.09090909090909091,8.438351144692577,0.6272727272727273,0.18181818181818182,9.51005625264321
viability_percent,,sens_bounds,role:retest_priority,9,11.32034684818772,-4.470280116496802,13.514075296209292,0.15323984533808976,0.1111111111111111,3.5757537137744126,0.6833333333333333,0.1111111111111111,5.318637574482088
viability_percent,,sens_bounds,role:screening_candidate,58,13.325791237214458,6.270919656516422,17.30359109698674,-0.03482870117386683,0.6206896551724138,34.16002047925769,0.4850116124049077,0.6379310344827587,34.54024424669206
viability_percent,,sens_bounds,support:model_supported,11,10.479821838422126,9.563375160241153,12.930472645108742,-0.08579397407395173,0.09090909090909091,6.5282957357644165,0.6272727272727273,0.2727272727272727,7.796821026066144
viability_percent,,sens_bounds,support:observed_retest,6,11.581424640773932,-1.3063245432375548,14.419410524592235,0.201233966789369,0.16666666666666666,3.47993982271382,0.48571428571428577,0.16666666666666666,5.25880060668562
viability_percent,,sens_bounds,support:unclassified_historical,48,14.587377965352161,6.383296917701848,18.17215411911868,-0.052321161641952774,0.5,30.585300049571003,0.38108936969553125,0.5,31.049885820861856
viability_percent,,sens_bounds,support:unknown_cold_start,4,11.032075907848384,11.032075907848384,11.477557269571637,-12.54801131484057,1.0,42.63102997772509,0.6000000000000001,1.0,42.816860931209796
viability_percent,,sens_bounds,support:unknown_prior_reversion,15,12.184807225944962,1.6945113623572285,15.968852861509937,-0.5583772348367386,0.7333333333333333,39.09796504617493,0.39999999999999997,0.7333333333333333,39.33063744678357
viability_percent,,sens_bounds_learned,pooled,84,14.473081010636893,9.189793083000293,17.832903278162224,-0.039676886077967044,0.7261904761904762,47.511324463130734,0.5304167784657338,0.7261904761904762,47.84760558884669
viability_percent,,sens_bounds_learned,ROUND_003,12,6.062815799872752,-4.162286712096845,7.631062962546035,0.3581162309307082,0.9166666666666666,47.43069421489859,0.5779343363791357,0.9166666666666666,47.712075835937384
viability_percent,,sens_bounds_learned,ROUND_004,12,15.808528647871702,9.638014586321134,21.356795353208877,-0.2678021851985031,0.6666666666666666,42.06076360331661,0.09090909090909093,0.6666666666666666,42.262806542265785
viability_percent,,sens_bounds_learned,ROUND_005,12,17.482481853573937,16.29930061581649,21.17031250212681,-0.37447690532890787,0.5833333333333334,43.82931026139317,0.5734265734265735,0.5833333333333334,44.09538617355896
viability_percent,,sens_bounds_learned,ROUND_006,12,18.766123273877557,10.01894584815181,20.196219511450444,-0.4927091290273451,0.6666666666666666,44.681074257539535,0.3356643356643357,0.6666666666666666,45.08908159885962
viability_percent,,sens_bounds_learned,ROUND_007,12,14.518984341937395,11.431745155435939,17.06202231856898,0.1010343853074347,0.75,47.85104951458347,0.7762237762237763,0.75,48.257253171505745
viability_percent,,sens_bounds_learned,ROUND_008,12,17.296670318053927,15.206666179143014,18.883720171694286,-1.7510986497081937,0.75,54.64393325033765,0.6713286713286714,0.75,55.017730482268206
viability_percent,,sens_bounds_learned,ROUND_009,12,11.375962839270983,5.8961659082305,14.420968708316336,0.2701704123269172,0.75,52.082446139846105,0.6783216783216784,0.75,52.498905317531076
viability_percent,,sens_bounds_learned,role:cold_start_graduation,6,23.805018827556523,23.805018827556523,24.60725249630468,-16.181307627936174,1.0,67.06127234963309,0.2571428571428572,1.0,67.17672831704986
viability_percent,,sens_bounds_learned,role:rescue_candidate,11,11.88493736259378,3.582830353947418,13.338759713423327,0.4055408347679692,0.6363636363636364,31.871366468098426,0.6636363636363638,0.6363636363636364,32.16233088139725
viability_percent,,sens_bounds_learned,role:retest_priority,9,12.768564828725495,-4.56456315675025,14.411869712936674,0.036995315949493124,0.0,3.782304469240717,0.7666666666666667,0.0,5.454147271591218
viability_percent,,sens_bounds_learned,role:screening_candidate,58,14.263056853122391,10.875559319379587,18.219673970290764,-0.14730049410675616,0.8275862068965517,55.240652576429895,0.48187397147985545,0.8275862068965517,55.40112990381262
viability_percent,,sens_bounds_learned,support:model_supported,11,9.874060667568852,8.658645315961529,12.539932285780798,-0.021195776808170086,0.7272727272727273,43.57083759147338,0.5636363636363637,0.7272727272727273,43.765768813642005
viability_percent,,sens_bounds_learned,support:observed_retest,6,12.741095673042631,-0.43509316507976514,14.602965083874093,0.18076845025235233,0.0,3.7202923186202312,0.6571428571428573,0.0,5.414190956863799
viability_percent,,sens_bounds_learned,support:unclassified_historical,48,14.529987393798988,7.948493584548149,18.509559987271338,-0.09176123683949333,0.7083333333333334,44.50046058428697,0.4236979945653493,0.7083333333333334,44.78983753765544
viability_percent,,sens_bounds_learned,support:unknown_cold_start,4,25.789337440068575,25.789337440068575,25.9824340015976,-68.42825971606534,1.0,71.63810528449578,0.0,1.0,71.74527596972266
viability_percent,,sens_bounds_learned,support:unknown_prior_reversion,15,15.338721256624012,12.974869177889392,17.4327011068567,-0.8571822521448644,1.0,71.118383886753,0.38928571428571423,1.0,71.22646407236834
viability_percent,,sens_bounds_learned_restarts,pooled,84,14.473081795388122,9.189793556221359,17.83290397247841,-0.039676967036685884,0.7261904761904762,47.51131863199924,0.5304167784657338,0.7261904761904762,47.847599772850266
viability_percent,,sens_bounds_learned_restarts,ROUND_003,12,6.062815799872752,-4.162286712096845,7.631062962546035,0.3581162309307082,0.9166666666666666,47.43069421489859,0.5779343363791357,0.9166666666666666,47.712075835937384
viability_percent,,sens_bounds_learned_restarts,ROUND_004,12,15.808534350382297,9.638018061991248,21.356799433567712,-0.2678026696427518,0.6666666666666666,42.060719380758705,0.09090909090909093,0.6666666666666666,42.26276245704672
viability_percent,,sens_bounds_learned_restarts,ROUND_005,12,17.48248165597148,16.29930043404413,21.17031238084817,-0.37447688958094116,0.5833333333333334,43.82931124741708,0.5734265734265735,0.5833333333333334,44.09538714031828
viability_percent,,sens_bounds_learned_restarts,ROUND_006,12,18.76612326222802,10.018945866801522,20.196219615223576,-0.49270914436715674,0.6666666666666666,44.68107667615308,0.3356643356643357,0.6666666666666666,45.08908400534438
viability_percent,,sens_bounds_learned_restarts,ROUND_007,12,14.518984341937395,11.431745155435939,17.06202231856898,0.1010343853074347,0.75,47.85104951458347,0.7762237762237763,0.75,48.257253171505745
viability_percent,,sens_bounds_learned_restarts,ROUND_008,12,17.296670318053927,15.206666179143014,18.883720171694286,-1.7510986497081937,0.75,54.64393325033765,0.6713286713286714,0.75,55.017730482268206
viability_percent,,sens_bounds_learned_restarts,ROUND_009,12,11.375962839270983,5.8961659082305,14.420968708316336,0.2701704123269172,0.75,52.082446139846105,0.6783216783216784,0.75,52.498905317531076
viability_percent,,sens_bounds_learned_restarts,role:cold_start_graduation,6,23.80501944076845,23.80501944076845,24.60725298111028,-16.181308304939357,1.0,67.06127270705224,0.2571428571428572,1.0,67.17672867318994
viability_percent,,sens_bounds_learned_restarts,role:rescue_candidate,11,11.884936721964662,3.582829823243521,13.338759316185474,0.40554087017481133,0.6363636363636364,31.871367151139285,0.6636363636363638,0.6363636363636364,32.162331556040385
viability_percent,,sens_bounds_learned_restarts,role:retest_priority,9,12.7685648365392,-4.564563164563956,14.411869723204251,0.0369953145773293,0.0,3.7823044697338424,0.7666666666666667,0.0,5.4541472719392035
viability_percent,,sens_bounds_learned_restarts,role:screening_candidate,58,14.263058046509094,10.875560043161727,18.21967494066624,-0.14730061631665925,0.8275862068965517,55.24064396474977,0.48187397147985545,0.8275862068965517,55.40112131579975
viability_percent,,sens_bounds_learned_restarts,support:model_supported,11,9.874060667568852,8.658645315961529,12.539932285780798,-0.021195776808170086,0.7272727272727273,43.57083759147338,0.5636363636363637,0.7272727272727273,43.765768813642005
viability_percent,,sens_bounds_learned_restarts,support:observed_retest,6,12.741095673042631,-0.43509316507976514,14.602965083874093,0.18076845025235233,0.0,3.7202923186202312,0.6571428571428573,0.0,5.414190956863799
viability_percent,,sens_bounds_learned_restarts,support:unclassified_historical,48,14.529988767113636,7.948494412685014,18.50956115790576,-0.0917613749360584,0.7083333333333334,44.500450379806864,0.4236979945653493,0.7083333333333334,44.78982735966169
viability_percent,,sens_bounds_learned_restarts,support:unknown_cold_start,4,25.789337440068575,25.789337440068575,25.9824340015976,-68.42825971606534,1.0,71.63810528449578,0.0,1.0,71.74527596972266
viability_percent,,sens_bounds_learned_restarts,support:unknown_prior_reversion,15,15.338721256624012,12.974869177889392,17.4327011068567,-0.8571822521448644,1.0,71.118383886753,0.38928571428571423,1.0,71.22646407236834
viability_percent,,sens_bounds_learned_wide,pooled,84,14.473086808363256,9.189795342741279,17.832909458916475,-0.03967760676694798,0.7261904761904762,47.511363194024014,0.5304167784657338,0.7261904761904762,47.847644189946095
viability_percent,,sens_bounds_learned_wide,ROUND_003,12,6.062821565326854,-4.162302188806774,7.631069125540987,0.3581151941346432,0.9166666666666666,47.430970781110894,0.5779343363791357,0.9166666666666666,47.712351585490005
viability_percent,,sens_bounds_learned_wide,ROUND_004,12,15.808533868744775,9.638017773561353,21.3567990908357,-0.2678026289515838,0.6666666666666666,42.06073675633568,0.09090909090909093,0.6666666666666666,42.26277975609107
viability_percent,,sens_bounds_learned_wide,ROUND_005,12,17.482482892880046,16.299301569699406,21.170313139739747,-0.37447698812261,0.5833333333333334,43.82930756510283,0.5734265734265735,0.5833333333333334,44.09538356435576
viability_percent,,sens_bounds_learned_wide,ROUND_006,12,18.76612325851283,10.018945871444451,20.196219609234237,-0.4927091434818087,0.6666666666666666,44.68107549581251,0.3356643356643357,0.6666666666666666,45.08908282874885
viability_percent,,sens_bounds_learned_wide,ROUND_007,12,14.518980788354762,11.431741417432425,17.062022496787268,0.10103436652746711,0.75,47.85101688177602,0.7762237762237763,0.75,48.25722051294273
viability_percent,,sens_bounds_learned_wide,ROUND_008,12,17.296702117176,15.206697964929331,18.883753472311056,-1.7511083526016682,0.75,54.64403004504569,0.6713286713286714,0.75,55.017826987998234
viability_percent,,sens_bounds_learned_wide,ROUND_009,12,11.375963167547509,5.89616499092877,14.420968523692633,0.27017043101412785,0.75,52.0824048329844,0.6783216783216784,0.75,52.49886409399599
viability_percent,,sens_bounds_learned_wide,role:cold_start_graduation,6,23.805021156320397,23.805021156320397,24.607254751935905,-16.181310777795808,1.0,67.06124276066254,0.2571428571428572,1.0,67.17669877184143
viability_percent,,sens_bounds_learned_wide,role:rescue_candidate,11,11.884934776384233,3.582825991079589,13.338756442893763,0.40554112627873595,0.6363636363636364,31.871406700362584,0.6636363636363638,0.6363636363636364,32.162370829209756
viability_percent,,sens_bounds_learned_wide,role:retest_priority,9,12.768564684066678,-4.56456335860782,14.41186945968313,0.03699534979442143,0.0,3.7823045146139003,0.7666666666666667,0.0,5.454147303733612
viability_percent,,sens_bounds_learned_wide,role:screening_candidate,58,14.263065521858003,10.875563209964483,18.219682901748218,-0.14730161894225846,0.8275862068965517,55.24070409307806,0.48187397147985545,0.8275862068965517,55.40118128395713
viability_percent,,sens_bounds_learned_wide,support:model_supported,11,9.874038658202313,8.65862194171002,12.53991130207556,-0.0211923591735681,0.7272727272727273,43.570902813156934,0.5636363636363637,0.7272727272727273,43.76583373760666
viability_percent,,sens_bounds_learned_wide,support:observed_retest,6,12.741095387944789,-0.4350933997565001,14.602964676190584,0.180768495994732,0.0,3.720292352819978,0.6571428571428573,0.0,5.4141909811933155
viability_percent,,sens_bounds_learned_wide,support:unclassified_historical,48,14.529990396366125,7.948490756474609,18.50956190961958,-0.09176146361370163,0.7083333333333334,44.50052264959047,0.4236979945653493,0.7083333333333334,44.789899433671415
viability_percent,,sens_bounds_learned_wide,support:unknown_cold_start,4,25.78934052654703,25.78934052654703,25.982437012226843,-68.42827580560962,1.0,71.63801970693379,0.0,1.0,71.74519051997812
viability_percent,,sens_bounds_learned_wide,support:unknown_prior_reversion,15,15.338759546857128,12.974907294201795,17.432739991288106,-0.8571905372127933,1.0,71.1183771485528,0.38928571428571423,1.0,71.2264573372332
viability_percent,,sens_length_learned,pooled,84,14.783587721876131,9.573393967641433,17.866239834409583,-0.04356763142474751,0.7380952380952381,48.329407840332635,0.5220111777361354,0.75,48.6575379561839
viability_percent,,sens_length_learned,ROUND_003,12,5.493235358974535,-3.7560255236579434,6.81559985300199,0.4879710811926924,0.9166666666666666,49.42009669526407,0.795097541564023,0.9166666666666666,49.69604021241634
viability_percent,,sens_length_learned,ROUND_004,12,14.762921182057655,7.221635363302146,19.113840426433267,-0.015489028509861225,0.5833333333333334,36.775045839949065,0.4895104895104896,0.5833333333333334,37.009869177716034
viability_percent,,sens_length_learned,ROUND_005,12,17.66273833302483,16.601773688085537,20.14916418491115,-0.24507920804430228,0.6666666666666666,42.65345006724396,0.8616475560561659,0.6666666666666666,42.87349279915578
viability_percent,,sens_length_learned,ROUND_006,12,20.658489123818054,13.79496552943886,22.0996717226809,-0.7873379192071257,0.6666666666666666,47.9058626174893,0.32224217543563927,0.6666666666666666,48.3081696296878
viability_percent,,sens_length_learned,ROUND_007,12,14.155617094677531,10.63307680011105,16.990175010038538,0.1085894417637413,0.8333333333333334,52.32568661230628,0.7390554240969553,0.8333333333333334,52.70537638993853
viability_percent,,sens_length_learned,ROUND_008,12,19.386426678657276,17.29592732479883,20.991185456430866,-2.3994212316889163,0.75,55.63643850687137,0.5804195804195805,0.75,56.00963280583995
viability_percent,,sens_length_learned,ROUND_009,12,11.365686281923042,5.222404591411556,14.104827620440123,0.30181878015168984,0.75,53.58927454320434,0.7552447552447553,0.8333333333333334,54.00018467853284
viability_percent,,sens_length_learned,role:cold_start_graduation,6,25.20208417391794,25.20208417391794,25.85951957112204,-17.974522996174624,1.0,70.33040456692866,-0.3714285714285715,1.0,70.43958473889802
viability_percent,,sens_length_learned,role:rescue_candidate,11,12.03173471825075,3.4892730910280694,13.574404440670197,0.38435168084593085,0.8181818181818182,32.63496933161494,0.6636363636363638,0.8181818181818182,32.907670582380355
viability_percent,,sens_length_learned,role:retest_priority,9,12.760530646335837,-4.546402183891836,14.39638497156432,0.039063592694073335,0.0,3.781606625693333,0.7666666666666667,0.0,5.4536650695073705
viability_percent,,sens_length_learned,role:screening_candidate,58,14.541638032350118,11.301520756760183,18.055714319889823,-0.12674419011563876,0.8103448275862069,55.9425639466787,0.48415774578565285,0.8275862068965517,56.0953158250743
viability_percent,,sens_length_learned,support:model_supported,11,9.492967665518202,7.194468058048408,11.930402312497607,0.07566626104560936,0.8181818181818182,49.56532225875317,0.46363636363636374,0.9090909090909091,49.72727358540812
viability_percent,,sens_length_learned,support:observed_retest,6,12.751160718308228,-0.4299680246422228,14.610691320886238,0.1799013316181749,0.0,3.7208231256627076,0.6571428571428573,0.0,5.414580156452101
viability_percent,,sens_length_learned,support:unclassified_historical,48,14.644345999468769,8.46558726429215,18.0705257588439,-0.0405837941434779,0.7083333333333334,44.188613804986595,0.478002442841272,0.7083333333333334,44.47189295474399
viability_percent,,sens_length_learned,support:unknown_cold_start,4,26.06678635502353,26.06678635502353,26.252689838853758,-69.88008489984021,1.0,71.70330701083674,-0.7378647873726218,1.0,71.81037972528976
viability_percent,,sens_length_learned,support:unknown_prior_reversion,15,16.9130671074967,14.466027912338928,19.21037344460894,-1.2552608026842487,1.0,72.28400562033173,0.017857142857142853,1.0,72.39022114749166
viability_percent,,sens_length_long,pooled,84,13.650204346534768,7.365083849485367,16.57578812239187,0.10173877215233462,0.5714285714285714,35.94127909947087,0.586216322935334,0.5714285714285714,36.43031499453766
viability_percent,,sens_length_long,ROUND_003,12,7.28205415006919,-6.4494154090899976,8.592517795796216,0.18618216945539268,0.8333333333333334,43.49795152222516,0.8231186002975569,0.8333333333333334,43.80414629980197
viability_percent,,sens_length_long,ROUND_004,12,13.38912964648943,6.0282945826059775,17.57118026170038,0.14181446112090568,0.5,28.11028150111916,0.4545454545454546,0.5,28.433914481516535
viability_percent,,sens_length_long,ROUND_005,12,18.338500055992117,17.274166845747462,20.518798608545005,-0.2911799310618193,0.4166666666666667,33.967893458110034,0.8741258741258742,0.4166666666666667,34.287719204593145
viability_percent,,sens_length_long,ROUND_006,12,20.89466253257401,12.442533683669284,21.965136488417365,-0.7656427546968769,0.4166666666666667,37.15845280643502,0.28021058733533855,0.4166666666666667,37.71100300189704
viability_percent,,sens_length_long,ROUND_007,12,12.994950442151563,10.655027261552897,15.369915007564451,0.2705004962165062,0.5833333333333334,35.75626599610967,0.7692307692307694,0.5833333333333334,36.45588937411646
viability_percent,,sens_length_long,ROUND_008,12,11.8555830838034,5.64117404739536,15.389018795299346,-0.8270604281860752,0.6666666666666666,37.28195095238193,0.6713286713286714,0.6666666666666666,37.8257734717449
viability_percent,,sens_length_long,ROUND_009,12,10.79655051466365,5.963805934516588,12.813080081466957,0.4238445452625964,0.5833333333333334,35.816157459915075,0.7762237762237763,0.5833333333333334,36.49375912809354
viability_percent,,sens_length_long,role:cold_start_graduation,6,21.14146568263318,21.14146568263318,22.580766041862343,-13.467960180992714,1.0,68.05071201379384,-0.4285714285714286,1.0,68.16376506574821
viability_percent,,sens_length_long,role:rescue_candidate,11,13.142657280270585,5.480263107596269,14.865432539801208,0.26167728541267343,0.18181818181818182,10.88976052482998,0.6272727272727273,0.18181818181818182,11.717897244355818
viability_percent,,sens_length_long,role:retest_priority,9,12.28527172944143,-4.360968675405237,14.125883457300759,0.07483545153295301,0.0,3.673423293255901,0.75,0.0,5.382986436351278
viability_percent,,sens_length_long,role:screening_candidate,58,13.183305092502968,8.116966778552758,16.50160076141601,0.05887322488425262,0.6896551724137931,42.37784477345442,0.5617300091409919,0.6896551724137931,42.65207106088964
viability_percent,,sens_length_long,support:model_supported,11,11.674826149322117,10.035839824025668,14.36272238271355,-0.339652501958273,0.2727272727272727,9.491526821773654,0.45454545454545453,0.2727272727272727,10.421557737160713
viability_percent,,sens_length_long,support:observed_retest,6,12.503578446606289,-0.6171238655519987,14.767299357976535,0.16222627919628274,0.0,3.590283802545194,0.6,0.0,5.330686891931879
viability_percent,,sens_length_long,support:unclassified_historical,48,14.976086596281187,7.323894925733183,17.930881567515552,-0.02456322891665863,0.5416666666666666,35.683644821972344,0.44732128317863545,0.5416666666666666,36.05919574695218
viability_percent,,sens_length_long,support:unknown_cold_start,4,20.455500762202092,20.455500762202092,22.211890818303786,-49.73967415396705,1.0,67.66489965584498,-0.7999999999999999,1.0,67.77878685827508
viability_percent,,sens_length_long,support:unknown_prior_reversion,15,9.499896474428937,5.240439266786628,11.820032719677032,0.14618748911091795,1.0,60.64295976151458,0.7035714285714285,1.0,60.77124398626663
viability_percent,,sens_length_short,pooled,84,15.685040759896067,8.496213008540897,18.87609807075809,-0.16487340720654897,0.8333333333333334,59.72682226045225,0.4212791169259515,0.8333333333333334,60.00971039524719
viability_percent,,sens_length_short,ROUND_003,12,7.750850152534887,0.28960442798230596,9.320872200128985,0.0423662864173473,0.9166666666666666,58.80940703122986,0.2241684698682708,0.9166666666666666,59.055183862871324
viability_percent,,sens_length_short,ROUND_004,12,17.225752345422226,11.501085020541817,22.133494211709795,-0.36169325551566933,0.75,56.437344505307436,-0.16783216783216784,0.75,56.57331756128084
viability_percent,,sens_length_short,ROUND_005,12,20.550906735403245,14.648961374836693,23.048522151579228,-0.6291800281599427,0.8333333333333334,64.38713784408992,0.7986001739057148,0.8333333333333334,64.50635721653738
viability_percent,,sens_length_short,ROUND_006,12,18.142130601315777,8.744608392834328,21.103412307149284,-0.6298228121093146,0.8333333333333334,58.53072910626714,0.22067550641714126,0.8333333333333334,58.89376960884166
viability_percent,,sens_length_short,ROUND_007,12,15.877970965230908,8.545914398384033,17.80948323845531,0.02054450934547425,0.8333333333333334,59.37982557462808,0.5639238070123688,0.8333333333333334,59.741644900904696
viability_percent,,sens_length_short,ROUND_008,12,17.822849741749597,14.694270768283415,19.698196959900685,-1.993532671995864,0.8333333333333334,60.51540291637349,0.5174825174825175,0.8333333333333334,60.87542968639792
viability_percent,,sens_length_short,ROUND_009,12,12.424824777615848,1.0490466769236912,15.349080851242308,0.1732059464833321,0.8333333333333334,60.02790884526991,0.8391608391608393,0.8333333333333334,60.422269929896515
viability_percent,,sens_length_short,role:cold_start_graduation,6,25.408652777764093,25.408652777764093,26.07326235316747,-18.289488512338963,1.0,70.33648398784362,-0.33394720739540396,1.0,70.44565454987686
viability_percent,,sens_length_short,role:rescue_candidate,11,14.225778899447862,-1.6392859720708437,15.886816700212735,0.15673340144906844,1.0,64.94692348032967,0.5636363636363637,1.0,65.06582410806537
viability_percent,,sens_length_short,role:retest_priority,9,12.785845181684628,-4.582654699343731,14.430835194302196,0.034459091986296486,0.0,3.7867246736643256,0.7666666666666667,0.0,5.457196528798511
viability_percent,,sens_length_short,role:screening_candidate,58,15.40578159716547,10.698379552374545,19.118668928229933,-0.2633139258859254,0.9137931034482759,66.31961182076418,0.4273717238833519,0.9137931034482759,66.43625710264823
viability_percent,,sens_length_short,support:model_supported,11,10.61158042325316,-2.6757541009544226,12.043781693401511,0.058014154386857086,1.0,69.59177107335398,0.24545454545454545,1.0,69.7023063713628
viability_percent,,sens_length_short,support:observed_retest,6,12.746301980908447,-0.44151625739709893,14.59980559270261,0.18112290906620243,0.0,3.7233815967230477,0.6571428571428573,0.0,5.416264848373284
viability_percent,,sens_length_short,support:unclassified_historical,48,15.917409958669035,8.796064804048788,19.706335332630385,-0.23750572973534023,0.8333333333333334,59.54115462172359,0.455098290198061,0.8333333333333334,59.757157062382795
viability_percent,,sens_length_short,support:unknown_cold_start,4,26.06729166671225,26.06729166671225,26.253137184433985,-69.88250051233949,1.0,71.70330761949043,-0.316227766016838,1.0,71.81038033303594
viability_percent,,sens_length_short,support:unknown_prior_reversion,15,17.068892173804787,14.618933874075056,19.421769633771724,-1.3051689113037899,1.0,72.29430974467093,0.028571428571428564,1.0,72.40051024660103
viability_percent,,sens_logit,pooled,84,14.87405744157073,10.07884100900852,18.021444612308244,-0.0617774158742066,0.7976190476190477,57.624581883863456,0.5863526602497038,0.7976190476190477,57.812891998200925
viability_percent,,sens_logit,ROUND_003,12,7.114956824840029,0.14341652847039002,8.102662465807882,0.276327922457677,0.9166666666666666,53.934008665960825,0.6164632921377448,0.9166666666666666,54.125925875263505
viability_percent,,sens_logit,ROUND_004,12,16.961511881473232,9.37099915733878,22.063099102222235,-0.35304535654062574,0.75,48.5543609529241,-0.06993006993006995,0.75,48.67498736785215
viability_percent,,sens_logit,ROUND_005,12,17.304725579409208,14.68385280086513,20.195188080269723,-0.2507736219357688,0.75,70.76448647512339,0.8756580854229328,0.75,70.81378629831491
viability_percent,,sens_logit,ROUND_006,12,18.575833520208228,12.74859732641268,20.78932360394024,-0.5816695110670935,0.8333333333333334,61.82782796439361,0.23240012901731957,0.8333333333333334,61.890898427667985
viability_percent,,sens_logit,ROUND_007,12,14.737300571384793,11.463255093574842,16.991040151665533,0.1084986580001932,0.8333333333333334,54.01061851878663,0.7390554240969553,0.8333333333333334,54.241431717652745
viability_percent,,sens_logit,ROUND_008,12,18.581442258506865,16.502224724310476,20.15388546773213,-2.1336365470333427,0.75,58.66352354125561,0.5734265734265735,0.75,58.89939058655475
viability_percent,,sens_logit,ROUND_009,12,10.842631455172764,5.639541432087345,13.640294644302053,0.3470497384251301,0.75,55.61724706860006,0.7482517482517484,0.75,56.043823714100434
viability_percent,,sens_logit,role:cold_start_graduation,6,24.313623628088227,24.313623628088227,25.006417199865272,-16.74323921500435,1.0,78.0553906599787,-0.23190841426097938,1.0,78.08537999711106
viability_percent,,sens_logit,role:rescue_candidate,11,11.41807033077791,3.5303731333989985,13.652274657129604,0.37726802939796933,0.9090909090909091,49.637121152954954,0.5818181818181819,0.9090909090909091,49.75998536776154
viability_percent,,sens_logit,role:retest_priority,9,12.166410851624795,-3.9442895953036703,13.73051100838976,0.12589994770530544,0.0,4.586833514872654,0.7666666666666667,0.0,5.729369116986859
viability_percent,,sens_logit,role:screening_candidate,58,14.973148483107446,12.024231118595353,18.468047289734674,-0.17879404698695334,0.8793103448275862,65.2559086201431,0.5817029654238959,0.8793103448275862,65.32493942703367
viability_percent,,sens_logit,support:model_supported,11,10.454733652509498,9.271291933813984,12.90022333318263,-0.08071974305806395,1.0,50.52510315451752,0.5363636363636364,1.0,50.6564443057995
viability_percent,,sens_logit,support:observed_retest,6,12.363075052591482,-0.029893168109796402,14.07496593025997,0.23893932809723784,0.0,3.772282773394308,0.6571428571428573,0.0,5.210632262042469
viability_percent,,sens_logit,support:unclassified_historical,48,14.989256951482673,9.236716453271745,18.65794119494503,-0.10933552513453004,0.8125,58.77017101460047,0.5588730286454491,0.8125,58.876399492274636
viability_percent,,sens_logit,support:unknown_cold_start,4,25.09721312144631,25.09721312144631,25.29344376080303,-64.79494692551609,1.0,77.26283100071889,-0.7378647873726218,1.0,77.29376325165869
viability_percent,,sens_logit,support:unknown_prior_reversion,15,16.024474562788964,13.404436683372777,18.244545535815753,-1.0341887878266847,0.8666666666666667,75.46903428005156,0.15,0.8666666666666667,75.50373455180073
viability_percent,,sens_matern15,pooled,84,15.029392581040279,10.303775890314968,18.284926301846003,-0.0930517131941162,0.7976190476190477,53.849920099969395,0.5874574761357315,0.7976190476190477,54.14924218435046
viability_percent,,sens_matern15,ROUND_003,12,7.090077902088834,0.1413467288530749,8.12815771918506,0.2717666489019853,0.9166666666666666,57.7953801410276,0.6164632921377448,0.9166666666666666,58.04324589191314
viability_percent,,sens_matern15,ROUND_004,12,16.662968403089938,9.646873068388988,21.917595744852402,-0.335257876548571,0.75,52.13661989256753,0.04195804195804196,0.75,52.28521578912241
viability_percent,,sens_matern15,ROUND_005,12,17.540553214664016,15.227264775586079,20.59401670083746,-0.3006637322487893,0.75,58.54474277816853,0.8126107032724816,0.75,58.678461002478336
viability_percent,,sens_matern15,ROUND_006,12,19.29125033364139,13.022240098423156,21.435410441492316,-0.6815068140437759,0.8333333333333334,53.202285239691925,0.3152369107522558,0.8333333333333334,53.57832281342758
viability_percent,,sens_matern15,ROUND_007,12,14.443484246516185,11.307161904739623,17.083009658233152,0.0988214588356825,0.8333333333333334,49.32675976457224,0.6760080419465042,0.8333333333333334,49.71979003955695
viability_percent,,sens_matern15,ROUND_008,12,19.219962855945347,17.12934058138323,20.601342562739227,-2.274327372410051,0.75,54.76069336227041,0.5594405594405596,0.75,55.13687451124008
viability_percent,,sens_matern15,ROUND_009,12,10.95745111133622,5.652204074830633,13.93150669757689,0.31887193830637783,0.75,51.18295952148748,0.7132867132867133,0.75,51.60278524271468
viability_percent,,sens_matern15,role:cold_start_graduation,6,25.349277313498686,25.349277313498686,26.01443311750861,-18.20254076959073,1.0,70.33608297424874,-0.3714285714285715,1.0,70.44525415448977
viability_percent,,sens_matern15,role:rescue_candidate,11,10.791818726360201,3.2000005843082993,13.21588192443111,0.41644280425275104,0.9090909090909091,44.68094882353443,0.6090909090909091,0.9090909090909091,44.860710594295305
viability_percent,,sens_matern15,role:retest_priority,9,12.778032715538423,-4.570545132372808,14.42521080261615,0.035211580931405084,0.0,3.7835439487859484,0.7666666666666667,0.0,5.4550705573057
viability_percent,,sens_matern15,role:screening_candidate,58,15.114845043044532,12.402696735679815,18.675955812808315,-0.20548456350054334,0.8793103448275862,61.652318240585934,0.6020671834625324,0.8793103448275862,61.78105805181896
viability_percent,,sens_matern15,support:model_supported,11,9.874081148503963,8.850219636224127,12.35483960695221,0.00872797331964914,0.8181818181818182,42.7939824312933,0.5363636363636364,0.8181818181818182,42.983120339580246
viability_percent,,sens_matern15,support:observed_retest,6,12.74401215963596,-0.4327807848875362,14.60664675078821,0.18035531252514037,0.0,3.7195640998448716,0.6571428571428573,0.0,5.413749446676572
viability_percent,,sens_matern15,support:unclassified_historical,48,15.146212463371043,9.509431167812824,18.90792357592664,-0.13926080854187783,0.8125,55.4197570128639,0.583959831942585,0.8125,55.64631137423536
viability_percent,,sens_matern15,support:unknown_cold_start,4,25.99094548112184,25.99094548112184,26.185942738251686,-69.5201198155435,1.0,71.70170068061019,-0.7378647873726218,1.0,71.80877579033476
viability_percent,,sens_matern15,support:unknown_prior_reversion,15,16.427202069981753,14.02299770118762,18.658287016401857,-1.1274957228006985,1.0,72.22579718094835,0.11071428571428568,1.0,72.33209826302397
viability_percent,,sens_mean_median,pooled,84,14.888866718307359,9.638855751352205,18.046665348457164,-0.06475137793965913,0.7857142857142857,52.76212554056794,0.5814433825018577,0.7857142857142857,53.06750877514802
viability_percent,,sens_mean_median,ROUND_003,12,6.673666218396913,-2.094261836198224,7.983115387977917,0.29752457846916325,0.9166666666666666,57.673904408082514,0.6374790861878952,0.9166666666666666,57.92205920617413
viability_percent,,sens_mean_median,ROUND_004,12,15.874925385255155,7.270324199697787,20.6042615127678,-0.1800310377090566,0.75,51.42734629548727,0.04895104895104895,0.75,51.578782025023905
viability_percent,,sens_mean_median,ROUND_005,12,16.70740334816642,14.233967454151285,19.60500001442777,-0.17873615101388096,0.75,57.57160489726606,0.8056054385890983,0.75,57.70903992075525
viability_percent,,sens_mean_median,ROUND_006,12,19.404005295165106,13.075186077515268,21.406484397838092,-0.6769716528039864,0.8333333333333334,52.18531951997829,0.3152369107522558,0.8333333333333334,52.56559519895146
viability_percent,,sens_mean_median,ROUND_007,12,14.677435274919356,11.5254974701706,17.179142623803536,0.08865033247352838,0.8333333333333334,47.182370344110154,0.6690027772631207,0.8333333333333334,47.59079018172037
viability_percent,,sens_mean_median,ROUND_008,12,19.944680418713173,17.85460627748743,21.45297499708496,-2.550635610960605,0.6666666666666666,53.76159818569236,0.5804195804195805,0.6666666666666666,54.14369582252136
viability_percent,,sens_mean_median,ROUND_009,12,10.939951087535386,5.606670616641281,13.912674446525465,0.3207121563405776,0.75,49.53273513335889,0.7482517482517484,0.75,49.96259907088972
viability_percent,,sens_mean_median,role:cold_start_graduation,6,25.09229906671696,25.09229906671696,25.76475440465711,-17.83570919414754,1.0,70.33638548656567,-0.3714285714285715,1.0,70.44555620074608
viability_percent,,sens_mean_median,role:rescue_candidate,11,11.264186531052774,3.014515315095868,13.576980579304587,0.384117984270657,0.8181818181818182,40.85600140619783,0.6090909090909091,0.8181818181818182,41.06010823880768
viability_percent,,sens_mean_median,role:retest_priority,9,12.775745657223466,-4.5655953436029515,14.424688131213482,0.035281494388832435,0.0,3.7818544020824922,0.7666666666666667,0.0,5.4539622528941925
viability_percent,,sens_mean_median,role:screening_candidate,58,14.848676675533182,11.500703074821645,18.32373646781658,-0.16044363908971415,0.8793103448275862,60.80254357588612,0.6052663959640705,0.8793103448275862,60.93535429319009
viability_percent,,sens_mean_median,support:model_supported,11,10.365806190140388,9.432636928796988,12.999972287194904,-0.09749735023899797,0.7272727272727273,37.55486001658371,0.5363636363636364,0.7272727272727273,37.77777905741273
viability_percent,,sens_mean_median,support:observed_retest,6,12.742968644508574,-0.4277431740778015,14.610462263095535,0.17992704546189553,0.0,3.717322951435065,0.6571428571428573,0.0,5.4122939814946776
viability_percent,,sens_mean_median,support:unclassified_historical,48,14.665000061745898,8.121303973791528,18.240472332322515,-0.0602484377714656,0.8125,54.71454378020354,0.579943004691818,0.8125,54.94386908772619
viability_percent,,sens_mean_median,support:unknown_cold_start,4,26.000531271371905,26.000531271371905,26.191113889473137,-69.54797492960701,1.0,71.702735988108,-0.7378647873726218,1.0,71.80980955400537
viability_percent,,sens_mean_median,support:unknown_prior_reversion,15,16.817399755328776,14.309774674253601,19.154292028602587,-1.2421123228981688,1.0,72.23347347429825,0.15357142857142855,1.0,72.33976327766986
viability_percent,,sens_mixed_sources,pooled,84,26.720653541168023,24.294537125695474,30.88546573489817,-2.118620935889481,0.6547619047619048,68.67498615791187,0.44636158152614736,0.6666666666666666,68.98057147296738
viability_percent,,sens_mixed_sources,ROUND_003,12,16.536584398699567,14.765135305195294,18.108306764727335,-2.614448211842287,0.9166666666666666,77.03061184755329,0.5989501304292861,0.9166666666666666,77.25978911171772
viability_percent,,sens_mixed_sources,ROUND_004,12,29.947990928664506,27.715012849879937,34.20448567639478,-2.251961928656822,0.5833333333333334,76.62552528712116,0.09090909090909093,0.5833333333333334,76.74958992485308
viability_percent,,sens_mixed_sources,ROUND_005,12,30.47350379358645,30.47350379358645,33.879606029715646,-2.5201373744763624,0.75,76.5949735333083,0.7323649216501577,0.75,76.71807654440731
viability_percent,,sens_mixed_sources,ROUND_006,12,30.674374499006273,25.12282591449923,33.91426394376375,-3.2092024621020885,0.6666666666666666,63.559676896043584,0.33625270480240615,0.6666666666666666,63.972388482259525
viability_percent,,sens_mixed_sources,ROUND_007,12,22.187764969600423,20.439580945251006,29.000299252632423,-1.597090165554123,0.6666666666666666,60.044868196413695,0.21366057284319562,0.6666666666666666,60.44722037100471
viability_percent,,sens_mixed_sources,ROUND_008,12,34.91601052214728,32.825136890212136,36.94392404435882,-9.529726638669846,0.4166666666666667,65.61596590260967,0.07692307692307693,0.5,66.01076780906887
viability_percent,,sens_mixed_sources,ROUND_009,12,22.30834567647162,18.72056418124426,25.993277154780117,-1.3711262142909835,0.5833333333333334,61.2532814423333,-0.013986013986013986,0.5833333333333334,61.70616806746042
viability_percent,,sens_mixed_sources,role:cold_start_graduation,6,43.41735322431481,43.41735322431481,43.90029624240039,-53.68457793117378,1.0,97.3992794708228,-0.942857142857143,1.0,97.47813580973668
viability_percent,,sens_mixed_sources,role:rescue_candidate,11,11.31934225318589,6.9486950946796044,13.780522861998923,0.36551330308584895,0.5454545454545454,32.7078971748942,0.6454545454545455,0.5454545454545454,33.036644706676434
viability_percent,,sens_mixed_sources,role:retest_priority,9,12.733336972871136,-4.568514155587162,14.44318590590011,0.03280565748723396,0.0,3.768997971378555,0.7666666666666667,0.0,5.4451798224718075
viability_percent,,sens_mixed_sources,role:screening_candidate,58,30.084792768471374,30.084792768471374,33.37323156122913,-2.849395211491446,0.7413793103448276,82.59647085816236,0.5926427626782677,0.7586206896551724,82.70843928784745
viability_percent,,sens_mixed_sources,support:model_supported,11,16.53531816842062,15.577820135115457,21.11472554432852,-1.8952729230562548,0.36363636363636365,29.797776186922757,0.48181818181818187,0.36363636363636365,30.100256376181314
viability_percent,,sens_mixed_sources,support:observed_retest,6,12.672749733945176,-0.42551550801921295,14.629302914559917,0.17781066193873507,0.0,3.696941560648423,0.6571428571428573,0.0,5.398345361186934
viability_percent,,sens_mixed_sources,support:unclassified_historical,48,26.908113404989205,24.519119465790226,30.805286144784404,-2.024029166063068,0.7291666666666666,73.4526968910066,0.5245751058746276,0.7291666666666666,73.67496101580942
viability_percent,,sens_mixed_sources,support:unknown_cold_start,4,45.2206616537013,45.2206616537013,45.328049338746055,-210.30543786122118,0.75,98.46678655428039,-0.7378647873726218,0.75,98.54478400365092
viability_percent,,sens_mixed_sources,support:unknown_prior_reversion,15,34.2758539431686,34.2758539431686,36.67104290893948,-7.218104877256852,0.8666666666666667,99.94300352394116,-0.33571428571428563,0.9333333333333333,100.01985644337923
viability_percent,,sens_noise_10pp,pooled,84,14.405229884884058,10.494896929817575,18.038272012401244,-0.06376119634726618,0.9047619047619048,57.59096387478332,0.6025626099848153,0.9523809523809523,70.14698114466582
viability_percent,,sens_noise_10pp,ROUND_003,12,7.002189392833432,0.5026471506550886,8.280818219924457,0.2441548640258473,1.0,60.39365796355548,0.6164632921377448,1.0,72.20218911508441
viability_percent,,sens_noise_10pp,ROUND_004,12,16.227920513765238,10.161223709558334,21.84944584590026,-0.32696716640777956,0.75,52.98525661919362,0.02097902097902098,0.75,65.9550421517709
viability_percent,,sens_noise_10pp,ROUND_005,12,18.048941745454087,15.194245185577913,21.00506107290306,-0.35310284298855543,0.75,59.189137980562954,0.8126107032724816,0.9166666666666666,71.10229021259914
viability_percent,,sens_noise_10pp,ROUND_006,12,17.077086629387203,14.109338563482611,20.264746438636706,-0.5028560091354148,1.0,58.64959627792453,0.3450789794499594,1.0,71.08024798403544
viability_percent,,sens_noise_10pp,ROUND_007,12,13.188220708257097,10.730853702727574,16.722566773235904,0.136449089428464,1.0,55.45073815649641,0.5359027482788349,1.0,68.68816836952358
viability_percent,,sens_noise_10pp,ROUND_008,12,18.962069801866367,17.755770654641264,20.49789062670146,-2.2415251406298196,0.9166666666666666,60.34405737959241,0.5734265734265735,1.0,72.63448972288352
viability_percent,,sens_noise_10pp,ROUND_009,12,10.330180402624984,5.010199542080237,13.416566910395112,0.3682934227918341,0.9166666666666666,56.12430274615781,0.7692307692307694,1.0,69.3664404567638
viability_percent,,sens_noise_10pp,role:cold_start_graduation,6,25.38622195275332,25.38622195275332,26.050889540119602,-18.2563990616235,1.0,70.33640416007073,-0.23190841426097938,1.0,80.52372021011408
viability_percent,,sens_noise_10pp,role:rescue_candidate,11,10.671402845417786,3.1400544896991462,13.275886974802413,0.41113163805754027,0.9090909090909091,46.95926459227078,0.6181818181818182,1.0,61.40026727054967
viability_percent,,sens_noise_10pp,role:retest_priority,9,7.893349468274126,-1.7595405879537904,11.27718024184551,0.41035748705775155,0.7777777777777778,31.83347615030165,0.6833333333333333,1.0,50.58308894063211
viability_percent,,sens_noise_10pp,role:screening_candidate,58,14.987869001718591,12.250849591259483,18.651361444597022,-0.2023116485813674,0.9137931034482759,62.28567835609794,0.6089885566629755,0.9310344827586207,73.76816128361223
viability_percent,,sens_noise_10pp,support:model_supported,11,9.14811658501028,7.598845388652875,11.242506408073623,0.17918569820922947,1.0,45.8704390008338,0.5727272727272729,1.0,60.605022490943426
viability_percent,,sens_noise_10pp,support:observed_retest,6,9.138799704205097,0.06191361627540578,13.141917611760865,0.3364982753370521,0.6666666666666666,31.31917136173261,0.48571428571428577,1.0,50.29491841276845
viability_percent,,sens_noise_10pp,support:unclassified_historical,48,14.589034570359992,9.991863652318488,18.693867798445215,-0.11361177705352277,0.875,57.80441221030915,0.5942131298254575,0.9166666666666666,70.08494236587246
viability_percent,,sens_noise_10pp,support:unknown_cold_start,4,26.039584727485867,26.039584727485867,26.228701368851443,-69.75061032244304,1.0,71.70280670748477,-0.7378647873726218,1.0,81.71861776770166
viability_percent,,sens_noise_10pp,support:unknown_prior_reversion,15,16.676348758846284,14.256317794040763,18.937391197883503,-1.191621024816389,1.0,72.2485396918302,0.15714285714285714,1.0,82.19799690948372
viability_percent,,sens_noise_1pp,pooled,84,15.184447995893471,10.406117434862866,18.398101535300853,-0.10662455712098184,0.7857142857142857,52.76212554056794,0.585664167693809,0.7857142857142857,53.06750877514802
viability_percent,,sens_noise_1pp,ROUND_003,12,7.150968470278481,0.20587651367251456,8.15499178936566,0.26695037383760944,0.9166666666666666,57.673904408082514,0.6164632921377448,0.9166666666666666,57.92205920617412
viability_percent,,sens_noise_1pp,ROUND_004,12,16.997666821074244,9.361785590286166,22.048049314323215,-0.35120009441586486,0.75,51.42734629548727,-0.06993006993006995,0.75,51.57878202502389
viability_percent,,sens_noise_1pp,ROUND_005,12,17.37269497159691,15.218229307727801,20.432602655020215,-0.2803546656135787,0.75,57.57160489726606,0.8126107032724816,0.75,57.70903992075525
viability_percent,,sens_noise_1pp,ROUND_006,12,19.576967958442765,13.309565595862303,21.63645898799125,-0.7131973572488566,0.8333333333333334,52.18531951997829,0.3450789794499594,0.8333333333333334,52.56559519895148
viability_percent,,sens_noise_1pp,ROUND_007,12,14.687651387008506,11.540316845308155,17.193926919301905,0.08708105037720315,0.8333333333333334,47.182370344110154,0.6690027772631207,0.8333333333333334,47.590790181720365
viability_percent,,sens_noise_1pp,ROUND_008,12,19.33709395618691,17.246534448711824,20.85630551177131,-2.3558752731542705,0.6666666666666666,53.76159818569236,0.5804195804195805,0.6666666666666666,54.14369582252136
viability_percent,,sens_noise_1pp,ROUND_009,12,11.168092406666473,5.960513742471304,14.16214672172352,0.296132722037986,0.75,49.532735133358905,0.7482517482517484,0.75,49.96259907088972
viability_percent,,sens_noise_1pp,role:cold_start_graduation,6,25.37872308655344,25.37872308655344,26.043509515375373,-18.245490215566562,1.0,70.33638548656567,-0.23190841426097938,1.0,70.44555620074608
viability_percent,,sens_noise_1pp,role:rescue_candidate,11,11.027534770812649,3.2625628137234743,13.347690926012225,0.4047445060620941,0.8181818181818182,40.85600140619783,0.6090909090909091,0.8181818181818182,41.06010823880768
viability_percent,,sens_noise_1pp,role:retest_priority,9,12.775151500056596,-4.56487919825971,14.424302371458383,0.03533309267572449,0.0,3.7818544020824922,0.7666666666666667,0.0,5.453962252894192
viability_percent,,sens_noise_1pp,role:screening_candidate,58,15.292104261315213,12.535124962802401,18.81455396286859,-0.22344325778462348,0.8793103448275862,60.80254357588612,0.6020056601451951,0.8793103448275862,60.93535429319009
viability_percent,,sens_noise_1pp,support:model_supported,11,10.314282338306858,9.39250589559143,12.962130639107167,-0.09111723479090461,0.7272727272727273,37.55486001658371,0.5363636363636364,0.7272727272727273,37.77777905741274
viability_percent,,sens_noise_1pp,support:observed_retest,6,12.743470786212887,-0.42806233351756023,14.610532416289898,0.17991917016343406,0.0,3.717322951435065,0.6571428571428573,0.0,5.4122939814946776
viability_percent,,sens_noise_1pp,support:unclassified_historical,48,15.274574555348101,9.523864251887195,18.962119992556318,-0.14580117162533401,0.8125,54.71454378020354,0.5800988037013373,0.8125,54.94386908772619
viability_percent,,sens_noise_1pp,support:unknown_cold_start,4,26.028921803481374,26.028921803481374,26.21931490357791,-69.69998034216802,1.0,71.70273598810797,-0.7378647873726218,1.0,71.80980955400535
viability_percent,,sens_noise_1pp,support:unknown_prior_reversion,15,16.552029023050967,14.140233491571303,18.78899509208581,-1.1574078900269527,1.0,72.23347347429825,0.15357142857142855,1.0,72.33976327766986
viability_percent,,sens_noise_3pp,pooled,84,15.082434288287134,10.421626316947638,18.339231083553628,-0.09955390826772281,0.8214285714285714,53.799639589117135,0.58603878864334,0.8452380952380952,55.45193837789276
viability_percent,,sens_noise_3pp,ROUND_003,12,7.13687451156332,0.23504222108197345,8.167116873132427,0.2647689134419602,1.0,58.34443023433703,0.6164632921377448,1.0,59.7609304723608
viability_percent,,sens_noise_3pp,ROUND_004,12,16.896143026817775,9.449074248216995,22.02415723030642,-0.34827326000991055,0.75,51.62590040597693,-0.06993006993006995,0.75,52.965281207031744
viability_percent,,sens_noise_3pp,ROUND_005,12,17.428908495674452,15.22339681460978,20.486339059931023,-0.2870980188541272,0.75,57.814138343862204,0.8126107032724816,0.8333333333333334,59.02878734481643
viability_percent,,sens_noise_3pp,ROUND_006,12,19.29695007720272,13.427850694631841,21.43670197665162,-0.6817094498274681,0.8333333333333334,53.65156180249652,0.3450789794499594,0.8333333333333334,55.43984275778405
viability_percent,,sens_noise_3pp,ROUND_007,12,14.427345498525426,11.387711260575237,17.070867099814176,0.10010211421322213,0.9166666666666666,48.97219321769103,0.6690027772631207,1.0,50.96899922582836
viability_percent,,sens_noise_3pp,ROUND_008,12,19.40992489672475,17.409215395337863,20.88276612046902,-2.3643959416088514,0.6666666666666666,55.2511588857325,0.5594405594405596,0.6666666666666666,57.049314191383864
viability_percent,,sens_noise_3pp,ROUND_009,12,10.980893511501504,5.819093584179757,13.992847220320547,0.312860710268976,0.8333333333333334,50.93809423372369,0.7692307692307694,0.8333333333333334,52.950413446044074
viability_percent,,sens_noise_3pp,role:cold_start_graduation,6,25.379841757713567,25.379841757713567,26.04456815920516,-18.247054869020822,1.0,70.33638739398569,-0.23190841426097938,1.0,71.31290318014227
viability_percent,,sens_noise_3pp,role:rescue_candidate,11,10.956774652864267,3.2847038855017314,13.34889576658857,0.40463703873382706,0.8181818181818182,41.693234177083674,0.6090909090909091,0.8181818181818182,43.43191770996853
viability_percent,,sens_noise_3pp,role:retest_priority,9,12.207874252384642,-4.220087138975921,13.994371941564328,0.0919817661739164,0.3333333333333333,11.117079892398285,0.7666666666666667,0.4444444444444444,16.206268406128554
viability_percent,,sens_noise_3pp,role:screening_candidate,58,15.245690348566715,12.499768992889383,18.78135489944477,-0.21912943402381702,0.8793103448275862,61.008139761076194,0.5999446290143965,0.896551724137931,62.18065334822978
viability_percent,,sens_noise_3pp,support:model_supported,11,10.108269376932007,9.18308859203993,12.693914629800455,-0.046429016776569076,0.7272727272727273,38.73750603498847,0.5363636363636364,0.7272727272727273,40.61119567983018
viability_percent,,sens_noise_3pp,support:observed_retest,6,12.329357843820882,-0.34767717370780044,14.4374585575215,0.19923316687801906,0.3333333333333333,10.913413694202944,0.6571428571428573,0.5,16.07666337132638
viability_percent,,sens_noise_3pp,support:unclassified_historical,48,15.189719027814569,9.583840994635146,18.914198234652307,-0.14001706915049672,0.8333333333333334,55.35900769666818,0.5781987982615521,0.8541666666666666,56.79871044549825
viability_percent,,sens_noise_3pp,support:unknown_cold_start,4,26.03108634436913,26.03108634436913,26.221216036811512,-69.71023346706471,1.0,71.70274293088063,-0.7378647873726218,1.0,72.66072490576245
viability_percent,,sens_noise_3pp,support:unknown_prior_reversion,15,16.568434086291084,14.155999068896358,18.808349702978123,-1.161854886413614,1.0,72.23555571814354,0.1464285714285714,1.0,73.18657933532904
viability_percent,,sens_noise_5pp,pooled,84,14.904612936705513,10.44385142008758,18.249091162252643,-0.08877154521714092,0.8333333333333334,54.926500558313755,0.5912227325936067,0.8928571428571429,58.81273862731599
viability_percent,,sens_noise_5pp,ROUND_003,12,7.110679251792483,0.2893456815235356,8.189331690269132,0.26076376999483586,1.0,58.997397020847096,0.6164632921377448,1.0,62.445265766634094
viability_percent,,sens_noise_5pp,ROUND_004,12,16.699077303447496,9.615563350680853,21.978425685034562,-0.34267989231035867,0.75,51.96387798952176,-0.06993006993006995,0.75,55.5714514662356
viability_percent,,sens_noise_5pp,ROUND_005,12,17.55317017604546,15.221410235760251,20.593718509300036,-0.3006260665407632,0.75,58.16575644624666,0.8126107032724816,0.8333333333333334,61.443856888472375
viability_percent,,sens_noise_5pp,ROUND_006,12,18.79414655942865,13.616016831611153,21.10933687622935,-0.6307380530295796,0.8333333333333334,55.170426201017754,0.3450789794499594,0.9166666666666666,59.17079874566264
viability_percent,,sens_noise_5pp,ROUND_007,12,13.999253151591498,11.159988891636425,16.909724429679684,0.1170113336158558,1.0,50.94195666082995,0.5989501304292861,1.0,55.376476982190674
viability_percent,,sens_noise_5pp,ROUND_008,12,19.404753720717462,17.572076659053685,20.84888029303206,-2.353486194963589,0.6666666666666666,56.79086410086922,0.5594405594405596,0.8333333333333334,60.79289707980849
viability_percent,,sens_noise_5pp,ROUND_009,12,10.771210393915553,5.632558290347146,13.811915633115824,0.3305156478026071,0.8333333333333334,52.45522548886379,0.7692307692307694,0.9166666666666666,56.88842346220799
viability_percent,,sens_noise_5pp,role:cold_start_graduation,6,25.381318757800006,25.381318757800006,26.046015997631024,-18.24919484692468,1.0,70.33639093473727,-0.23190841426097938,1.0,73.0166734754808
viability_percent,,sens_noise_5pp,role:rescue_candidate,11,10.834189602660466,3.292928484195351,13.331820436509295,0.4061591896730943,0.8181818181818182,43.015299816900466,0.5909090909090909,0.9090909090909091,47.47081594660822
viability_percent,,sens_noise_5pp,role:retest_priority,9,11.17593006162516,-3.6513571210442755,13.25807777127748,0.18501640023119958,0.4444444444444444,17.904293851080197,0.75,0.6666666666666666,26.589314771144238
viability_percent,,sens_noise_5pp,role:screening_candidate,58,15.171381344009855,12.441993232824245,18.739131306637155,-0.2136539865103031,0.8793103448275862,61.33621997662593,0.5987141626676511,0.9137931034482759,64.49460681877015
viability_percent,,sens_noise_5pp,support:model_supported,11,9.798054942943265,8.827859101318909,12.315284285918064,0.015065136226825149,0.7272727272727273,40.58884772096116,0.5181818181818182,0.9090909090909091,45.30265684819242
viability_percent,,sens_noise_5pp,support:observed_retest,6,11.54720347579194,-0.26034406492061396,14.10805272045468,0.23535698876637956,0.5,17.564477312115464,0.6,0.6666666666666666,26.378805778968047
viability_percent,,sens_noise_5pp,support:unclassified_historical,48,15.039268322678522,9.685584024893949,18.840260710246664,-0.13112160452011024,0.8333333333333334,56.07436441440831,0.5762445069520583,0.875,59.65784321675117
viability_percent,,sens_noise_5pp,support:unknown_cold_start,4,26.033258211542012,26.033258211542012,26.22312712935335,-69.72054105341991,1.0,71.70275588622374,-0.7378647873726218,1.0,74.33333842716549
viability_percent,,sens_noise_5pp,support:unknown_prior_reversion,15,16.593849941426573,14.179871168086317,18.838687579881785,-1.1688346569579813,1.0,72.23875617723965,0.1464285714285714,1.0,74.85054377185995
viability_percent,,sens_noise_learned,pooled,84,14.89111361032039,10.31971493650852,18.2474277873627,-0.08857307476218601,0.8333333333333334,55.13033302935281,0.5929945884359831,0.8928571428571429,58.89277158879507
viability_percent,,sens_noise_learned,ROUND_003,12,7.142033580119889,0.22433152076563564,8.162683935471957,0.26556683248780455,0.9166666666666666,58.16064809974831,0.6164632921377448,1.0,59.16832639265397
viability_percent,,sens_noise_learned,ROUND_004,12,16.919900108795204,9.42858142377561,22.029765499528597,-0.3489600006721907,0.75,51.581804772000275,-0.06993006993006995,0.75,52.648616919489825
viability_percent,,sens_noise_learned,ROUND_005,12,17.415124102325716,15.22281721486146,20.47375927773822,-0.2855178007912955,0.75,57.76431766071253,0.8126107032724816,0.8333333333333334,58.7335105232522
viability_percent,,sens_noise_learned,ROUND_006,12,19.340295645426973,13.410290244210584,21.46676821057536,-0.6864301506444865,0.8333333333333334,53.484670060189245,0.3450789794499594,0.8333333333333334,55.07597109113599
viability_percent,,sens_noise_learned,ROUND_007,12,13.553626564170612,10.96260890220101,16.79261383943484,0.1291994971313707,1.0,52.72869365666647,0.5359027482788349,1.0,60.032816215136485
viability_percent,,sens_noise_learned,ROUND_008,12,19.339114019952138,17.65080730998428,20.784352767934536,-2.33276016138771,0.75,57.788329126471844,0.5594405594405596,0.9166666666666666,63.62402049189331
viability_percent,,sens_noise_learned,ROUND_009,12,10.5277012514522,5.338567939761055,13.59640441730148,0.35124495993060445,0.8333333333333334,54.40386782968101,0.7692307692307694,0.9166666666666666,62.96613948800381
viability_percent,,sens_noise_learned,role:cold_start_graduation,6,25.38086328069159,25.38086328069159,26.04544033467847,-18.24834397392472,1.0,70.33639007365572,-0.23190841426097938,1.0,72.525345500948
viability_percent,,sens_noise_learned,role:rescue_candidate,11,11.062824244854829,3.236289017242705,13.349216498381814,0.4046084290079708,0.8181818181818182,43.09590701723412,0.5909090909090909,0.9090909090909091,47.15846959045573
viability_percent,,sens_noise_learned,role:retest_priority,9,11.075528186584698,-4.226095077131955,13.545952877154356,0.14924038544048446,0.4444444444444444,18.928714376242393,0.65,0.5555555555555556,28.778233524559546
viability_percent,,sens_noise_learned,role:screening_candidate,58,15.124095572587894,12.362181922191102,18.702535985141374,-0.20891836783333217,0.8793103448275862,61.4571763353094,0.599913867355728,0.9310344827586207,64.38092195236294
viability_percent,,sens_noise_learned,support:model_supported,11,9.487038302367267,8.3608113710964,11.947986887358105,0.07293944697155152,0.7272727272727273,42.649468684422295,0.5363636363636364,1.0,50.97108799533432
viability_percent,,sens_noise_learned,support:observed_retest,6,10.553189200418188,-0.279039536239073,13.705504884150931,0.2783698779213124,0.6666666666666666,23.246149828429196,0.6,0.6666666666666666,35.827958282415004
viability_percent,,sens_noise_learned,support:unclassified_historical,48,15.204338359166947,9.571505100903321,18.920471276926307,-0.14077338576344411,0.8125,55.24786014816258,0.5776016536947624,0.8541666666666666,56.406606231633
viability_percent,,sens_noise_learned,support:unknown_cold_start,4,26.03546249834104,26.03546249834104,26.22506865115764,-69.73101353099567,1.0,71.7027722605836,-0.7378647873726218,1.0,76.57656862598527
viability_percent,,sens_noise_learned,support:unknown_prior_reversion,15,16.61512636699908,14.199151464357735,18.8640055244192,-1.174668113594635,1.0,72.2412362541518,0.1464285714285714,1.0,77.16798147955299
viability_percent,,sens_rbf,pooled,84,15.689753377156121,10.671920648747195,18.770233168388703,-0.15184387147254896,0.7023809523809523,50.380741568774724,0.5572334750915647,0.7142857142857143,50.70814305428017
viability_percent,,sens_rbf,ROUND_003,12,7.288136883641826,0.3635065083465789,8.193965588258486,0.2599269460452196,0.9166666666666666,57.26365188487341,0.6164632921377448,0.9166666666666666,57.51284019539829
viability_percent,,sens_rbf,ROUND_004,12,17.693105905476795,8.782098817375855,22.3507874442857,-0.3885610554860992,0.6666666666666666,49.60626856367107,-0.1398601398601399,0.6666666666666666,49.766453449994174
viability_percent,,sens_rbf,ROUND_005,12,17.08715218824753,15.448061325313395,20.240008963875994,-0.25633167753892927,0.75,55.24017275037644,0.8756580854229328,0.75,55.38808006219733
viability_percent,,sens_rbf,ROUND_006,12,20.120678433474236,13.870470142451929,22.030795302662632,-0.7762143512235573,0.6666666666666666,49.66126586913061,0.2464849853213996,0.6666666666666666,50.056974733372904
viability_percent,,sens_rbf,ROUND_007,12,15.316741596822789,12.13927410391108,17.517295790273952,0.052419323863023615,0.5833333333333334,43.153036502152624,0.7250448947301885,0.6666666666666666,43.626618863288826
viability_percent,,sens_rbf,ROUND_008,12,20.007759198405896,17.221602132444357,21.48508215163198,-2.5612715357961835,0.6666666666666666,51.7621121773731,0.5804195804195805,0.6666666666666666,52.16357087723707
viability_percent,,sens_rbf,ROUND_009,12,12.314699434023764,6.878431511387163,15.364715732372844,0.17152071065275587,0.6666666666666666,45.97868323384588,0.6993006993006995,0.6666666666666666,46.4424631984726
viability_percent,,sens_rbf,role:cold_start_graduation,6,25.408166457106205,25.408166457106205,26.072761740212773,-18.288747793743514,1.0,70.33648395802818,-0.23190841426097938,1.0,70.44565452010808
viability_percent,,sens_rbf,role:rescue_candidate,11,12.028611919608885,3.887824458150145,13.980290869021374,0.34698441927613066,0.5454545454545454,32.89761426052325,0.6090909090909091,0.6363636363636364,33.19680355867502
viability_percent,,sens_rbf,role:retest_priority,9,12.766734958748566,-4.540426406719823,14.427904738155435,0.034851195140590874,0.0,3.774248968251595,0.7666666666666667,0.0,5.449000493581748
viability_percent,,sens_rbf,role:screening_candidate,58,15.83232653782831,12.79465697194748,19.250110462315938,-0.28074429486488595,0.8103448275862069,58.864161904291166,0.5599852344038392,0.8103448275862069,59.010418031917666
viability_percent,,sens_rbf,support:model_supported,11,12.671732200894162,10.735346837161199,15.351809602856667,-0.5305156629622994,0.36363636363636365,27.091464754594593,0.39090909090909093,0.45454545454545453,27.441668224987165
viability_percent,,sens_rbf,support:observed_retest,6,12.749783172867168,-0.41032034482405333,14.641158513239676,0.17647751618358543,0.0,3.707277279061609,0.6571428571428573,0.0,5.4058127274956815
viability_percent,,sens_rbf,support:unclassified_historical,48,15.547268352710097,9.61603419837194,19.116175584873183,-0.16449466420191317,0.75,52.942839767012885,0.5324358100975778,0.75,53.181087110240675
viability_percent,,sens_rbf,support:unknown_cold_start,4,26.066884122031162,26.066884122031162,26.25277578324521,-69.8805489860555,1.0,71.70330301442849,-0.7378647873726218,1.0,71.81037573484036
viability_percent,,sens_rbf,support:unknown_prior_reversion,15,16.767674201057726,14.33181755633051,19.007005790794036,-1.2077636104889833,1.0,72.24419966185567,0.175,1.0,72.3504736992525
viability_percent,,sens_recent3,pooled,84,13.847620634625937,5.920078140645181,16.872365432043576,0.06930747269355542,0.8095238095238095,54.68057923936631,0.4860303237961483,0.8095238095238095,54.97501942990952
viability_percent,,sens_recent3,ROUND_003,12,7.150968470278481,0.20587651367251456,8.15499178936566,0.26695037383760944,0.9166666666666666,57.673904408082514,0.6164632921377448,0.9166666666666666,57.92205920617412
viability_percent,,sens_recent3,ROUND_004,12,16.997666821074244,9.361785590286166,22.048049314323215,-0.35120009441586486,0.75,51.42734629548727,-0.06993006993006995,0.75,51.57878202502389
viability_percent,,sens_recent3,ROUND_005,12,18.88063188279509,16.079779831482046,21.995983369730027,-0.4837805526447878,0.75,61.87463958460197,0.7845896445389478,0.75,61.99915764142281
viability_percent,,sens_recent3,ROUND_006,12,16.663672513779925,7.831591965143811,18.866824852618436,-0.30266474492398965,0.75,53.69810102250494,0.25919479328518813,0.75,54.07086135927327
viability_percent,,sens_recent3,ROUND_007,12,12.511089453930277,4.457600789557779,14.447877345807674,0.3554002079557478,0.8333333333333334,53.79335352848651,0.4658501014450003,0.8333333333333334,54.16876778262222
viability_percent,,sens_recent3,ROUND_008,12,12.420346703441824,7.797081523143514,14.021546881882848,-0.5167810988031345,0.8333333333333334,54.854102489519015,0.5944055944055945,0.8333333333333334,55.22713198894677
viability_percent,,sens_recent3,ROUND_009,12,12.30896859708171,-4.293169228769552,13.963929822020798,0.31569783818314345,0.8333333333333334,49.44260734688199,0.6339764538462033,0.8333333333333334,49.858376005903516
viability_percent,,sens_recent3,role:cold_start_graduation,6,20.019620791958562,20.019620791958562,20.869674056006016,-11.358372894284129,1.0,68.30107058850417,-0.08571428571428573,1.0,68.4137274601617
viability_percent,,sens_recent3,role:rescue_candidate,11,12.479851104444634,-1.548905626821154,15.44861737039752,0.20261077565327612,0.9090909090909091,51.66039311633603,0.4090909090909091,0.9090909090909091,51.81344373715411
viability_percent,,sens_recent3,role:retest_priority,9,12.789433429138075,-4.598749465337485,14.439868714882744,0.033249880800597764,0.0,3.78429528747243,0.7666666666666667,0.0,5.455582314608512
viability_percent,,sens_recent3,role:screening_candidate,58,13.632743888718855,7.51026803699162,17.018113306580616,-0.0009647872666842527,0.896551724137931,61.742056046703404,0.47542874726841966,0.896551724137931,61.86846802433202
viability_percent,,sens_recent3,support:model_supported,11,11.60020110000061,-4.4608872930445225,13.481885247536827,-0.18037466633166632,1.0,54.30775289393793,0.4090909090909091,1.0,54.455896252870026
viability_percent,,sens_recent3,support:observed_retest,6,12.750183477980938,-0.46415753228005247,14.614960648405114,0.17942198655752917,0.0,3.72007499448114,0.6571428571428573,0.0,5.414081942066905
viability_percent,,sens_recent3,support:unclassified_historical,48,14.923234921981932,8.369758475146133,18.65744311308673,-0.10927629753606016,0.7916666666666666,56.16849782766917,0.522350386947713,0.7916666666666666,56.39271505797353
viability_percent,,sens_recent3,support:unknown_cold_start,4,17.892663703398707,17.892663703398707,18.176191089209606,-32.97679215666658,1.0,71.3253849050325,-0.7378647873726218,1.0,71.43302409852848
viability_percent,,sens_recent3,support:unknown_prior_reversion,15,11.414059284797236,5.054813840717075,13.169620615487913,-0.05991657838001707,1.0,66.13823259722108,-0.08221629735166394,1.0,66.25465750010562
