endpoint,mechanical_definition_id,round_id,variant,baseline,n,mae_change,mean_absolute_prediction_change
viability_percent,,ROUND_003,sens_mixed_sources,sens_baseline,12,9.385615928421085,14.559258791522778
viability_percent,,ROUND_003,sens_bounds,sens_baseline,12,1.8214036106404032,9.194006250332443
viability_percent,,ROUND_003,sens_matern15,sens_baseline,12,-0.060890568189647,0.118473343914317
viability_percent,,ROUND_003,sens_rbf,sens_baseline,12,0.1371684133633453,0.29974669156263517
viability_percent,,ROUND_003,sens_length_short,sens_baseline,12,0.5998816822564059,1.4171243720193896
viability_percent,,ROUND_003,sens_length_long,sens_baseline,12,0.13108567979070962,7.67580445482038
viability_percent,,ROUND_003,sens_length_learned,sens_baseline,12,-1.657733111303946,5.108655273995841
viability_percent,,ROUND_003,sens_ard_learned,sens_baseline,12,5.285614718615302,13.220488934966426
viability_percent,,ROUND_003,sens_amplitude_learned,sens_baseline,12,-0.00040464580067300915,0.0017185499572590264
viability_percent,,ROUND_003,sens_mean_median,sens_baseline,12,-0.47730225188156794,2.3001383498707386
viability_percent,,ROUND_003,sens_recent3,sens_baseline,12,0.0,0.0
viability_percent,,ROUND_003,sens_noise_learned,sens_baseline,12,-0.008934890158592168,0.03762453740140822
viability_percent,,ROUND_003,sens_bounds_learned,sens_baseline,12,-1.0881526704057292,5.396457783355366
viability_percent,,ROUND_003,sens_bounds_learned_wide,sens_bounds_learned,12,5.765454102579781e-06,1.5476709928445114e-05
viability_percent,,ROUND_003,sens_bounds_learned_restarts,sens_bounds_learned,12,0.0,0.0
viability_percent,,ROUND_003,sens_noise_1pp,sens_baseline,12,0.0,0.0
viability_percent,,ROUND_003,sens_noise_3pp,sens_baseline,12,-0.014093958715160504,0.0589950943193592
viability_percent,,ROUND_003,sens_noise_5pp,sens_baseline,12,-0.04028921848599776,0.16270485111226307
viability_percent,,ROUND_003,sens_noise_10pp,sens_baseline,12,-0.1487790774450488,0.5505352934906904
viability_percent,,ROUND_003,sens_logit,sens_baseline,12,-0.036011645438452256,0.12110434608041043
viability_percent,,ROUND_004,sens_mixed_sources,sens_baseline,12,12.950324107590262,18.35322725959377
viability_percent,,ROUND_004,sens_bounds,sens_baseline,12,-2.72207295148028,5.550619808638007
viability_percent,,ROUND_004,sens_matern15,sens_baseline,12,-0.3346984179843062,0.3585039688147364
viability_percent,,ROUND_004,sens_rbf,sens_baseline,12,0.6954390844025511,0.7709776462844934
viability_percent,,ROUND_004,sens_length_short,sens_baseline,12,0.22808552434798202,3.8463768863093812
viability_percent,,ROUND_004,sens_length_long,sens_baseline,12,-3.6085371745848143,6.361837943057433
viability_percent,,ROUND_004,sens_length_learned,sens_baseline,12,-2.234745639016589,4.045036049311212
viability_percent,,ROUND_004,sens_ard_learned,sens_baseline,12,-0.10307315899473224,8.570573472180664
viability_percent,,ROUND_004,sens_amplitude_learned,sens_baseline,12,-0.003129503786247767,0.0039200166018158455
viability_percent,,ROUND_004,sens_mean_median,sens_baseline,12,-1.1227414358190888,2.0914613905883774
viability_percent,,ROUND_004,sens_recent3,sens_baseline,12,0.0,0.0
viability_percent,,ROUND_004,sens_noise_learned,sens_baseline,12,-0.07776671227903975,0.09744840948978488
viability_percent,,ROUND_004,sens_bounds_learned,sens_baseline,12,-1.189138173202542,2.835952868204048
viability_percent,,ROUND_004,sens_bounds_learned_wide,sens_bounds_learned,12,5.2208730725311625e-06,7.3127767201697225e-06
viability_percent,,ROUND_004,sens_bounds_learned_restarts,sens_bounds_learned,12,5.702510595284593e-06,7.96104033451428e-06
viability_percent,,ROUND_004,sens_noise_1pp,sens_baseline,12,0.0,0.0
viability_percent,,ROUND_004,sens_noise_3pp,sens_baseline,12,-0.10152379425646885,0.12704424169360587
viability_percent,,ROUND_004,sens_noise_5pp,sens_baseline,12,-0.29858951762674835,0.36814313296878404
viability_percent,,ROUND_004,sens_noise_10pp,sens_baseline,12,-0.7697463073090063,1.186921910613383
viability_percent,,ROUND_004,sens_logit,sens_baseline,12,-0.036154939601011904,0.08334419658853953
viability_percent,,ROUND_005,sens_mixed_sources,sens_baseline,12,13.100808821989538,15.255274485858651
viability_percent,,ROUND_005,sens_bounds,sens_baseline,12,0.7955514182189134,5.344898513686137
viability_percent,,ROUND_005,sens_matern15,sens_baseline,12,0.16785824306710495,0.33554168177289306
viability_percent,,ROUND_005,sens_rbf,sens_baseline,12,-0.2855427833493813,0.9333533599170311
viability_percent,,ROUND_005,sens_length_short,sens_baseline,12,3.1782117638063347,3.6167448670735465
viability_percent,,ROUND_005,sens_length_long,sens_baseline,12,0.9658050843952068,3.9426168253743223
viability_percent,,ROUND_005,sens_length_learned,sens_baseline,12,0.2900433614279194,3.137762534171495
viability_percent,,ROUND_005,sens_ard_learned,sens_baseline,12,0.15256263833706996,3.2489179662842833
viability_percent,,ROUND_005,sens_amplitude_learned,sens_baseline,12,0.001057381215133546,0.002804905411938267
viability_percent,,ROUND_005,sens_mean_median,sens_baseline,12,-0.6652916234304911,1.00168915315961
viability_percent,,ROUND_005,sens_recent3,sens_baseline,12,1.507936911198179,1.5389775844188331
viability_percent,,ROUND_005,sens_noise_learned,sens_baseline,12,0.04242913072880583,0.09494816805033975
viability_percent,,ROUND_005,sens_bounds_learned,sens_baseline,12,0.10978688197702624,4.036926806724213
viability_percent,,ROUND_005,sens_bounds_learned_wide,sens_bounds_learned,12,1.03930610961811e-06,2.6549539775544417e-06
viability_percent,,ROUND_005,sens_bounds_learned_restarts,sens_bounds_learned,12,-1.9760245706379465e-07,5.071314064982365e-07
viability_percent,,ROUND_005,sens_noise_1pp,sens_baseline,12,0.0,0.0
viability_percent,,ROUND_005,sens_noise_3pp,sens_baseline,12,0.056213524077541877,0.12117501337834143
viability_percent,,ROUND_005,sens_noise_5pp,sens_baseline,12,0.18047520444854825,0.3187579029138862
viability_percent,,ROUND_005,sens_noise_10pp,sens_baseline,12,0.6762467738571765,0.9363659607505136
viability_percent,,ROUND_005,sens_logit,sens_baseline,12,-0.06796939218770248,0.8158997174760912
viability_percent,,ROUND_006,sens_mixed_sources,sens_baseline,12,11.097406540563508,11.822115135922028
viability_percent,,ROUND_006,sens_bounds,sens_baseline,12,-2.6436684373627806,8.58241391758902
viability_percent,,ROUND_006,sens_matern15,sens_baseline,12,-0.2857176248013751,0.28983886441738144
viability_percent,,ROUND_006,sens_rbf,sens_baseline,12,0.543710475031471,0.5635057617401725
viability_percent,,ROUND_006,sens_length_short,sens_baseline,12,-1.4348373571269875,5.040626414924059
viability_percent,,ROUND_006,sens_length_long,sens_baseline,12,1.3176945741312451,4.397194293655754
viability_percent,,ROUND_006,sens_length_learned,sens_baseline,12,1.081521165375289,1.4632742905759786
viability_percent,,ROUND_006,sens_ard_learned,sens_baseline,12,-1.1825766733065564,4.1222252965261275
viability_percent,,ROUND_006,sens_amplitude_learned,sens_baseline,12,-0.004700307060609532,0.004708268219204874
viability_percent,,ROUND_006,sens_mean_median,sens_baseline,12,-0.17296266327765863,0.23437951834703505
viability_percent,,ROUND_006,sens_recent3,sens_baseline,12,-2.9132954446628396,5.477973630718492
viability_percent,,ROUND_006,sens_noise_learned,sens_baseline,12,-0.2366723130157915,0.23708087721817397
viability_percent,,ROUND_006,sens_bounds_learned,sens_baseline,12,-0.8108446845652075,4.0547423659641675
viability_percent,,ROUND_006,sens_bounds_learned_wide,sens_bounds_learned,12,-1.5364726380084903e-08,1.3056031556805496e-06
viability_percent,,ROUND_006,sens_bounds_learned_restarts,sens_bounds_learned,12,-1.1649536446611819e-08,1.3302286397028535e-06
viability_percent,,ROUND_006,sens_noise_1pp,sens_baseline,12,0.0,0.0
viability_percent,,ROUND_006,sens_noise_3pp,sens_baseline,12,-0.28001788124004534,0.28050280569680036
viability_percent,,ROUND_006,sens_noise_5pp,sens_baseline,12,-0.7828213990141144,0.7842203184571632
viability_percent,,ROUND_006,sens_noise_10pp,sens_baseline,12,-2.4998813290555617,2.504674613502957
viability_percent,,ROUND_006,sens_logit,sens_baseline,12,-1.001134438234537,1.1170922624102833
viability_percent,,ROUND_007,sens_mixed_sources,sens_baseline,12,7.500113582591917,12.833148718823999
viability_percent,,ROUND_007,sens_bounds,sens_baseline,12,-5.552932645070047,6.597375210191569
viability_percent,,ROUND_007,sens_matern15,sens_baseline,12,-0.2441671404923209,0.2752764033358126
viability_percent,,ROUND_007,sens_rbf,sens_baseline,12,0.629090209814283,0.6501483101973916
viability_percent,,ROUND_007,sens_length_short,sens_baseline,12,1.190319578222402,3.3727219402715236
viability_percent,,ROUND_007,sens_length_long,sens_baseline,12,-1.6927009448569432,3.322024567357675
viability_percent,,ROUND_007,sens_length_learned,sens_baseline,12,-0.5320342923309749,0.9451954874277053
viability_percent,,ROUND_007,sens_ard_learned,sens_baseline,12,-1.9969577850799887,2.819127850122259
viability_percent,,ROUND_007,sens_amplitude_learned,sens_baseline,12,0.005440467602156218,0.005783791103296447
viability_percent,,ROUND_007,sens_mean_median,sens_baseline,12,-0.010216112089150187,0.014819481024984427
viability_percent,,ROUND_007,sens_recent3,sens_baseline,12,-2.1765619330782293,7.091937407917915
viability_percent,,ROUND_007,sens_noise_learned,sens_baseline,12,-1.134024822837894,1.280444463491092
viability_percent,,ROUND_007,sens_bounds_learned,sens_baseline,12,-0.16866704507111052,0.7760202031667434
viability_percent,,ROUND_007,sens_bounds_learned_wide,sens_bounds_learned,12,-3.553582633486485e-06,5.894865097388902e-06
viability_percent,,ROUND_007,sens_bounds_learned_restarts,sens_bounds_learned,12,0.0,0.0
viability_percent,,ROUND_007,sens_noise_1pp,sens_baseline,12,0.0,0.0
viability_percent,,ROUND_007,sens_noise_3pp,sens_baseline,12,-0.2603058884830798,0.27731461558019593
viability_percent,,ROUND_007,sens_noise_5pp,sens_baseline,12,-0.688398235417008,0.757604350127513
viability_percent,,ROUND_007,sens_noise_10pp,sens_baseline,12,-1.4994306787514091,2.174578215196421
viability_percent,,ROUND_007,sens_logit,sens_baseline,12,0.04964918437628718,1.2999244442871887
viability_percent,,ROUND_008,sens_mixed_sources,sens_baseline,12,15.578916565960373,15.990744488570952
viability_percent,,ROUND_008,sens_bounds,sens_baseline,12,-5.206573854866177,16.371331521870456
viability_percent,,ROUND_008,sens_matern15,sens_baseline,12,-0.11713110024156137,0.45195095222475895
viability_percent,,ROUND_008,sens_rbf,sens_baseline,12,0.6706652422189876,1.263405081290611
viability_percent,,ROUND_008,sens_length_short,sens_baseline,12,-1.514244214437312,3.717485847294435
viability_percent,,ROUND_008,sens_length_long,sens_baseline,12,-7.481510872383508,12.90394045726604
viability_percent,,ROUND_008,sens_length_learned,sens_baseline,12,0.049332722470367685,0.736098599922327
viability_percent,,ROUND_008,sens_ard_learned,sens_baseline,12,-5.2225557212251665,7.489822984433428
viability_percent,,ROUND_008,sens_amplitude_learned,sens_baseline,12,-0.0019205432024946845,0.004415442938302465
viability_percent,,ROUND_008,sens_mean_median,sens_baseline,12,0.6075864625262639,0.6080718287756052
viability_percent,,ROUND_008,sens_recent3,sens_baseline,12,-6.916747252745084,9.449452925568309
viability_percent,,ROUND_008,sens_noise_learned,sens_baseline,12,0.0020200637652294517,0.7707052424638418
viability_percent,,ROUND_008,sens_bounds_learned,sens_baseline,12,-2.0404236381329817,2.0550288592815193
viability_percent,,ROUND_008,sens_bounds_learned_wide,sens_bounds_learned,12,3.179912207329494e-05,6.380761653357325e-05
viability_percent,,ROUND_008,sens_bounds_learned_restarts,sens_bounds_learned,12,0.0,0.0
viability_percent,,ROUND_008,sens_noise_1pp,sens_baseline,12,0.0,0.0
viability_percent,,ROUND_008,sens_noise_3pp,sens_baseline,12,0.07283094053784112,0.2459206510123583
viability_percent,,ROUND_008,sens_noise_5pp,sens_baseline,12,0.06765976453055345,0.5630022578062915
viability_percent,,ROUND_008,sens_noise_10pp,sens_baseline,12,-0.3750241543205419,1.2914798609697258
viability_percent,,ROUND_008,sens_logit,sens_baseline,12,-0.7556516976800438,0.7556516976800453
viability_percent,,ROUND_009,sens_mixed_sources,sens_baseline,12,11.140253269805148,12.760050438772957
viability_percent,,ROUND_009,sens_bounds,sens_baseline,12,-0.12774790927108448,3.032754407050134
viability_percent,,ROUND_009,sens_matern15,sens_baseline,12,-0.21064129533025344,0.337390046175269
viability_percent,,ROUND_009,sens_rbf,sens_baseline,12,1.146607027357291,1.537950914142127
viability_percent,,ROUND_009,sens_length_short,sens_baseline,12,1.2567323709493756,4.990831020343123
viability_percent,,ROUND_009,sens_length_long,sens_baseline,12,-0.3715418920028224,2.9317030682747767
viability_percent,,ROUND_009,sens_length_learned,sens_baseline,12,0.1975938752565689,0.866400977695165
viability_percent,,ROUND_009,sens_ard_learned,sens_baseline,12,0.4282472896220444,5.479080942839261
viability_percent,,ROUND_009,sens_amplitude_learned,sens_baseline,12,0.005561621735376221,0.005752538336896151
viability_percent,,ROUND_009,sens_mean_median,sens_baseline,12,-0.22814131913108682,0.3538431258300223
viability_percent,,ROUND_009,sens_recent3,sens_baseline,12,1.1408761904152378,10.253682971240856
viability_percent,,ROUND_009,sens_noise_learned,sens_baseline,12,-0.6403911552142727,0.8370526886760352
viability_percent,,ROUND_009,sens_bounds_learned,sens_baseline,12,0.2078704326045102,0.7152746343550968
viability_percent,,ROUND_009,sens_bounds_learned_wide,sens_bounds_learned,12,3.2827652596267853e-07,9.327045168798046e-07
viability_percent,,ROUND_009,sens_bounds_learned_restarts,sens_bounds_learned,12,0.0,0.0
viability_percent,,ROUND_009,sens_noise_1pp,sens_baseline,12,0.0,0.0
viability_percent,,ROUND_009,sens_noise_3pp,sens_baseline,12,-0.18719889516496835,0.1991416712075207
viability_percent,,ROUND_009,sens_noise_5pp,sens_baseline,12,-0.39688201275092005,0.4458686997914422
viability_percent,,ROUND_009,sens_noise_10pp,sens_baseline,12,-0.8379120040414882,1.2587500760736396
viability_percent,,ROUND_009,sens_logit,sens_baseline,12,-0.32546095149370835,0.6798368334918562
