variant,cohort,n,mae,bias,rmse,r2,interval_95_coverage,interval_95_width,spearman
campaign_bounds_learned,ROUND_003,12,6.062815799872751,-4.162286712096848,7.631062962546035,0.3581162309307082,0.9166666666666666,47.43069421489861,0.5779343363791357
campaign_bounds_learned,ROUND_004,12,15.808528647871702,9.63801458632113,21.356795353208877,-0.26780218519850285,0.6666666666666666,42.0607636033166,0.09090909090909093
campaign_bounds_learned,ROUND_005,12,17.482481853573937,16.299300615816488,21.170312502126805,-0.37447690532890765,0.5833333333333334,43.82931026139317,0.5734265734265735
campaign_bounds_learned,ROUND_006,12,18.766123273877557,10.018945848151809,20.196219511450447,-0.4927091290273453,0.6666666666666666,44.681074257539514,0.3356643356643357
campaign_bounds_learned,ROUND_007,12,14.518984341937392,11.431745155435939,17.06202231856898,0.1010343853074348,0.75,47.85104951458347,0.7762237762237763
campaign_bounds_learned,ROUND_008,12,17.296670318053927,15.206666179143014,18.883720171694282,-1.7510986497081928,0.75,54.64393325033765,0.6713286713286714
campaign_existing,ROUND_003,12,7.150968470278478,0.205876513672511,8.15499178936566,0.26695037383760956,0.9166666666666666,57.67390440808251,0.6164632921377448
campaign_existing,ROUND_004,12,16.997666821074237,9.361785590286162,22.0480493143232,-0.3512000944158633,0.75,51.427346295487276,-0.06993006993006995
campaign_existing,ROUND_005,12,17.37269497159691,15.218229307727801,20.43260265502022,-0.2803546656135789,0.75,57.57160489726606,0.8126107032724816
campaign_existing,ROUND_006,12,19.57696795844276,13.309565595862304,21.636458987991244,-0.7131973572488555,0.8333333333333334,52.18531951997829,0.3152369107522558
campaign_existing,ROUND_007,12,14.687651387008517,11.540316845308167,17.1939269193019,0.08708105037720337,0.8333333333333334,47.18237034411016,0.6690027772631207
campaign_existing,ROUND_008,12,19.33709395618693,17.24653444871184,20.85630551177133,-2.3558752731542763,0.6666666666666666,53.76159818569234,0.5804195804195805
campaign_existing_adaptive,ROUND_003,12,7.110679251792483,0.28934568152353474,8.189331690269132,0.26076376999483586,1.0,58.997397020847096,0.6164632921377448
campaign_existing_adaptive,ROUND_004,12,16.699077303447492,9.61556335068085,21.97842568503456,-0.34267989231035845,0.75,51.96387798952176,-0.06993006993006995
campaign_existing_adaptive,ROUND_005,12,17.55317017604546,15.221410235760251,20.593718509300036,-0.3006260665407632,0.75,58.16575644624666,0.8126107032724816
campaign_existing_adaptive,ROUND_006,12,18.794146559428654,13.616016831611153,21.10933687622935,-0.6307380530295796,0.8333333333333334,55.17042620101773,0.3152369107522558
campaign_existing_adaptive,ROUND_007,12,13.999253151591498,11.159988891636425,16.909724429679684,0.1170113336158558,1.0,50.94195666082995,0.5989501304292861
campaign_existing_adaptive,ROUND_008,12,19.404753720717462,17.572076659053685,20.84888029303206,-2.353486194963588,0.6666666666666666,56.790864100869214,0.5594405594405596
campaign_mean,ROUND_003,12,8.166770833333336,1.58364583333334,9.655576437875487,-0.027644099361796126,1.0,65.17240009482042,
campaign_mean,ROUND_004,12,17.44581018518519,11.535763888888894,22.200007012328065,-0.3698895318008115,0.75,57.25340930658873,
campaign_mean,ROUND_005,12,20.751744791666667,14.611406250000002,23.22860054015153,-0.6547370858713322,0.8333333333333334,65.14663151097523,
campaign_mean,ROUND_006,12,18.63811111111111,13.665999999999997,21.447903846159353,-0.6834674825560749,1.0,70.2408722316649,
campaign_mean,ROUND_007,12,19.13618055555556,8.900208333333337,20.07596431305252,-0.24461462222276986,1.0,72.2064948989872,
campaign_mean,ROUND_008,12,15.532986111111109,14.4425,18.390347752323468,-1.609221416237756,1.0,73.00863451422471,
campaign_median,ROUND_003,12,7.635416666666667,-1.3541666666666667,9.620602350338222,-0.02021298989589715,1.0,65.17240009482042,
campaign_median,ROUND_004,12,16.278333333333332,8.033333333333331,20.59856566102763,-0.17937871121647486,0.75,57.25340930658873,
campaign_median,ROUND_005,12,19.89375,12.895416666666668,22.189332154400983,-0.5099806144927865,0.8333333333333334,65.14663151097523,
campaign_median,ROUND_006,12,18.499374999999997,13.249791666666667,21.18513636029201,-0.6424703998860191,1.0,70.2408722316649,
campaign_median,ROUND_007,12,19.12666666666667,8.871666666666668,20.06332734534994,-0.24304825116980622,1.0,72.2064948989872,
campaign_median,ROUND_008,12,16.377083333333335,15.45541666666667,19.19606700711546,-1.8428606081581793,1.0,73.00863451422471,
current_mixed,ROUND_003,12,16.536584398699606,14.765135305195315,18.108306764727367,-2.614448211842299,0.9166666666666666,77.03061184755327,0.5989501304292861
current_mixed,ROUND_004,12,29.947990928664577,27.715012849879987,34.2044856763948,-2.251961928656827,0.5833333333333334,76.62552528712119,0.09090909090909093
current_mixed,ROUND_005,12,30.47350379358647,30.47350379358647,33.87960602971565,-2.520137374476364,0.75,76.59497353330833,0.7323649216501577
current_mixed,ROUND_006,12,30.674374499006163,25.122825914499117,33.914263943763686,-3.2092024621020734,0.6666666666666666,63.559676896043584,0.33625270480240615
current_mixed,ROUND_007,12,22.187764969600277,20.439580945250952,29.00029925263236,-1.597090165554111,0.6666666666666666,60.04486819641366,0.21366057284319562
current_mixed,ROUND_008,12,34.916010522147225,32.82513689021208,36.94392404435876,-9.529726638669809,0.4166666666666667,65.61596590260959,0.07692307692307693
legacy_correction,ROUND_003,12,6.679350354767332,-1.4024398208956281,8.343975658690326,0.23258130050783843,1.0,104.54446030334093,0.45884483676161686
legacy_correction,ROUND_004,12,18.438257420318745,13.286724647583435,24.145849612763833,-0.6205569827385284,1.0,97.2339374861097,0.006993006993006993
legacy_correction,ROUND_005,12,17.14002282523707,11.942220351639717,19.398314597775123,-0.154013544299763,1.0,99.08436881690265,0.43356643356643365
legacy_correction,ROUND_006,12,20.26696246011241,13.862592381517047,22.175906583712173,-0.799690362804425,0.9166666666666666,95.34791849795636,0.32224217543563927
legacy_correction,ROUND_007,12,13.105733648147174,9.60064748398097,16.068718648368332,0.2026581449840159,1.0,94.37234488361896,0.5288974835954515
legacy_correction,ROUND_008,12,18.80257463990824,15.930126767688405,20.217679612821602,-2.1535060708469524,1.0,98.65239078512634,0.5664335664335665
campaign_bounds_learned,pooled,72,14.989267372531211,9.73873094546192,18.339950639754477,-0.11053318884907659,0.7222222222222222,46.74947085034483,0.5016922446319797
campaign_bounds_learned,role:cold_start_graduation,6,23.805018827556523,23.805018827556523,24.60725249630468,-16.181307627936174,1.0,67.06127234963309,0.2571428571428572
campaign_bounds_learned,role:rescue_candidate,10,12.715209148206217,4.2993353399891,13.943870771863768,0.35954164670193933,0.6,29.10252365190924,0.6848484848484848
campaign_bounds_learned,role:retest_priority,7,12.53236352378407,-3.5318486746833555,13.968643593907375,-0.5505704125956021,0.0,3.9088959008312716,0.7857142857142859
campaign_bounds_learned,role:screening_candidate,49,14.72486738180321,11.02220617205738,18.775904685527365,-0.17141820985462908,0.8163265306122449,53.98381141432894,0.4411337025339128
campaign_bounds_learned,support:model_supported,7,10.347411906054719,10.347411906054719,13.378881681150302,-0.2165171267638475,0.7142857142857143,42.05695874417231,0.7500000000000002
campaign_bounds_learned,support:observed_retest,4,12.314008811553713,3.4368921743725425,13.928591680571918,-0.12262088381188319,0.0,3.9108212485934595,1.0
campaign_bounds_learned,support:unclassified_historical,48,14.529987393798985,7.948493584548146,18.509559987271338,-0.09176123683949333,0.7083333333333334,44.50046058428697,0.4236979945653493
campaign_bounds_learned,support:unknown_cold_start,4,25.789337440068575,25.789337440068575,25.9824340015976,-68.42825971606534,1.0,71.63810528449578,0.0
campaign_bounds_learned,support:unknown_prior_reversion,9,17.43806528566929,14.480459357199988,18.388276521236058,-0.9099907398662699,1.0,70.37170842638781,0.6666666666666667
campaign_existing,pooled,72,15.853840594097973,11.147051383594796,19.01255980027875,-0.19348345635058561,0.7916666666666666,53.300357275102776,0.5971315561758458
campaign_existing,role:cold_start_graduation,6,25.37872308655344,25.37872308655344,26.043509515375373,-18.24549021556656,1.0,70.33638548656567,-0.3714285714285715
campaign_existing,role:rescue_candidate,10,12.056942113931447,3.6621652290584477,13.99725479543445,0.35462827752946646,0.8,40.392574351720086,0.6484848484848483
campaign_existing,role:retest_priority,7,12.543381424350306,-3.534596656830207,13.988978735802421,-0.5550882485829731,0.0,3.909599913626586,0.7857142857142859
campaign_existing,role:screening_candidate,49,15.935328431550344,13.029303783810853,19.497627560346768,-0.26320480129279855,0.8775510204081632,60.904376897457524,0.6113066993213939
campaign_existing,support:model_supported,7,11.16168665458704,11.16168665458704,13.966734637561196,-0.3257705426162969,0.7142857142857143,36.909230756486785,0.7500000000000002
campaign_existing,support:observed_retest,4,12.322032796805038,3.4433405463551408,13.947241100756582,-0.12562911969548396,0.0,3.908611871313534,1.0
campaign_existing,support:unclassified_historical,48,15.274574555348098,9.523864251887195,18.962119992556314,-0.14580117162533357,0.8125,54.71454378020354,0.5791830644011323
campaign_existing,support:unknown_cold_start,4,26.028921803481374,26.028921803481374,26.21931490357791,-69.69998034216802,1.0,71.70273598810799,-0.7378647873726218
campaign_existing,support:unknown_prior_reversion,9,19.640146570565605,16.602373282976085,20.74715365132401,-1.431455111737776,1.0,72.27973506939293,0.45
campaign_existing_adaptive,pooled,72,15.593513360503842,11.24573360837765,18.88754565086538,-0.17783992467485588,0.8333333333333334,55.3383797365554,0.5918416568279581
campaign_existing_adaptive,role:cold_start_graduation,6,25.381318757800006,25.381318757800006,26.046015997631024,-18.24919484692468,1.0,70.33639093473727,-0.3714285714285715
campaign_existing_adaptive,role:rescue_candidate,10,11.81767613175165,3.7221537637897506,13.978959720181415,0.3563142378360854,0.8,42.582803450213234,0.6242424242424242
campaign_existing_adaptive,role:retest_priority,7,10.74268002479344,-2.2990837139334723,12.644631664759812,-0.2705606048493274,0.42857142857142855,18.522490506036142,0.8571428571428573
campaign_existing_adaptive,role:screening_candidate,49,15.858561794253184,12.985243992163829,19.45247772746257,-0.2573612748962404,0.8775510204081632,61.364480150595504,0.6045206388081024
campaign_existing_adaptive,support:model_supported,7,10.778167183424404,10.778167183424404,13.438898061020137,-0.22745596542166924,0.7142857142857143,40.21157235246175,0.7500000000000002
campaign_existing_adaptive,support:observed_retest,4,10.97465261841982,3.801640925585124,13.522575967966675,-0.05812643051268518,0.5,18.476413188806003,1.0
campaign_existing_adaptive,support:unclassified_historical,48,15.039268322678522,9.685584024893947,18.84026071024666,-0.1311216045201098,0.8333333333333334,56.074364414408315,0.5753290814983695
campaign_existing_adaptive,support:unknown_cold_start,4,26.033258211542005,26.033258211542005,26.22312712935335,-69.72054105341991,1.0,71.70275588622374,-0.7378647873726218
campaign_existing_adaptive,support:unknown_prior_reversion,9,19.707696540432156,16.666446641755773,20.819588480463327,-1.4484626962202358,1.0,72.28846293033763,0.39999999999999997
campaign_mean,pooled,72,16.61193393132716,10.789920717592596,19.69306207650063,-0.28044732452807164,0.9305555555555556,67.17140709287686,0.36392388740215525
campaign_mean,role:cold_start_graduation,6,25.408652777777775,25.408652777777775,26.073262353181796,-18.289488512360165,1.0,70.896079787439,-0.2070196678027063
campaign_mean,role:rescue_candidate,10,14.352893750000002,-0.09787638888888636,16.167288527676515,0.13900907497324588,1.0,66.78758505054773,0.49696992650327754
campaign_mean,role:retest_priority,7,14.083842261904762,10.303425595238096,15.15737384254414,-0.8257064249747266,1.0,70.86920048351058,0.25697808437502334
campaign_mean,role:screening_candidate,49,16.356969246031746,11.291370606575967,20.011159055205717,-0.3306220465799614,0.8979591836734694,66.26539955249896,0.36150489057598334
campaign_mean,support:model_supported,7,10.284583333333334,-1.3642261904761892,12.157547122414543,-0.004547609909610673,1.0,72.55026901980328,0.0
campaign_mean,support:observed_retest,4,13.931666666666667,7.315937500000002,14.921844772366127,-0.2884386330779989,1.0,72.60756470660596,0.0
campaign_mean,support:unclassified_historical,48,16.250609230324077,10.349203993055557,19.910116336570567,-0.2632318770972799,0.8958333333333334,64.45332828601232,0.3672162097007598
campaign_mean,support:unknown_cold_start,4,26.06729166666667,26.06729166666667,26.25313718439321,-69.88250051211931,1.0,72.2064948989872,
campaign_mean,support:unknown_prior_reversion,9,20.44912037037037,17.347685185185185,21.63534783798499,-1.644094503800643,1.0,72.83038126639416,0.6210590034081188
campaign_median,pooled,72,16.301770833333336,9.525243055555556,19.274592315817532,-0.22660750906665728,0.9305555555555556,67.17140709287686,0.36392388740215525
campaign_median,role:cold_start_graduation,6,25.121666666666666,25.121666666666666,25.79390540903025,-17.878355862152887,1.0,70.896079787439,-0.2070196678027063
campaign_median,role:rescue_candidate,10,14.8255,-1.4229999999999994,16.57304535986069,0.09524949534671512,1.0,66.78758505054773,0.49696992650327754
campaign_median,role:retest_priority,7,13.834642857142857,10.046071428571429,14.982888126364118,-0.7839147360523846,1.0,70.86920048351058,0.25697808437502334
campaign_median,role:screening_candidate,49,15.875510204081632,9.775408163265306,19.398449982787128,-0.2503865278841888,0.8979591836734694,66.26539955249896,0.36150489057598334
campaign_median,support:model_supported,7,10.429285714285713,-0.9464285714285704,12.15558601748889,-0.004223553690681614,1.0,72.55026901980328,0.0
campaign_median,support:observed_retest,4,14.438125000000001,7.808125000000002,15.266198927287041,-0.34859186971855216,1.0,72.60756470660596,0.0
campaign_median,support:unclassified_historical,48,15.57671875,8.206093749999999,19.09210151435339,-0.1615634843674696,0.8958333333333334,64.45332828601232,0.3672162097007598
campaign_median,support:unknown_cold_start,4,26.03875,26.03875,26.2247977828238,-69.7295524333643,1.0,72.2064948989872,
campaign_median,support:unknown_prior_reversion,9,21.236944444444447,18.12916666666667,22.44701865566512,-1.8462074079390507,1.0,72.83038126639416,0.6210590034081188
current_mixed,pooled,72,27.45603818528405,25.22353261643732,31.627344441126052,-2.3026357213110735,0.6666666666666666,69.9119369438416,0.5036946577766594
current_mixed,role:cold_start_graduation,6,43.41735322431481,43.41735322431481,43.90029624240039,-53.68457793117378,1.0,97.3992794708228,-0.942857142857143
current_mixed,role:rescue_candidate,10,11.828043569277416,7.02033169492058,14.318131819257887,0.3246997525913068,0.6,34.83516197666073,0.6969696969696969
current_mixed,role:retest_priority,7,12.51513800881172,-3.5796165931020476,14.06190403068804,-0.5713440260942937,0.0,3.895123115571404,0.7857142857142859
current_mixed,role:screening_candidate,49,30.825392413063405,30.825392413063405,34.11359682149963,-2.8669205734115595,0.7346938775510204,83.13563880726636,0.6129304684603373
current_mixed,support:model_supported,7,18.00480558305478,16.500165816432546,23.1987849648974,-2.6577084047682584,0.42857142857142855,29.301141498558945,0.6785714285714287
current_mixed,support:observed_retest,4,12.260607927378215,3.3765545501137115,14.060658460418447,-0.14401052773481293,0.0,3.8816323576208753,1.0
current_mixed,support:unclassified_historical,48,26.908113404989205,24.519119465790222,30.8052861447844,-2.0240291660630674,0.7291666666666666,73.4526968910066,0.5245751058746276
current_mixed,support:unknown_cold_start,4,45.2206616537013,45.2206616537013,45.328049338746055,-210.30543786122118,0.75,98.46678655428039,-0.7378647873726218
current_mixed,support:unknown_prior_reversion,9,36.5873987216965,36.5873987216965,39.00687760828959,-7.594717075018707,0.7777777777777778,99.26981589452902,-0.049999999999999996
legacy_correction,pooled,72,15.738816891415162,10.53664530191899,19.094797342408615,-0.20383044968596087,0.9861111111111112,98.20590346217584,0.4485605640515081
legacy_correction,role:cold_start_graduation,6,23.83379731090037,23.83379731090037,24.683090357321383,-16.287374039743966,1.0,118.22585959972123,-0.2571428571428572
legacy_correction,role:rescue_candidate,10,10.980028541750286,0.8683439566398157,12.495844527870629,0.4856539342671682,1.0,65.7248997480913,0.6848484848484848
legacy_correction,role:retest_priority,7,12.535400908251287,-3.564745131973058,13.977768668926077,-0.552596907539318,1.0,76.61965309111079,0.7857142857142859
legacy_correction,role:screening_candidate,49,16.176406949820972,12.896029678166904,20.034345733002244,-0.3337073830062889,0.9795918367346939,105.46700658284985,0.42791907970760196
legacy_correction,support:model_supported,7,7.980388100273759,6.191250875759757,10.31502657395219,0.27686513016722025,1.0,66.35721074458057,0.7500000000000002
legacy_correction,support:observed_retest,4,12.288866345271966,3.409781263214935,13.900336120474169,-0.11807080313284324,1.0,73.20244040256422,1.0
legacy_correction,support:unclassified_historical,48,15.631148265108889,9.422274389961144,19.498137253073743,-0.21149528272415674,0.9791666666666666,99.05267127607742,0.3342018129512023
legacy_correction,support:unknown_cold_start,4,24.31972056875277,24.31972056875277,24.761810387283294,-62.058175537962555,1.0,118.83866931526589,-0.316227766016838
legacy_correction,support:unknown_prior_reversion,9,20.06695945540552,16.901391951315922,21.169250894488897,-1.531396585304222,1.0,120.4035459935066,0.45
