round_id,variant,formulation_id,actual,predicted,std,support,role,seconds,cutoff,warnings
ROUND_003,current_mixed,v2_75d69addc009,34.5,29.24575715487311,0.9991394709236764,unclassified_historical,retest_priority,0.0064620409975759685,ROUND_003,
ROUND_003,current_mixed,v2_430e18c49d10,65.0,59.625548284101164,9.520940751078902,unclassified_historical,rescue_candidate,0.0064982500043697655,ROUND_003,
ROUND_003,current_mixed,v2_d93bf1a562c8,29.0,58.724742992940016,24.187978918531524,unclassified_historical,screening_candidate,0.006525415985379368,ROUND_003,
ROUND_003,current_mixed,v2_84c11063c325,44.5,62.813166233359446,21.785070096186512,unclassified_historical,screening_candidate,0.0065496249590069056,ROUND_003,
ROUND_003,current_mixed,v2_4aeffae55153,48.5,59.817729755972614,23.352298676726466,unclassified_historical,screening_candidate,0.006571875012014061,ROUND_003,
ROUND_003,current_mixed,v2_27a2b16cc327,53.0,71.820753280291,10.925520512478297,unclassified_historical,screening_candidate,0.006595124956220388,ROUND_003,
ROUND_003,current_mixed,v2_8f6028d7e59a,41.0,58.720808487471544,24.187978822516087,unclassified_historical,screening_candidate,0.006616999977268279,ROUND_003,
ROUND_003,current_mixed,v2_0a63a12b60f3,38.0,58.93019509730977,24.16077166458678,unclassified_historical,screening_candidate,0.006637749960646033,ROUND_003,
ROUND_003,current_mixed,v2_3db5f7aa7cdd,38.0,58.92437007701841,24.166804376952193,unclassified_historical,screening_candidate,0.006658124970272183,ROUND_003,
ROUND_003,current_mixed,v2_4f4525f1566d,36.0,58.918760209971296,24.164943773185,unclassified_historical,screening_candidate,0.0066784999798983335,ROUND_003,
ROUND_003,current_mixed,v2_afa1348627bc,38.5,58.914975039256724,24.168569469864593,unclassified_historical,screening_candidate,0.0066987499594688416,ROUND_003,
ROUND_003,current_mixed,v2_a7291b600bea,52.0,58.72481704977869,24.187978918663674,unclassified_historical,screening_candidate,0.006719416007399559,ROUND_003,
ROUND_003,campaign_mean,v2_75d69addc009,34.5,44.75031250000001,16.62561226908684,unclassified_historical,retest_priority,0.0012996669975109398,ROUND_003,
ROUND_003,campaign_mean,v2_430e18c49d10,65.0,44.75031250000001,16.62561226908684,unclassified_historical,rescue_candidate,0.001326582976616919,ROUND_003,
ROUND_003,campaign_mean,v2_d93bf1a562c8,29.0,44.75031250000001,16.62561226908684,unclassified_historical,screening_candidate,0.0013498329790309072,ROUND_003,
ROUND_003,campaign_mean,v2_84c11063c325,44.5,44.75031250000001,16.62561226908684,unclassified_historical,screening_candidate,0.0013718329719267786,ROUND_003,
ROUND_003,campaign_mean,v2_4aeffae55153,48.5,44.75031250000001,16.62561226908684,unclassified_historical,screening_candidate,0.0013931249850429595,ROUND_003,
ROUND_003,campaign_mean,v2_27a2b16cc327,53.0,44.75031250000001,16.62561226908684,unclassified_historical,screening_candidate,0.0014133749646134675,ROUND_003,
ROUND_003,campaign_mean,v2_8f6028d7e59a,41.0,44.75031250000001,16.62561226908684,unclassified_historical,screening_candidate,0.0014331669663079083,ROUND_003,
ROUND_003,campaign_mean,v2_0a63a12b60f3,38.0,44.75031250000001,16.62561226908684,unclassified_historical,screening_candidate,0.0014530000044032931,ROUND_003,
ROUND_003,campaign_mean,v2_3db5f7aa7cdd,38.0,44.75031250000001,16.62561226908684,unclassified_historical,screening_candidate,0.0014726669760420918,ROUND_003,
ROUND_003,campaign_mean,v2_4f4525f1566d,36.0,44.75031250000001,16.62561226908684,unclassified_historical,screening_candidate,0.0014919170062057674,ROUND_003,
ROUND_003,campaign_mean,v2_afa1348627bc,38.5,44.75031250000001,16.62561226908684,unclassified_historical,screening_candidate,0.0015112920082174242,ROUND_003,
ROUND_003,campaign_mean,v2_a7291b600bea,52.0,44.75031250000001,16.62561226908684,unclassified_historical,screening_candidate,0.0015304579865187407,ROUND_003,
ROUND_003,campaign_median,v2_75d69addc009,34.5,41.8125,16.62561226908684,unclassified_historical,retest_priority,0.001269084052182734,ROUND_003,
ROUND_003,campaign_median,v2_430e18c49d10,65.0,41.8125,16.62561226908684,unclassified_historical,rescue_candidate,0.0012959170271642506,ROUND_003,
ROUND_003,campaign_median,v2_d93bf1a562c8,29.0,41.8125,16.62561226908684,unclassified_historical,screening_candidate,0.0013257920509204268,ROUND_003,
ROUND_003,campaign_median,v2_84c11063c325,44.5,41.8125,16.62561226908684,unclassified_historical,screening_candidate,0.0013478340115398169,ROUND_003,
ROUND_003,campaign_median,v2_4aeffae55153,48.5,41.8125,16.62561226908684,unclassified_historical,screening_candidate,0.0013680000556632876,ROUND_003,
ROUND_003,campaign_median,v2_27a2b16cc327,53.0,41.8125,16.62561226908684,unclassified_historical,screening_candidate,0.0013879590551368892,ROUND_003,
ROUND_003,campaign_median,v2_8f6028d7e59a,41.0,41.8125,16.62561226908684,unclassified_historical,screening_candidate,0.0014075840008445084,ROUND_003,
ROUND_003,campaign_median,v2_0a63a12b60f3,38.0,41.8125,16.62561226908684,unclassified_historical,screening_candidate,0.0014272920088842511,ROUND_003,
ROUND_003,campaign_median,v2_3db5f7aa7cdd,38.0,41.8125,16.62561226908684,unclassified_historical,screening_candidate,0.0014466250431723893,ROUND_003,
ROUND_003,campaign_median,v2_4f4525f1566d,36.0,41.8125,16.62561226908684,unclassified_historical,screening_candidate,0.0014660840388387442,ROUND_003,
ROUND_003,campaign_median,v2_afa1348627bc,38.5,41.8125,16.62561226908684,unclassified_historical,screening_candidate,0.0014855840126983821,ROUND_003,
ROUND_003,campaign_median,v2_a7291b600bea,52.0,41.8125,16.62561226908684,unclassified_historical,screening_candidate,0.001504959014710039,ROUND_003,
ROUND_003,campaign_existing,v2_75d69addc009,34.5,29.240623820099646,0.9978909454915923,unclassified_historical,retest_priority,0.002398958953563124,ROUND_003,
ROUND_003,campaign_existing,v2_430e18c49d10,65.0,49.53160712941588,14.208411418208447,unclassified_historical,rescue_candidate,0.0024275839678011835,ROUND_003,
ROUND_003,campaign_existing,v2_d93bf1a562c8,29.0,44.55993702373247,16.2751587910916,unclassified_historical,screening_candidate,0.0024521249579265714,ROUND_003,
ROUND_003,campaign_existing,v2_84c11063c325,44.5,39.8180971485027,15.65671094222049,unclassified_historical,screening_candidate,0.002473708998877555,ROUND_003,
ROUND_003,campaign_existing,v2_4aeffae55153,48.5,44.75037792455746,16.275560175144715,unclassified_historical,screening_candidate,0.002493999956641346,ROUND_003,
ROUND_003,campaign_existing,v2_27a2b16cc327,53.0,47.939730977101796,15.567979322417798,unclassified_historical,screening_candidate,0.002513999992515892,ROUND_003,
ROUND_003,campaign_existing,v2_8f6028d7e59a,41.0,44.503373331415325,16.269788315763606,unclassified_historical,screening_candidate,0.002533916966058314,ROUND_003,
ROUND_003,campaign_existing,v2_0a63a12b60f3,38.0,43.40779244538854,16.24060364908459,unclassified_historical,screening_candidate,0.0025534169981256127,ROUND_003,
ROUND_003,campaign_existing,v2_3db5f7aa7cdd,38.0,43.98315207808873,16.26372490844654,unclassified_historical,screening_candidate,0.0025732089998200536,ROUND_003,
ROUND_003,campaign_existing,v2_4f4525f1566d,36.0,43.52127027479861,16.246514567161125,unclassified_historical,screening_candidate,0.0025929169496521354,ROUND_003,
ROUND_003,campaign_existing,v2_afa1348627bc,38.5,44.665544750282265,16.27545423842343,unclassified_historical,screening_candidate,0.002612458949442953,ROUND_003,
ROUND_003,campaign_existing,v2_a7291b600bea,52.0,44.549011260686704,16.274971322717022,unclassified_historical,screening_candidate,0.002631999959703535,ROUND_003,
ROUND_003,campaign_bounds_learned,v2_75d69addc009,34.5,29.22966535439639,0.9951152917924562,unclassified_historical,retest_priority,0.031973417033441365,ROUND_003,
ROUND_003,campaign_bounds_learned,v2_430e18c49d10,65.0,54.392428772912844,6.63093434647087,unclassified_historical,rescue_candidate,0.032008000009227544,ROUND_003,
ROUND_003,campaign_bounds_learned,v2_d93bf1a562c8,29.0,37.879940504648744,15.18923845917754,unclassified_historical,screening_candidate,0.03203425003448501,ROUND_003,
ROUND_003,campaign_bounds_learned,v2_84c11063c325,44.5,33.96837901310976,10.458726911471949,unclassified_historical,screening_candidate,0.032058042008429766,ROUND_003,
ROUND_003,campaign_bounds_learned,v2_4aeffae55153,48.5,35.097089647326456,14.117953136653304,unclassified_historical,screening_candidate,0.03208075003931299,ROUND_003,
ROUND_003,campaign_bounds_learned,v2_27a2b16cc327,53.0,49.24867667912088,10.026236536948643,unclassified_historical,screening_candidate,0.03210250003030524,ROUND_003,
ROUND_003,campaign_bounds_learned,v2_8f6028d7e59a,41.0,43.466540846547915,14.603407466860375,unclassified_historical,screening_candidate,0.03212704200996086,ROUND_003,
ROUND_003,campaign_bounds_learned,v2_0a63a12b60f3,38.0,35.03105814007394,14.028259260276318,unclassified_historical,screening_candidate,0.03214716701768339,ROUND_003,
ROUND_003,campaign_bounds_learned,v2_3db5f7aa7cdd,38.0,36.38610779769191,14.51609293013932,unclassified_historical,screening_candidate,0.03216745803365484,ROUND_003,
ROUND_003,campaign_bounds_learned,v2_4f4525f1566d,36.0,35.32851554138203,14.127696638672674,unclassified_historical,screening_candidate,0.03218770801322535,ROUND_003,
ROUND_003,campaign_bounds_learned,v2_afa1348627bc,38.5,38.556693175458754,15.29147640369459,unclassified_historical,screening_candidate,0.032207417010795325,ROUND_003,
ROUND_003,campaign_bounds_learned,v2_a7291b600bea,52.0,39.4674639821682,15.210865316511141,unclassified_historical,screening_candidate,0.032227042014710605,ROUND_003,
ROUND_003,legacy_correction,v2_75d69addc009,34.5,29.245559791753877,24.38199976617813,unclassified_historical,retest_priority,0.007435208011884242,ROUND_003,
ROUND_003,legacy_correction,v2_430e18c49d10,65.0,56.35360660313991,16.98995334180243,unclassified_historical,rescue_candidate,0.007465082977432758,ROUND_003,
ROUND_003,legacy_correction,v2_d93bf1a562c8,29.0,41.98495170406562,28.930626894083055,unclassified_historical,screening_candidate,0.007489332987461239,ROUND_003,
ROUND_003,legacy_correction,v2_84c11063c325,44.5,45.005518909077566,26.611424910203304,unclassified_historical,screening_candidate,0.007512290962040424,ROUND_003,
ROUND_003,legacy_correction,v2_4aeffae55153,48.5,42.739311419240344,28.753459970220625,unclassified_historical,screening_candidate,0.007534665986895561,ROUND_003,
ROUND_003,legacy_correction,v2_27a2b16cc327,53.0,34.1888193521432,20.86876217772797,unclassified_historical,screening_candidate,0.007556082971859723,ROUND_003,
ROUND_003,legacy_correction,v2_8f6028d7e59a,41.0,42.094599416874004,28.92785327750521,unclassified_historical,screening_candidate,0.007576540985610336,ROUND_003,
ROUND_003,legacy_correction,v2_0a63a12b60f3,38.0,41.69959448518662,28.8954910826402,unclassified_historical,screening_candidate,0.007596790965180844,ROUND_003,
ROUND_003,legacy_correction,v2_3db5f7aa7cdd,38.0,41.926749877874755,28.915830210335304,unclassified_historical,screening_candidate,0.007617208000738174,ROUND_003,
ROUND_003,legacy_correction,v2_4f4525f1566d,36.0,41.6909471613307,28.90700262436611,unclassified_historical,screening_candidate,0.007636957976501435,ROUND_003,
ROUND_003,legacy_correction,v2_afa1348627bc,38.5,42.25910164882096,28.92112784263836,unclassified_historical,screening_candidate,0.0076568329823203385,ROUND_003,
ROUND_003,legacy_correction,v2_a7291b600bea,52.0,41.98196177974491,28.930530055383755,unclassified_historical,screening_candidate,0.0076770829618908465,ROUND_003,
ROUND_003,campaign_existing_adaptive,v2_75d69addc009,34.5,30.113474073888028,4.756538275852444,unclassified_historical,retest_priority,0.002441874996293336,ROUND_003,
ROUND_003,campaign_existing_adaptive,v2_430e18c49d10,65.0,49.056198404248306,14.392327235261295,unclassified_historical,rescue_candidate,0.0024712089798413217,ROUND_003,
ROUND_003,campaign_existing_adaptive,v2_d93bf1a562c8,29.0,44.57380958076522,16.275185234173925,unclassified_historical,screening_candidate,0.0024964999756775796,ROUND_003,
ROUND_003,campaign_existing_adaptive,v2_84c11063c325,44.5,40.10894024178169,15.701155048834767,unclassified_historical,screening_candidate,0.002520709007512778,ROUND_003,
ROUND_003,campaign_existing_adaptive,v2_4aeffae55153,48.5,44.750372550157586,16.275560175150236,unclassified_historical,screening_candidate,0.002542041998822242,ROUND_003,
ROUND_003,campaign_existing_adaptive,v2_27a2b16cc327,53.0,47.979596160446434,15.627969601506875,unclassified_historical,screening_candidate,0.002569874981418252,ROUND_003,
ROUND_003,campaign_existing_adaptive,v2_8f6028d7e59a,41.0,44.515604589003615,16.27024528623036,unclassified_historical,screening_candidate,0.002590749994851649,ROUND_003,
ROUND_003,campaign_existing_adaptive,v2_0a63a12b60f3,38.0,43.49898596261799,16.242449369831725,unclassified_historical,screening_candidate,0.002610917028505355,ROUND_003,
ROUND_003,campaign_existing_adaptive,v2_3db5f7aa7cdd,38.0,44.035084510860166,16.264342973105943,unclassified_historical,screening_candidate,0.002637542027514428,ROUND_003,
ROUND_003,campaign_existing_adaptive,v2_4f4525f1566d,36.0,43.604129765877296,16.24803193150058,unclassified_historical,screening_candidate,0.002660042024217546,ROUND_003,
ROUND_003,campaign_existing_adaptive,v2_afa1348627bc,38.5,44.67253519077181,16.275462470429403,unclassified_historical,screening_candidate,0.0026797089958563447,ROUND_003,
ROUND_003,campaign_existing_adaptive,v2_a7291b600bea,52.0,44.56341714786427,16.27500899255234,unclassified_historical,screening_candidate,0.0026992500061169267,ROUND_003,
ROUND_004,current_mixed,v2_ced63818bdd1,32.885,46.800089171145636,23.09551499670407,unclassified_historical,rescue_candidate,0.005455125006847084,ROUND_004,
ROUND_004,current_mixed,v2_6fb2fa9dc5d5,58.35,44.952131527292465,5.0664427436755295,unclassified_historical,rescue_candidate,0.005488709022756666,ROUND_004,
ROUND_004,current_mixed,v2_0e9e2b605ce7,50.515,76.54205208741212,9.885163840791698,unclassified_historical,screening_candidate,0.0055197500041686,ROUND_004,
ROUND_004,current_mixed,v2_8d9d8b0a7098,50.6025,72.54485407581217,15.37535482335997,unclassified_historical,screening_candidate,0.005542500002775341,ROUND_004,
ROUND_004,current_mixed,v2_eb8bb8b8618f,52.8825,64.03442627824809,18.863137933937843,unclassified_historical,screening_candidate,0.005563959013670683,ROUND_004,
ROUND_004,current_mixed,v2_6005e837cd4b,28.365000000000002,58.75409897162861,23.046276903959168,unclassified_historical,screening_candidate,0.005584959057159722,ROUND_004,
ROUND_004,current_mixed,v2_1d06992cb257,35.825,58.77957479918988,23.98060813141085,unclassified_historical,screening_candidate,0.005605667014606297,ROUND_004,
ROUND_004,current_mixed,v2_4da335e6bc9d,10.1075,61.259400717629525,22.681527140037726,unclassified_historical,screening_candidate,0.00562633405206725,ROUND_004,
ROUND_004,current_mixed,v2_1e09bd3298a1,0.69,60.705022436877556,23.120240882657882,unclassified_historical,screening_candidate,0.005646625009831041,ROUND_004,
ROUND_004,current_mixed,v2_e5b28bf5a066,40.4675,60.223399208893625,23.426055547128605,unclassified_historical,screening_candidate,0.005667334015015513,ROUND_004,
ROUND_004,current_mixed,v2_6886b09726ac,30.2175,60.54920868100531,22.335355531590707,unclassified_historical,screening_candidate,0.005687542026862502,ROUND_004,
ROUND_004,current_mixed,v2_98a8e114024b,1.3325,59.675896243424894,23.692256077157737,unclassified_historical,screening_candidate,0.005707959004212171,ROUND_004,
ROUND_004,campaign_mean,v2_ced63818bdd1,32.885,44.22243055555556,14.605461557803242,unclassified_historical,rescue_candidate,0.001196208002511412,ROUND_004,
ROUND_004,campaign_mean,v2_6fb2fa9dc5d5,58.35,44.22243055555556,14.605461557803242,unclassified_historical,rescue_candidate,0.0012236670008860528,ROUND_004,
ROUND_004,campaign_mean,v2_0e9e2b605ce7,50.515,44.22243055555556,14.605461557803242,unclassified_historical,screening_candidate,0.0012467079795897007,ROUND_004,
ROUND_004,campaign_mean,v2_8d9d8b0a7098,50.6025,44.22243055555556,14.605461557803242,unclassified_historical,screening_candidate,0.0012685830006375909,ROUND_004,
ROUND_004,campaign_mean,v2_eb8bb8b8618f,52.8825,44.22243055555556,14.605461557803242,unclassified_historical,screening_candidate,0.001289582985918969,ROUND_004,
ROUND_004,campaign_mean,v2_6005e837cd4b,28.365000000000002,44.22243055555556,14.605461557803242,unclassified_historical,screening_candidate,0.0013098749914206564,ROUND_004,
ROUND_004,campaign_mean,v2_1d06992cb257,35.825,44.22243055555556,14.605461557803242,unclassified_historical,screening_candidate,0.0013297499972395599,ROUND_004,
ROUND_004,campaign_mean,v2_4da335e6bc9d,10.1075,44.22243055555556,14.605461557803242,unclassified_historical,screening_candidate,0.0013496250030584633,ROUND_004,
ROUND_004,campaign_mean,v2_1e09bd3298a1,0.69,44.22243055555556,14.605461557803242,unclassified_historical,screening_candidate,0.0013695419766008854,ROUND_004,
ROUND_004,campaign_mean,v2_e5b28bf5a066,40.4675,44.22243055555556,14.605461557803242,unclassified_historical,screening_candidate,0.0013897079625166953,ROUND_004,
ROUND_004,campaign_mean,v2_6886b09726ac,30.2175,44.22243055555556,14.605461557803242,unclassified_historical,screening_candidate,0.0014096669619902968,ROUND_004,
ROUND_004,campaign_mean,v2_98a8e114024b,1.3325,44.22243055555556,14.605461557803242,unclassified_historical,screening_candidate,0.0014295000000856817,ROUND_004,
ROUND_004,campaign_median,v2_ced63818bdd1,32.885,40.72,14.605461557803242,unclassified_historical,rescue_candidate,0.0011317920289002359,ROUND_004,
ROUND_004,campaign_median,v2_6fb2fa9dc5d5,58.35,40.72,14.605461557803242,unclassified_historical,rescue_candidate,0.0011593340313993394,ROUND_004,
ROUND_004,campaign_median,v2_0e9e2b605ce7,50.515,40.72,14.605461557803242,unclassified_historical,screening_candidate,0.001183000043965876,ROUND_004,
ROUND_004,campaign_median,v2_8d9d8b0a7098,50.6025,40.72,14.605461557803242,unclassified_historical,screening_candidate,0.0012044590548612177,ROUND_004,
ROUND_004,campaign_median,v2_eb8bb8b8618f,52.8825,40.72,14.605461557803242,unclassified_historical,screening_candidate,0.0012258750502951443,ROUND_004,
ROUND_004,campaign_median,v2_6005e837cd4b,28.365000000000002,40.72,14.605461557803242,unclassified_historical,screening_candidate,0.0012465420295484364,ROUND_004,
ROUND_004,campaign_median,v2_1d06992cb257,35.825,40.72,14.605461557803242,unclassified_historical,screening_candidate,0.0012665840331465006,ROUND_004,
ROUND_004,campaign_median,v2_4da335e6bc9d,10.1075,40.72,14.605461557803242,unclassified_historical,screening_candidate,0.0012862920411862433,ROUND_004,
ROUND_004,campaign_median,v2_1e09bd3298a1,0.69,40.72,14.605461557803242,unclassified_historical,screening_candidate,0.001305959012825042,ROUND_004,
ROUND_004,campaign_median,v2_e5b28bf5a066,40.4675,40.72,14.605461557803242,unclassified_historical,screening_candidate,0.0013255840167403221,ROUND_004,
ROUND_004,campaign_median,v2_6886b09726ac,30.2175,40.72,14.605461557803242,unclassified_historical,screening_candidate,0.0013448340469039977,ROUND_004,
ROUND_004,campaign_median,v2_98a8e114024b,1.3325,40.72,14.605461557803242,unclassified_historical,screening_candidate,0.001364167022984475,ROUND_004,
ROUND_004,campaign_existing,v2_ced63818bdd1,32.885,30.502251514155848,11.634201440939739,unclassified_historical,rescue_candidate,0.0023112090420909226,ROUND_004,
ROUND_004,campaign_existing,v2_6fb2fa9dc5d5,58.35,39.452477593709915,11.505196947169454,unclassified_historical,rescue_candidate,0.00233895902056247,ROUND_004,
ROUND_004,campaign_existing,v2_0e9e2b605ce7,50.515,44.13702332987839,13.927274568938032,unclassified_historical,screening_candidate,0.0023631250369362533,ROUND_004,
ROUND_004,campaign_existing,v2_8d9d8b0a7098,50.6025,43.742569592432,13.911430473370237,unclassified_historical,screening_candidate,0.002385209023486823,ROUND_004,
ROUND_004,campaign_existing,v2_eb8bb8b8618f,52.8825,55.41959049653903,10.305146248637698,unclassified_historical,screening_candidate,0.002406209008768201,ROUND_004,
ROUND_004,campaign_existing,v2_6005e837cd4b,28.365000000000002,44.23862618432739,14.393703793457563,unclassified_historical,screening_candidate,0.0024260840145871043,ROUND_004,
ROUND_004,campaign_existing,v2_1d06992cb257,35.825,43.94787074502681,14.396788480741472,unclassified_historical,screening_candidate,0.002445792022626847,ROUND_004,
ROUND_004,campaign_existing,v2_4da335e6bc9d,10.1075,44.47910407115103,14.151676397772773,unclassified_historical,screening_candidate,0.0024715420440770686,ROUND_004,
ROUND_004,campaign_existing,v2_1e09bd3298a1,0.69,42.974793637063996,13.81854077218524,unclassified_historical,screening_candidate,0.0024919590214267373,ROUND_004,
ROUND_004,campaign_existing,v2_e5b28bf5a066,40.4675,29.170390585095408,10.65891921679954,unclassified_historical,screening_candidate,0.00251241703517735,ROUND_004,
ROUND_004,campaign_existing,v2_6886b09726ac,30.2175,42.688028245103936,14.354553430487265,unclassified_historical,screening_candidate,0.0025316670071333647,ROUND_004,
ROUND_004,campaign_existing,v2_98a8e114024b,1.3325,43.828701088950226,14.373220154462036,unclassified_historical,screening_candidate,0.0025507500395178795,ROUND_004,
ROUND_004,campaign_bounds_learned,v2_ced63818bdd1,32.885,26.92084608352387,6.6717194752526785,unclassified_historical,rescue_candidate,0.004941958002746105,ROUND_004,
ROUND_004,campaign_bounds_learned,v2_6fb2fa9dc5d5,58.35,39.94144352902238,6.289990484825674,unclassified_historical,rescue_candidate,0.004978707991540432,ROUND_004,
ROUND_004,campaign_bounds_learned,v2_0e9e2b605ce7,50.515,44.15989257085511,8.925582325106907,unclassified_historical,screening_candidate,0.0050065830000676215,ROUND_004,
ROUND_004,campaign_bounds_learned,v2_8d9d8b0a7098,50.6025,44.30723344729522,8.874890410298345,unclassified_historical,screening_candidate,0.005032624991144985,ROUND_004,
ROUND_004,campaign_bounds_learned,v2_eb8bb8b8618f,52.8825,58.84037468484756,5.640675759839679,unclassified_historical,screening_candidate,0.005054333014413714,ROUND_004,
ROUND_004,campaign_bounds_learned,v2_6005e837cd4b,28.365000000000002,46.51408890087222,13.08446317381476,unclassified_historical,screening_candidate,0.005075166001915932,ROUND_004,
ROUND_004,campaign_bounds_learned,v2_1d06992cb257,35.825,40.09569670308399,13.110768975488504,unclassified_historical,screening_candidate,0.005095541011542082,ROUND_004,
ROUND_004,campaign_bounds_learned,v2_4da335e6bc9d,10.1075,43.645385083548085,13.525680824332875,unclassified_historical,screening_candidate,0.005115624982863665,ROUND_004,
ROUND_004,campaign_bounds_learned,v2_1e09bd3298a1,0.69,42.62862520943396,13.266912737378739,unclassified_historical,screening_candidate,0.0051357909687794745,ROUND_004,
ROUND_004,campaign_bounds_learned,v2_e5b28bf5a066,40.4675,41.070735834523646,13.085650658780033,unclassified_historical,screening_candidate,0.005155582970473915,ROUND_004,
ROUND_004,campaign_bounds_learned,v2_6886b09726ac,30.2175,37.166133192705466,12.709905528664867,unclassified_historical,screening_candidate,0.005175500002223998,ROUND_004,
ROUND_004,campaign_bounds_learned,v2_98a8e114024b,1.3325,42.605719796142075,13.57119924820654,unclassified_historical,screening_candidate,0.005194915982428938,ROUND_004,
ROUND_004,legacy_correction,v2_ced63818bdd1,32.885,31.052955318640066,26.85033273897381,unclassified_historical,rescue_candidate,0.007179290987551212,ROUND_004,
ROUND_004,legacy_correction,v2_6fb2fa9dc5d5,58.35,33.854642871172864,17.377874294103176,unclassified_historical,rescue_candidate,0.007211333024315536,ROUND_004,
ROUND_004,legacy_correction,v2_0e9e2b605ce7,50.515,62.15702821868331,16.930687025207735,unclassified_historical,screening_candidate,0.007237458019517362,ROUND_004,
ROUND_004,legacy_correction,v2_8d9d8b0a7098,50.6025,59.16208739282571,21.23199832718351,unclassified_historical,screening_candidate,0.007259832986164838,ROUND_004,
ROUND_004,legacy_correction,v2_eb8bb8b8618f,52.8825,56.38253493328258,25.612267107405813,unclassified_historical,screening_candidate,0.007280958001501858,ROUND_004,
ROUND_004,legacy_correction,v2_6005e837cd4b,28.365000000000002,44.57724227189658,27.49288119188661,unclassified_historical,screening_candidate,0.007302290992811322,ROUND_004,
ROUND_004,legacy_correction,v2_1d06992cb257,35.825,43.139847071569875,28.114729443647075,unclassified_historical,screening_candidate,0.007322666002437472,ROUND_004,
ROUND_004,legacy_correction,v2_4da335e6bc9d,10.1075,48.589823233384166,26.781828718669253,unclassified_historical,screening_candidate,0.007343165983911604,ROUND_004,
ROUND_004,legacy_correction,v2_1e09bd3298a1,0.69,48.96082454830804,26.988590059390166,unclassified_historical,screening_candidate,0.007363540993537754,ROUND_004,
ROUND_004,legacy_correction,v2_e5b28bf5a066,40.4675,35.88570517377523,25.90004070137374,unclassified_historical,screening_candidate,0.00738370802719146,ROUND_004,
ROUND_004,legacy_correction,v2_6886b09726ac,30.2175,43.65603157728649,26.575860869517392,unclassified_historical,screening_candidate,0.007403541007079184,ROUND_004,
ROUND_004,legacy_correction,v2_98a8e114024b,1.3325,44.26197316017633,27.79782019440603,unclassified_historical,screening_candidate,0.007423290982842445,ROUND_004,
ROUND_004,campaign_existing_adaptive,v2_ced63818bdd1,32.885,31.640950382412377,11.884022855719316,unclassified_historical,rescue_candidate,0.002358916972298175,ROUND_004,
ROUND_004,campaign_existing_adaptive,v2_6fb2fa9dc5d5,58.35,40.09972801042585,11.771400419425634,unclassified_historical,rescue_candidate,0.0023890419979579747,ROUND_004,
ROUND_004,campaign_existing_adaptive,v2_0e9e2b605ce7,50.515,44.208683941417995,13.96772860960581,unclassified_historical,screening_candidate,0.002413916983641684,ROUND_004,
ROUND_004,campaign_existing_adaptive,v2_8d9d8b0a7098,50.6025,43.823595511826674,13.956132372754263,unclassified_historical,screening_candidate,0.002435582980979234,ROUND_004,
ROUND_004,campaign_existing_adaptive,v2_eb8bb8b8618f,52.8825,54.733436331482054,10.934074409964712,unclassified_historical,screening_candidate,0.002456582966260612,ROUND_004,
ROUND_004,campaign_existing_adaptive,v2_6005e837cd4b,28.365000000000002,44.238588113939784,14.39446945749332,unclassified_historical,screening_candidate,0.002476624969858676,ROUND_004,
ROUND_004,campaign_existing_adaptive,v2_1d06992cb257,35.825,43.9844760721306,14.397058928816609,unclassified_historical,screening_candidate,0.002496458007954061,ROUND_004,
ROUND_004,campaign_existing_adaptive,v2_4da335e6bc9d,10.1075,44.49348163057039,14.172385326265282,unclassified_historical,screening_candidate,0.002516041975468397,ROUND_004,
ROUND_004,campaign_existing_adaptive,v2_1e09bd3298a1,0.69,43.1804827216711,13.869595921780208,unclassified_historical,screening_candidate,0.002535874955356121,ROUND_004,
ROUND_004,campaign_existing_adaptive,v2_e5b28bf5a066,40.4675,30.54595843731726,10.9934287339848,unclassified_historical,screening_candidate,0.002555707993451506,ROUND_004,
ROUND_004,campaign_existing_adaptive,v2_6886b09726ac,30.2175,42.80605222167191,14.357032245266753,unclassified_historical,screening_candidate,0.0025753749650903046,ROUND_004,
ROUND_004,campaign_existing_adaptive,v2_98a8e114024b,1.3325,43.87132683330422,14.375766605214391,unclassified_historical,screening_candidate,0.0025947499671019614,ROUND_004,
ROUND_005,current_mixed,v2_1be28fc1c3ad,53.3425,59.502151753493344,7.003852076147249,unclassified_historical,rescue_candidate,0.0057171249645762146,ROUND_005,
ROUND_005,current_mixed,v2_d9aaefea702e,9.2925,40.16970249195592,12.393000906289316,unclassified_historical,rescue_candidate,0.005749749951064587,ROUND_005,
ROUND_005,current_mixed,v2_f3bcb989040c,59.182500000000005,68.46280394716243,7.843378514314983,unclassified_historical,screening_candidate,0.0057764999801293015,ROUND_005,
ROUND_005,current_mixed,v2_88865d95334d,1.365,56.99243953767547,24.26243253904828,unclassified_historical,screening_candidate,0.005799666978418827,ROUND_005,
ROUND_005,current_mixed,v2_f1b5aed4af5a,22.145,55.55622457421332,24.21056111451772,unclassified_historical,screening_candidate,0.0058210419956594706,ROUND_005,
ROUND_005,current_mixed,v2_711df1b41503,48.3325,63.20929464398577,13.527834211553863,unclassified_historical,screening_candidate,0.0058431249926798046,ROUND_005,
ROUND_005,current_mixed,v2_40e9f706b46d,19.355,55.97962349248062,23.796093807439593,unclassified_historical,screening_candidate,0.005863416998181492,ROUND_005,
ROUND_005,current_mixed,v2_011eef292ff1,31.849999999999998,57.30696101641415,24.28745112122454,unclassified_historical,screening_candidate,0.005883707955945283,ROUND_005,
ROUND_005,current_mixed,v2_5526047f869b,25.5225,57.30696101641415,24.28745112122454,unclassified_historical,screening_candidate,0.005903791985474527,ROUND_005,
ROUND_005,current_mixed,v2_c52464fe22c3,6.93,57.30696101641415,24.28745112122454,unclassified_historical,screening_candidate,0.005923999997321516,ROUND_005,
ROUND_005,current_mixed,v2_79ec2bf8acae,31.495,57.30696101641415,24.28745112122454,unclassified_historical,screening_candidate,0.00594383297720924,ROUND_005,
ROUND_005,current_mixed,v2_117f554a123f,11.9125,57.30696101641415,24.28745112122454,unclassified_historical,screening_candidate,0.005963416944723576,ROUND_005,
ROUND_005,campaign_mean,v2_1be28fc1c3ad,53.3425,41.338489583333335,16.619038650758988,unclassified_historical,rescue_candidate,0.0012222909717820585,ROUND_005,
ROUND_005,campaign_mean,v2_d9aaefea702e,9.2925,41.338489583333335,16.619038650758988,unclassified_historical,rescue_candidate,0.0012494580005295575,ROUND_005,
ROUND_005,campaign_mean,v2_f3bcb989040c,59.182500000000005,41.338489583333335,16.619038650758988,unclassified_historical,screening_candidate,0.0012728750007227063,ROUND_005,
ROUND_005,campaign_mean,v2_88865d95334d,1.365,41.338489583333335,16.619038650758988,unclassified_historical,screening_candidate,0.0012947909999638796,ROUND_005,
ROUND_005,campaign_mean,v2_f1b5aed4af5a,22.145,41.338489583333335,16.619038650758988,unclassified_historical,screening_candidate,0.0013165409909561276,ROUND_005,
ROUND_005,campaign_mean,v2_711df1b41503,48.3325,41.338489583333335,16.619038650758988,unclassified_historical,screening_candidate,0.0013369579683057964,ROUND_005,
ROUND_005,campaign_mean,v2_40e9f706b46d,19.355,41.338489583333335,16.619038650758988,unclassified_historical,screening_candidate,0.0013572080060839653,ROUND_005,
ROUND_005,campaign_mean,v2_011eef292ff1,31.849999999999998,41.338489583333335,16.619038650758988,unclassified_historical,screening_candidate,0.0013772909878753126,ROUND_005,
ROUND_005,campaign_mean,v2_5526047f869b,25.5225,41.338489583333335,16.619038650758988,unclassified_historical,screening_candidate,0.0013974159955978394,ROUND_005,
ROUND_005,campaign_mean,v2_c52464fe22c3,6.93,41.338489583333335,16.619038650758988,unclassified_historical,screening_candidate,0.0014170409995131195,ROUND_005,
ROUND_005,campaign_mean,v2_79ec2bf8acae,31.495,41.338489583333335,16.619038650758988,unclassified_historical,screening_candidate,0.0014363749651238322,ROUND_005,
ROUND_005,campaign_mean,v2_117f554a123f,11.9125,41.338489583333335,16.619038650758988,unclassified_historical,screening_candidate,0.001455749967135489,ROUND_005,
ROUND_005,campaign_median,v2_1be28fc1c3ad,53.3425,39.6225,16.619038650758988,unclassified_historical,rescue_candidate,0.001148749957792461,ROUND_005,
ROUND_005,campaign_median,v2_d9aaefea702e,9.2925,39.6225,16.619038650758988,unclassified_historical,rescue_candidate,0.001175665995106101,ROUND_005,
ROUND_005,campaign_median,v2_f3bcb989040c,59.182500000000005,39.6225,16.619038650758988,unclassified_historical,screening_candidate,0.001198749989271164,ROUND_005,
ROUND_005,campaign_median,v2_88865d95334d,1.365,39.6225,16.619038650758988,unclassified_historical,screening_candidate,0.0012214159942232072,ROUND_005,
ROUND_005,campaign_median,v2_f1b5aed4af5a,22.145,39.6225,16.619038650758988,unclassified_historical,screening_candidate,0.00124224997125566,ROUND_005,
ROUND_005,campaign_median,v2_711df1b41503,48.3325,39.6225,16.619038650758988,unclassified_historical,screening_candidate,0.001262500009033829,ROUND_005,
ROUND_005,campaign_median,v2_40e9f706b46d,19.355,39.6225,16.619038650758988,unclassified_historical,screening_candidate,0.0012824159930460155,ROUND_005,
ROUND_005,campaign_median,v2_011eef292ff1,31.849999999999998,39.6225,16.619038650758988,unclassified_historical,screening_candidate,0.0013020409969612956,ROUND_005,
ROUND_005,campaign_median,v2_5526047f869b,25.5225,39.6225,16.619038650758988,unclassified_historical,screening_candidate,0.0013216660008765757,ROUND_005,
ROUND_005,campaign_median,v2_c52464fe22c3,6.93,39.6225,16.619038650758988,unclassified_historical,screening_candidate,0.0013415829744189978,ROUND_005,
ROUND_005,campaign_median,v2_79ec2bf8acae,31.495,39.6225,16.619038650758988,unclassified_historical,screening_candidate,0.001360874972306192,ROUND_005,
ROUND_005,campaign_median,v2_117f554a123f,11.9125,39.6225,16.619038650758988,unclassified_historical,screening_candidate,0.001380082976538688,ROUND_005,
ROUND_005,campaign_existing,v2_1be28fc1c3ad,53.3425,48.11727933835336,9.353263747632809,unclassified_historical,rescue_candidate,0.002372582966927439,ROUND_005,
ROUND_005,campaign_existing,v2_d9aaefea702e,9.2925,35.77989811336146,11.577881344577179,unclassified_historical,rescue_candidate,0.002404249971732497,ROUND_005,
ROUND_005,campaign_existing,v2_f3bcb989040c,59.182500000000005,55.93442432902368,14.46734289129341,unclassified_historical,screening_candidate,0.0024312500027008355,ROUND_005,
ROUND_005,campaign_existing,v2_88865d95334d,1.365,41.338489583333335,16.445012508068107,unclassified_historical,screening_candidate,0.0024553329567424953,ROUND_005,
ROUND_005,campaign_existing,v2_f1b5aed4af5a,22.145,39.36368157786239,15.350754292325163,unclassified_historical,screening_candidate,0.0024760409723967314,ROUND_005,
ROUND_005,campaign_existing,v2_711df1b41503,48.3325,43.87900234940832,16.27634992030234,unclassified_historical,screening_candidate,0.0024962909519672394,ROUND_005,
ROUND_005,campaign_existing,v2_40e9f706b46d,19.355,41.338489583333335,16.445012508068107,unclassified_historical,screening_candidate,0.002516374981496483,ROUND_005,
ROUND_005,campaign_existing,v2_011eef292ff1,31.849999999999998,43.65757110812728,15.2382937573708,unclassified_historical,screening_candidate,0.0025364579632878304,ROUND_005,
ROUND_005,campaign_existing,v2_5526047f869b,25.5225,41.67987834572793,16.428594507007006,unclassified_historical,screening_candidate,0.002557082974817604,ROUND_005,
ROUND_005,campaign_existing,v2_c52464fe22c3,6.93,30.948124242642095,12.10072350206409,unclassified_historical,screening_candidate,0.002576832950580865,ROUND_005,
ROUND_005,campaign_existing,v2_79ec2bf8acae,31.495,41.025129889707706,16.367022844743335,unclassified_historical,screening_candidate,0.0025964579544961452,ROUND_005,
ROUND_005,campaign_existing,v2_117f554a123f,11.9125,40.28178323185275,16.18935500491316,unclassified_historical,screening_candidate,0.002616707992274314,ROUND_005,
ROUND_005,campaign_bounds_learned,v2_1be28fc1c3ad,53.3425,46.24341257345533,3.129129268252403,unclassified_historical,rescue_candidate,0.004695082956459373,ROUND_005,
ROUND_005,campaign_bounds_learned,v2_d9aaefea702e,9.2925,34.101906029361125,4.916598950836981,unclassified_historical,rescue_candidate,0.0047365420032292604,ROUND_005,
ROUND_005,campaign_bounds_learned,v2_f3bcb989040c,59.182500000000005,66.06968204633588,7.131108218132249,unclassified_historical,screening_candidate,0.004761749994941056,ROUND_005,
ROUND_005,campaign_bounds_learned,v2_88865d95334d,1.365,47.18367104169423,14.815113475142667,unclassified_historical,screening_candidate,0.004794791981112212,ROUND_005,
ROUND_005,campaign_bounds_learned,v2_f1b5aed4af5a,22.145,35.972953612047164,2.2455814800786387,unclassified_historical,screening_candidate,0.004816291970200837,ROUND_005,
ROUND_005,campaign_bounds_learned,v2_711df1b41503,48.3325,51.48680468384869,13.578904593575592,unclassified_historical,screening_candidate,0.004836749983951449,ROUND_005,
ROUND_005,campaign_bounds_learned,v2_40e9f706b46d,19.355,35.83691052433333,12.160262622503772,unclassified_historical,screening_candidate,0.004863499954808503,ROUND_005,
ROUND_005,campaign_bounds_learned,v2_011eef292ff1,31.849999999999998,42.98499046228627,15.660562972005552,unclassified_historical,screening_candidate,0.004883749992586672,ROUND_005,
ROUND_005,campaign_bounds_learned,v2_5526047f869b,25.5225,38.24944872525186,14.600089523979227,unclassified_historical,screening_candidate,0.0049037919961847365,ROUND_005,
ROUND_005,campaign_bounds_learned,v2_c52464fe22c3,6.93,38.067871421406,14.766423693148605,unclassified_historical,screening_candidate,0.004923707980196923,ROUND_005,
ROUND_005,campaign_bounds_learned,v2_79ec2bf8acae,31.495,40.81505114396116,15.858801888006626,unclassified_historical,screening_candidate,0.004943291947711259,ROUND_005,
ROUND_005,campaign_bounds_learned,v2_117f554a123f,11.9125,39.30390512581684,15.308781257377984,unclassified_historical,screening_candidate,0.004963249957654625,ROUND_005,
ROUND_005,legacy_correction,v2_1be28fc1c3ad,53.3425,37.75787228149481,12.45741755568041,unclassified_historical,rescue_candidate,0.006861707952339202,ROUND_005,
ROUND_005,legacy_correction,v2_d9aaefea702e,9.2925,19.321627266611927,17.91042401050267,unclassified_historical,rescue_candidate,0.006893457961268723,ROUND_005,
ROUND_005,legacy_correction,v2_f3bcb989040c,59.182500000000005,54.74782745724352,17.446871224140036,unclassified_historical,screening_candidate,0.006917999999132007,ROUND_005,
ROUND_005,legacy_correction,v2_88865d95334d,1.365,38.99861249301607,29.641532376229705,unclassified_historical,screening_candidate,0.006940291961655021,ROUND_005,
ROUND_005,legacy_correction,v2_f1b5aed4af5a,22.145,37.94566296701495,29.04787717401408,unclassified_historical,screening_candidate,0.0069611669750884175,ROUND_005,
ROUND_005,legacy_correction,v2_711df1b41503,48.3325,37.16498541967755,22.48167608904651,unclassified_historical,screening_candidate,0.0069821669603697956,ROUND_005,
ROUND_005,legacy_correction,v2_40e9f706b46d,19.355,37.61073596956313,29.15399826166237,unclassified_historical,screening_candidate,0.007002291968092322,ROUND_005,
ROUND_005,legacy_correction,v2_011eef292ff1,31.849999999999998,46.35184118746949,28.984952895713082,unclassified_historical,screening_candidate,0.007022082980256528,ROUND_005,
ROUND_005,legacy_correction,v2_5526047f869b,25.5225,39.9069389975399,29.667142787862005,unclassified_historical,screening_candidate,0.007041957986075431,ROUND_005,
ROUND_005,legacy_correction,v2_c52464fe22c3,6.93,35.462991967995336,27.369385011014895,unclassified_historical,screening_candidate,0.007061582989990711,ROUND_005,
ROUND_005,legacy_correction,v2_79ec2bf8acae,31.495,39.89531742925334,29.630995733449904,unclassified_historical,screening_candidate,0.007080916955601424,ROUND_005,
ROUND_005,legacy_correction,v2_117f554a123f,11.9125,38.8672307827966,29.52722325895777,unclassified_historical,screening_candidate,0.007100457965862006,ROUND_005,
ROUND_005,campaign_existing_adaptive,v2_1be28fc1c3ad,53.3425,48.30301136310397,10.238396768967691,unclassified_historical,rescue_candidate,0.002299083978869021,ROUND_005,
ROUND_005,campaign_existing_adaptive,v2_d9aaefea702e,9.2925,36.42254355767772,11.852991410813242,unclassified_historical,rescue_candidate,0.002329624956473708,ROUND_005,
ROUND_005,campaign_existing_adaptive,v2_f3bcb989040c,59.182500000000005,54.89246644010513,14.646228357162762,unclassified_historical,screening_candidate,0.002353666990529746,ROUND_005,
ROUND_005,campaign_existing_adaptive,v2_88865d95334d,1.365,41.338489583333335,16.445012508068107,unclassified_historical,screening_candidate,0.0023753749555908144,ROUND_005,
ROUND_005,campaign_existing_adaptive,v2_f1b5aed4af5a,22.145,39.52414278663302,15.442540450264106,unclassified_historical,screening_candidate,0.002396208990830928,ROUND_005,
ROUND_005,campaign_existing_adaptive,v2_711df1b41503,48.3325,43.67146255507966,16.290271884040585,unclassified_historical,screening_candidate,0.0024167499504983425,ROUND_005,
ROUND_005,campaign_existing_adaptive,v2_40e9f706b46d,19.355,41.338489583333335,16.445012508068107,unclassified_historical,screening_candidate,0.002436708949971944,ROUND_005,
ROUND_005,campaign_existing_adaptive,v2_011eef292ff1,31.849999999999998,43.07224321987686,15.335615301739258,unclassified_historical,screening_candidate,0.0024567089858464897,ROUND_005,
ROUND_005,campaign_existing_adaptive,v2_5526047f869b,25.5225,41.65227474821939,16.42992881627327,unclassified_historical,screening_candidate,0.0024764169938862324,ROUND_005,
ROUND_005,campaign_existing_adaptive,v2_c52464fe22c3,6.93,31.85372005915074,12.361203653902484,unclassified_historical,screening_candidate,0.002496083965525031,ROUND_005,
ROUND_005,campaign_existing_adaptive,v2_79ec2bf8acae,31.495,40.994097209425256,16.37279699672332,unclassified_historical,screening_candidate,0.0025155419716611505,ROUND_005,
ROUND_005,campaign_existing_adaptive,v2_117f554a123f,11.9125,40.31898172318459,16.198439444732163,unclassified_historical,screening_candidate,0.0025348749477416277,ROUND_005,
ROUND_006,current_mixed,v2_88865d95334d,15.755,1.4444992067671194,0.9988972145863833,unclassified_historical,retest_priority,0.005911417014431208,ROUND_006,
ROUND_006,current_mixed,v2_d9aaefea702e,28.4675,9.468709286190595,0.996690962070636,unclassified_historical,retest_priority,0.005944667034782469,ROUND_006,
ROUND_006,current_mixed,v2_ea8a9ce5fcb2,48.9925,65.12864501919591,11.04426839504023,unclassified_historical,rescue_candidate,0.005969582998659462,ROUND_006,
ROUND_006,current_mixed,v2_13f1ff7a70b9,53.7125,66.33954348174896,3.091048919113526,unclassified_historical,rescue_candidate,0.00599208299536258,ROUND_006,
ROUND_006,current_mixed,v2_b7e07e99afa8,40.6125,56.07863324660744,24.717879128219785,unclassified_historical,screening_candidate,0.006013167032506317,ROUND_006,
ROUND_006,current_mixed,v2_4673547a29eb,6.8175,53.71104413417668,24.59404247216249,unclassified_historical,screening_candidate,0.00603379204403609,ROUND_006,
ROUND_006,current_mixed,v2_fb629591d74c,40.18,66.59621942113174,5.566915856512772,unclassified_historical,screening_candidate,0.00605416699545458,ROUND_006,
ROUND_006,current_mixed,v2_b0c3376ad599,24.755000000000003,54.51751704270245,24.68740406206245,unclassified_historical,cold_start_graduation,0.006074208009522408,ROUND_006,
ROUND_006,current_mixed,v2_0edd7362eda9,8.025,56.298833180708186,24.718323132955394,unclassified_historical,cold_start_graduation,0.00609416700899601,ROUND_006,
ROUND_006,current_mixed,v2_9d3ceb7016d5,10.6,56.298833180708186,24.718323132955394,unclassified_historical,screening_candidate,0.0061144999926909804,ROUND_006,
ROUND_006,current_mixed,v2_e579d58c9088,8.125,56.29883318067364,24.718323132955394,unclassified_historical,cold_start_graduation,0.006134250026661903,ROUND_006,
ROUND_006,current_mixed,v2_445849cbfa02,10.96,56.29510059337852,24.71832306905,unclassified_historical,cold_start_graduation,0.006154208036605269,ROUND_006,
ROUND_006,campaign_mean,v2_88865d95334d,15.755,38.41620833333333,17.91858985501656,unclassified_historical,retest_priority,0.001236792013514787,ROUND_006,
ROUND_006,campaign_mean,v2_d9aaefea702e,28.4675,38.41620833333333,17.91858985501656,unclassified_historical,retest_priority,0.0012635840103030205,ROUND_006,
ROUND_006,campaign_mean,v2_ea8a9ce5fcb2,48.9925,38.41620833333333,17.91858985501656,unclassified_historical,rescue_candidate,0.0012865000171586871,ROUND_006,
ROUND_006,campaign_mean,v2_13f1ff7a70b9,53.7125,38.41620833333333,17.91858985501656,unclassified_historical,rescue_candidate,0.0013085000100545585,ROUND_006,
ROUND_006,campaign_mean,v2_b7e07e99afa8,40.6125,38.41620833333333,17.91858985501656,unclassified_historical,screening_candidate,0.0013292090152390301,ROUND_006,
ROUND_006,campaign_mean,v2_4673547a29eb,6.8175,38.41620833333333,17.91858985501656,unclassified_historical,screening_candidate,0.0013525420217774808,ROUND_006,
ROUND_006,campaign_mean,v2_fb629591d74c,40.18,38.41620833333333,17.91858985501656,unclassified_historical,screening_candidate,0.0013729999773204327,ROUND_006,
ROUND_006,campaign_mean,v2_b0c3376ad599,24.755000000000003,38.41620833333333,17.91858985501656,unclassified_historical,cold_start_graduation,0.0013925419771112502,ROUND_006,
ROUND_006,campaign_mean,v2_0edd7362eda9,8.025,38.41620833333333,17.91858985501656,unclassified_historical,cold_start_graduation,0.0014121250133030117,ROUND_006,
ROUND_006,campaign_mean,v2_9d3ceb7016d5,10.6,38.41620833333333,17.91858985501656,unclassified_historical,screening_candidate,0.0014316670130938292,ROUND_006,
ROUND_006,campaign_mean,v2_e579d58c9088,8.125,38.41620833333333,17.91858985501656,unclassified_historical,cold_start_graduation,0.0014513339847326279,ROUND_006,
ROUND_006,campaign_mean,v2_445849cbfa02,10.96,38.41620833333333,17.91858985501656,unclassified_historical,cold_start_graduation,0.0014707089867442846,ROUND_006,
ROUND_006,campaign_median,v2_88865d95334d,15.755,38.0,17.91858985501656,unclassified_historical,retest_priority,0.0011997080291621387,ROUND_006,
ROUND_006,campaign_median,v2_d9aaefea702e,28.4675,38.0,17.91858985501656,unclassified_historical,retest_priority,0.0012268330319784582,ROUND_006,
ROUND_006,campaign_median,v2_ea8a9ce5fcb2,48.9925,38.0,17.91858985501656,unclassified_historical,rescue_candidate,0.0012507920037023723,ROUND_006,
ROUND_006,campaign_median,v2_13f1ff7a70b9,53.7125,38.0,17.91858985501656,unclassified_historical,rescue_candidate,0.001273041998501867,ROUND_006,
ROUND_006,campaign_median,v2_b7e07e99afa8,40.6125,38.0,17.91858985501656,unclassified_historical,screening_candidate,0.0012938330182805657,ROUND_006,
ROUND_006,campaign_median,v2_4673547a29eb,6.8175,38.0,17.91858985501656,unclassified_historical,screening_candidate,0.0013142499956302345,ROUND_006,
ROUND_006,campaign_median,v2_fb629591d74c,40.18,38.0,17.91858985501656,unclassified_historical,screening_candidate,0.001334125001449138,ROUND_006,
ROUND_006,campaign_median,v2_b0c3376ad599,24.755000000000003,38.0,17.91858985501656,unclassified_historical,cold_start_graduation,0.0013542500091716647,ROUND_006,
ROUND_006,campaign_median,v2_0edd7362eda9,8.025,38.0,17.91858985501656,unclassified_historical,cold_start_graduation,0.0013777080457657576,ROUND_006,
ROUND_006,campaign_median,v2_9d3ceb7016d5,10.6,38.0,17.91858985501656,unclassified_historical,screening_candidate,0.001398208027239889,ROUND_006,
ROUND_006,campaign_median,v2_e579d58c9088,8.125,38.0,17.91858985501656,unclassified_historical,cold_start_graduation,0.001418125000782311,ROUND_006,
ROUND_006,campaign_median,v2_445849cbfa02,10.96,38.0,17.91858985501656,unclassified_historical,cold_start_graduation,0.0014376670005731285,ROUND_006,
ROUND_006,campaign_existing,v2_88865d95334d,15.755,1.4818424607169476,0.9984200814495423,unclassified_historical,retest_priority,0.0025947499671019614,ROUND_006,
ROUND_006,campaign_existing,v2_d9aaefea702e,28.4675,9.484494935951396,0.9967379297251833,unclassified_historical,retest_priority,0.002623082953505218,ROUND_006,
ROUND_006,campaign_existing,v2_ea8a9ce5fcb2,48.9925,58.0274122455263,15.5230025887805,unclassified_historical,rescue_candidate,0.002647999965120107,ROUND_006,
ROUND_006,campaign_existing,v2_13f1ff7a70b9,53.7125,62.29423906908147,9.005022995925087,unclassified_historical,rescue_candidate,0.0026697919820435345,ROUND_006,
ROUND_006,campaign_existing,v2_b7e07e99afa8,40.6125,36.264248427848905,17.63167775599236,unclassified_historical,screening_candidate,0.0026903749676421285,ROUND_006,
ROUND_006,campaign_existing,v2_4673547a29eb,6.8175,37.84806401186676,16.079756173974097,unclassified_historical,screening_candidate,0.0027104999753646553,ROUND_006,
ROUND_006,campaign_existing,v2_fb629591d74c,40.18,59.359462258888286,10.673247182338867,unclassified_historical,screening_candidate,0.0027307079872116446,ROUND_006,
ROUND_006,campaign_existing,v2_b0c3376ad599,24.755000000000003,38.41620833333332,17.76864086020924,unclassified_historical,cold_start_graduation,0.00275087496265769,ROUND_006,
ROUND_006,campaign_existing,v2_0edd7362eda9,8.025,38.41620833333333,17.76864086020924,unclassified_historical,cold_start_graduation,0.0027706249966286123,ROUND_006,
ROUND_006,campaign_existing,v2_9d3ceb7016d5,10.6,38.41620833333333,17.76864086020924,unclassified_historical,screening_candidate,0.0027901669964194298,ROUND_006,
ROUND_006,campaign_existing,v2_e579d58c9088,8.125,38.416049604471226,17.768640859929032,unclassified_historical,cold_start_graduation,0.0028098749462515116,ROUND_006,
ROUND_006,campaign_existing,v2_445849cbfa02,10.96,38.292849135996384,17.76854997364016,unclassified_historical,cold_start_graduation,0.002829416946042329,ROUND_006,
ROUND_006,campaign_bounds_learned,v2_88865d95334d,15.755,1.4933022666693887,0.9983784097515815,unclassified_historical,retest_priority,0.005716625018976629,ROUND_006,
ROUND_006,campaign_bounds_learned,v2_d9aaefea702e,28.4675,9.529022958660573,0.996043622804193,unclassified_historical,retest_priority,0.005747833987697959,ROUND_006,
ROUND_006,campaign_bounds_learned,v2_ea8a9ce5fcb2,48.9925,61.1018520015712,14.767619642516733,unclassified_historical,rescue_candidate,0.0057722090277820826,ROUND_006,
ROUND_006,campaign_bounds_learned,v2_13f1ff7a70b9,53.7125,63.74854719389695,9.107139283452625,unclassified_historical,rescue_candidate,0.005794209020677954,ROUND_006,
ROUND_006,campaign_bounds_learned,v2_b7e07e99afa8,40.6125,21.32961022031554,5.355083811482932,unclassified_historical,screening_candidate,0.00581491703633219,ROUND_006,
ROUND_006,campaign_bounds_learned,v2_4673547a29eb,6.8175,37.54258140885396,14.51236462851002,unclassified_historical,screening_candidate,0.005835208983626217,ROUND_006,
ROUND_006,campaign_bounds_learned,v2_fb629591d74c,40.18,57.075727176120765,10.85415935000443,unclassified_historical,screening_candidate,0.00585508398944512,ROUND_006,
ROUND_006,campaign_bounds_learned,v2_b0c3376ad599,24.755000000000003,35.808859134813765,16.28485488391473,unclassified_historical,cold_start_graduation,0.005874917027540505,ROUND_006,
ROUND_006,campaign_bounds_learned,v2_0edd7362eda9,8.025,32.647656838610175,14.126221983617373,unclassified_historical,cold_start_graduation,0.005894792033359408,ROUND_006,
ROUND_006,campaign_bounds_learned,v2_9d3ceb7016d5,10.6,20.302274150085204,14.134372681035487,unclassified_historical,screening_candidate,0.005915166984777898,ROUND_006,
ROUND_006,campaign_bounds_learned,v2_e579d58c9088,8.125,38.39347108032902,18.021571225573165,unclassified_historical,cold_start_graduation,0.005942000017967075,ROUND_006,
ROUND_006,campaign_bounds_learned,v2_445849cbfa02,10.96,38.256945747895166,17.6209892249067,unclassified_historical,cold_start_graduation,0.005964084004517645,ROUND_006,
ROUND_006,legacy_correction,v2_88865d95334d,15.755,1.478933436696309,24.34346687759357,unclassified_historical,retest_priority,0.00688199995784089,ROUND_006,
ROUND_006,legacy_correction,v2_d9aaefea702e,28.4675,9.405665794878672,13.398974689778973,unclassified_historical,retest_priority,0.006912417011335492,ROUND_006,
ROUND_006,legacy_correction,v2_ea8a9ce5fcb2,48.9925,56.5240251081177,20.43739421404694,unclassified_historical,rescue_candidate,0.0069380420027300715,ROUND_006,
ROUND_006,legacy_correction,v2_13f1ff7a70b9,53.7125,66.4851601912575,10.51801300483783,unclassified_historical,rescue_candidate,0.006960375001654029,ROUND_006,
ROUND_006,legacy_correction,v2_b7e07e99afa8,40.6125,35.52418029685285,30.00761317465773,unclassified_historical,screening_candidate,0.006981707992963493,ROUND_006,
ROUND_006,legacy_correction,v2_4673547a29eb,6.8175,36.96365095582914,29.134722436039073,unclassified_historical,screening_candidate,0.007002667000051588,ROUND_006,
ROUND_006,legacy_correction,v2_fb629591d74c,40.18,69.391748852859,13.607700851580278,unclassified_historical,screening_candidate,0.007023042009677738,ROUND_006,
ROUND_006,legacy_correction,v2_b0c3376ad599,24.755000000000003,37.52961236031757,30.087216196178467,unclassified_historical,cold_start_graduation,0.007043332967441529,ROUND_006,
ROUND_006,legacy_correction,v2_0edd7362eda9,8.025,37.52273771290889,30.087221183644782,unclassified_historical,cold_start_graduation,0.007063333003316075,ROUND_006,
ROUND_006,legacy_correction,v2_9d3ceb7016d5,10.6,37.52273771290889,30.087221183644782,unclassified_historical,screening_candidate,0.007083208009134978,ROUND_006,
ROUND_006,legacy_correction,v2_e579d58c9088,8.125,37.5925594033221,30.084671123237026,unclassified_historical,cold_start_graduation,0.0071030419785529375,ROUND_006,
ROUND_006,legacy_correction,v2_445849cbfa02,10.96,37.412596752255936,30.08716822176987,unclassified_historical,cold_start_graduation,0.007123124960344285,ROUND_006,
ROUND_006,campaign_existing_adaptive,v2_88865d95334d,15.755,4.080538290009734,4.813071992206085,unclassified_historical,retest_priority,0.002517541986890137,ROUND_006,
ROUND_006,campaign_existing_adaptive,v2_d9aaefea702e,28.4675,13.22833793622744,4.6527827898570235,unclassified_historical,retest_priority,0.002545249997638166,ROUND_006,
ROUND_006,campaign_existing_adaptive,v2_ea8a9ce5fcb2,48.9925,56.69956963373099,15.698546757178995,unclassified_historical,rescue_candidate,0.00256883300608024,ROUND_006,
ROUND_006,campaign_existing_adaptive,v2_13f1ff7a70b9,53.7125,61.915126368076386,9.740021682136287,unclassified_historical,rescue_candidate,0.002591500000562519,ROUND_006,
ROUND_006,campaign_existing_adaptive,v2_b7e07e99afa8,40.6125,36.45734540685783,17.64400081045375,unclassified_historical,screening_candidate,0.0026131669874303043,ROUND_006,
ROUND_006,campaign_existing_adaptive,v2_4673547a29eb,6.8175,37.77388294720016,16.202397530180157,unclassified_historical,screening_candidate,0.0026336669689044356,ROUND_006,
ROUND_006,campaign_existing_adaptive,v2_fb629591d74c,40.18,58.2739841401054,11.295119514271967,unclassified_historical,screening_candidate,0.002653750008903444,ROUND_006,
ROUND_006,campaign_existing_adaptive,v2_b0c3376ad599,24.755000000000003,38.41620833333332,17.76864086020924,unclassified_historical,cold_start_graduation,0.002673791954293847,ROUND_006,
ROUND_006,campaign_existing_adaptive,v2_0edd7362eda9,8.025,38.41620833333333,17.76864086020924,unclassified_historical,cold_start_graduation,0.002693416958209127,ROUND_006,
ROUND_006,campaign_existing_adaptive,v2_9d3ceb7016d5,10.6,38.41620833333333,17.76864086020924,unclassified_historical,screening_candidate,0.0027132079703733325,ROUND_006,
ROUND_006,campaign_existing_adaptive,v2_e579d58c9088,8.125,38.416060785016896,17.76864085994877,unclassified_historical,cold_start_graduation,0.002733208006247878,ROUND_006,
ROUND_006,campaign_existing_adaptive,v2_445849cbfa02,10.96,38.301231472109016,17.76855528217316,unclassified_historical,cold_start_graduation,0.0027529579820111394,ROUND_006,
ROUND_007,current_mixed,v2_6fb2fa9dc5d5,49.37,57.35519035795547,0.9765648393531239,observed_retest,retest_priority,0.006222624971996993,ROUND_007,
ROUND_007,current_mixed,v2_e579d58c9088,13.4225,8.199635037081883,0.9992085075820125,observed_retest,retest_priority,0.006250874954275787,ROUND_007,
ROUND_007,current_mixed,v2_c0858ec7c2c6,24.2275,24.045745669093986,7.8081176210390115,model_supported,rescue_candidate,0.006273665989283472,ROUND_007,
ROUND_007,current_mixed,v2_d880ac9c9187,21.47,16.3855151477282,5.704083126348067,model_supported,rescue_candidate,0.006295165978372097,ROUND_007,
ROUND_007,current_mixed,v2_6f20e63adb1d,48.9975,72.85715982015662,5.9533368640388895,model_supported,screening_candidate,0.006313874968327582,ROUND_007,
ROUND_007,current_mixed,v2_7371aa062562,50.095,53.46533855803599,25.010699673369164,unknown_prior_reversion,screening_candidate,0.006331915967166424,ROUND_007,
ROUND_007,current_mixed,v2_655dce03a47b,57.5075,63.387025602383524,11.763423399579228,model_supported,screening_candidate,0.006349415984004736,ROUND_007,
ROUND_007,current_mixed,v2_724742f4ebc1,12.6675,55.29184909143825,25.11907820259103,unknown_cold_start,screening_candidate,0.006366957968566567,ROUND_007,
ROUND_007,current_mixed,v2_adfd2284b7fb,8.127500000000001,55.2919621749409,25.11907820264258,unknown_cold_start,cold_start_graduation,0.006384374981280416,ROUND_007,
ROUND_007,current_mixed,v2_a1a1ae0b19bb,13.497499999999999,55.291873173485136,25.119078202614002,unknown_cold_start,cold_start_graduation,0.00640179100446403,ROUND_007,
ROUND_007,current_mixed,v2_acaa3c7de271,21.485,55.271714535770556,25.119074167629854,unknown_prior_reversion,screening_candidate,0.00641937495674938,ROUND_007,
ROUND_007,current_mixed,v2_2df18f043f0c,5.9925,55.2919621749409,25.11907820264258,unknown_cold_start,screening_candidate,0.006436790979932994,ROUND_007,
ROUND_007,campaign_mean,v2_6fb2fa9dc5d5,49.37,36.13854166666667,18.42002420892531,observed_retest,retest_priority,0.0013484170194715261,ROUND_007,
ROUND_007,campaign_mean,v2_e579d58c9088,13.4225,36.13854166666667,18.42002420892531,observed_retest,retest_priority,0.0013722500298172235,ROUND_007,
ROUND_007,campaign_mean,v2_c0858ec7c2c6,24.2275,36.13854166666667,18.42002420892531,model_supported,rescue_candidate,0.0013925830135121942,ROUND_007,
ROUND_007,campaign_mean,v2_d880ac9c9187,21.47,36.13854166666667,18.42002420892531,model_supported,rescue_candidate,0.0014121250133030117,ROUND_007,
ROUND_007,campaign_mean,v2_6f20e63adb1d,48.9975,36.13854166666667,18.42002420892531,model_supported,screening_candidate,0.0014305419754236937,ROUND_007,
ROUND_007,campaign_mean,v2_7371aa062562,50.095,36.13854166666667,18.42002420892531,unknown_prior_reversion,screening_candidate,0.0014495420036837459,ROUND_007,
ROUND_007,campaign_mean,v2_655dce03a47b,57.5075,36.13854166666667,18.42002420892531,model_supported,screening_candidate,0.0014674169942736626,ROUND_007,
ROUND_007,campaign_mean,v2_724742f4ebc1,12.6675,36.13854166666667,18.42002420892531,unknown_cold_start,screening_candidate,0.0014849170111119747,ROUND_007,
ROUND_007,campaign_mean,v2_adfd2284b7fb,8.127500000000001,36.13854166666667,18.42002420892531,unknown_cold_start,cold_start_graduation,0.0015022919978946447,ROUND_007,
ROUND_007,campaign_mean,v2_a1a1ae0b19bb,13.497499999999999,36.13854166666667,18.42002420892531,unknown_cold_start,cold_start_graduation,0.0015194580191746354,ROUND_007,
ROUND_007,campaign_mean,v2_acaa3c7de271,21.485,36.13854166666667,18.42002420892531,unknown_prior_reversion,screening_candidate,0.0015364169958047569,ROUND_007,
ROUND_007,campaign_mean,v2_2df18f043f0c,5.9925,36.13854166666667,18.42002420892531,unknown_cold_start,screening_candidate,0.0015537500148639083,ROUND_007,
ROUND_007,campaign_median,v2_6fb2fa9dc5d5,49.37,36.11,18.42002420892531,observed_retest,retest_priority,0.0012101250467821956,ROUND_007,
ROUND_007,campaign_median,v2_e579d58c9088,13.4225,36.11,18.42002420892531,observed_retest,retest_priority,0.0012335420469753444,ROUND_007,
ROUND_007,campaign_median,v2_c0858ec7c2c6,24.2275,36.11,18.42002420892531,model_supported,rescue_candidate,0.0012532920227386057,ROUND_007,
ROUND_007,campaign_median,v2_d880ac9c9187,21.47,36.11,18.42002420892531,model_supported,rescue_candidate,0.0012722090468741953,ROUND_007,
ROUND_007,campaign_median,v2_6f20e63adb1d,48.9975,36.11,18.42002420892531,model_supported,screening_candidate,0.0012903340393677354,ROUND_007,
ROUND_007,campaign_median,v2_7371aa062562,50.095,36.11,18.42002420892531,unknown_prior_reversion,screening_candidate,0.001308417005930096,ROUND_007,
ROUND_007,campaign_median,v2_655dce03a47b,57.5075,36.11,18.42002420892531,model_supported,screening_candidate,0.001326209050603211,ROUND_007,
ROUND_007,campaign_median,v2_724742f4ebc1,12.6675,36.11,18.42002420892531,unknown_cold_start,screening_candidate,0.0013434590073302388,ROUND_007,
ROUND_007,campaign_median,v2_adfd2284b7fb,8.127500000000001,36.11,18.42002420892531,unknown_cold_start,cold_start_graduation,0.0013609169982373714,ROUND_007,
ROUND_007,campaign_median,v2_a1a1ae0b19bb,13.497499999999999,36.11,18.42002420892531,unknown_cold_start,cold_start_graduation,0.0013782500172965229,ROUND_007,
ROUND_007,campaign_median,v2_acaa3c7de271,21.485,36.11,18.42002420892531,unknown_prior_reversion,screening_candidate,0.001395750034134835,ROUND_007,
ROUND_007,campaign_median,v2_2df18f043f0c,5.9925,36.11,18.42002420892531,unknown_cold_start,screening_candidate,0.0014136250247247517,ROUND_007,
ROUND_007,campaign_existing,v2_6fb2fa9dc5d5,49.37,58.18964603332981,0.9969008755453127,observed_retest,retest_priority,0.002563249960076064,ROUND_007,
ROUND_007,campaign_existing,v2_e579d58c9088,13.4225,8.208472543950737,0.9985089521405303,observed_retest,retest_priority,0.0025892090052366257,ROUND_007,
ROUND_007,campaign_existing,v2_c0858ec7c2c6,24.2275,36.915645277966064,7.551406833892184,model_supported,rescue_candidate,0.002611416974104941,ROUND_007,
ROUND_007,campaign_existing,v2_d880ac9c9187,21.47,26.275630069900274,5.666741187481687,model_supported,rescue_candidate,0.002630708971992135,ROUND_007,
ROUND_007,campaign_existing,v2_6f20e63adb1d,48.9975,59.122248399653884,8.928606995217123,model_supported,screening_candidate,0.0026490839663892984,ROUND_007,
ROUND_007,campaign_existing,v2_7371aa062562,50.095,36.42502020584716,18.28621151162993,unknown_prior_reversion,screening_candidate,0.0026669169892556965,ROUND_007,
ROUND_007,campaign_existing,v2_655dce03a47b,57.5075,59.670484926923365,10.550149160256716,model_supported,screening_candidate,0.0026844589738175273,ROUND_007,
ROUND_007,campaign_existing,v2_724742f4ebc1,12.6675,36.04112243507245,18.291136690096724,unknown_cold_start,screening_candidate,0.0027018749970011413,ROUND_007,
ROUND_007,campaign_existing,v2_adfd2284b7fb,8.127500000000001,36.13854166666667,18.29166010701287,unknown_cold_start,cold_start_graduation,0.0027192090055905282,ROUND_007,
ROUND_007,campaign_existing,v2_a1a1ae0b19bb,13.497499999999999,36.082481445519704,18.29160022659998,unknown_cold_start,cold_start_graduation,0.0027364999987185,ROUND_007,
ROUND_007,campaign_existing,v2_acaa3c7de271,21.485,36.13596747220122,18.291244937124773,unknown_prior_reversion,screening_candidate,0.002753749955445528,ROUND_007,
ROUND_007,campaign_existing,v2_2df18f043f0c,5.9925,36.13854166666667,18.29166010701287,unknown_cold_start,screening_candidate,0.0027708749985322356,ROUND_007,
ROUND_007,campaign_bounds_learned,v2_6fb2fa9dc5d5,49.37,58.21435667670645,0.9976968640899768,observed_retest,retest_priority,0.005781333020422608,ROUND_007,
ROUND_007,campaign_bounds_learned,v2_e579d58c9088,13.4225,8.208291559103131,0.9985121268348766,observed_retest,retest_priority,0.0058072920073755085,ROUND_007,
ROUND_007,campaign_bounds_learned,v2_c0858ec7c2c6,24.2275,38.68033453640078,7.206943695561021,model_supported,rescue_candidate,0.005828458000905812,ROUND_007,
ROUND_007,campaign_bounds_learned,v2_d880ac9c9187,21.47,28.04973941374169,5.4136562687384595,model_supported,rescue_candidate,0.005848625034559518,ROUND_007,
ROUND_007,campaign_bounds_learned,v2_6f20e63adb1d,48.9975,55.44065778827796,10.47231259735152,model_supported,screening_candidate,0.005867083033081144,ROUND_007,
ROUND_007,campaign_bounds_learned,v2_7371aa062562,50.095,36.78577332188815,17.793848440180312,unknown_prior_reversion,screening_candidate,0.0058851250214502215,ROUND_007,
ROUND_007,campaign_bounds_learned,v2_655dce03a47b,57.5075,59.09758146499351,12.188524205994254,model_supported,screening_candidate,0.00590295804431662,ROUND_007,
ROUND_007,campaign_bounds_learned,v2_724742f4ebc1,12.6675,36.12155115314558,18.197771467161335,unknown_cold_start,screening_candidate,0.005920541996601969,ROUND_007,
ROUND_007,campaign_bounds_learned,v2_adfd2284b7fb,8.127500000000001,35.55225789245079,18.304579482277404,unknown_cold_start,cold_start_graduation,0.005937958019785583,ROUND_007,
ROUND_007,campaign_bounds_learned,v2_a1a1ae0b19bb,13.497499999999999,35.66092227124023,18.286587816495956,unknown_cold_start,cold_start_graduation,0.005955417000222951,ROUND_007,
ROUND_007,campaign_bounds_learned,v2_acaa3c7de271,21.485,36.121857343845285,18.311203004570608,unknown_prior_reversion,screening_candidate,0.005972625047434121,ROUND_007,
ROUND_007,campaign_bounds_learned,v2_2df18f043f0c,5.9925,36.107618443437694,18.311168667224262,unknown_cold_start,screening_candidate,0.005989792000036687,ROUND_007,
ROUND_007,legacy_correction,v2_6fb2fa9dc5d5,49.37,58.16093081348583,13.28760624557774,observed_retest,retest_priority,0.007190165983047336,ROUND_007,
ROUND_007,legacy_correction,v2_e579d58c9088,13.4225,8.20899107654595,24.38325080008789,observed_retest,retest_priority,0.007216374971903861,ROUND_007,
ROUND_007,legacy_correction,v2_c0858ec7c2c6,24.2275,35.046952723030344,15.72684416716536,model_supported,rescue_candidate,0.007237624959088862,ROUND_007,
ROUND_007,legacy_correction,v2_d880ac9c9187,21.47,26.080291753567025,15.855296077326386,model_supported,rescue_candidate,0.0072576249949634075,ROUND_007,
ROUND_007,legacy_correction,v2_6f20e63adb1d,48.9975,49.6933550629016,15.379495775019638,model_supported,screening_candidate,0.007276999996975064,ROUND_007,
ROUND_007,legacy_correction,v2_7371aa062562,50.095,35.84994623159682,30.32704962032041,unknown_prior_reversion,screening_candidate,0.007296249968931079,ROUND_007,
ROUND_007,legacy_correction,v2_655dce03a47b,57.5075,55.93554570686,22.34135517714965,model_supported,screening_candidate,0.007314374961424619,ROUND_007,
ROUND_007,legacy_correction,v2_724742f4ebc1,12.6675,35.58772145058029,30.32194531420318,unknown_cold_start,screening_candidate,0.007332624983973801,ROUND_007,
ROUND_007,legacy_correction,v2_adfd2284b7fb,8.127500000000001,35.54088318783305,30.33033132459025,unknown_cold_start,cold_start_graduation,0.00735116598661989,ROUND_007,
ROUND_007,legacy_correction,v2_a1a1ae0b19bb,13.497499999999999,30.89439444876469,30.281340317499883,unknown_cold_start,cold_start_graduation,0.007369415950961411,ROUND_007,
ROUND_007,legacy_correction,v2_acaa3c7de271,21.485,35.52787416477296,30.3300871736703,unknown_prior_reversion,screening_candidate,0.0073871659697033465,ROUND_007,
ROUND_007,legacy_correction,v2_2df18f043f0c,5.9925,35.54088318783305,30.33033132459025,unknown_cold_start,screening_candidate,0.00740704097552225,ROUND_007,
ROUND_007,campaign_existing_adaptive,v2_6fb2fa9dc5d5,49.37,55.12889605389324,4.663571010763073,observed_retest,retest_priority,0.0025135829928331077,ROUND_007,
ROUND_007,campaign_existing_adaptive,v2_e579d58c9088,13.4225,10.072538984313276,4.823057577899236,observed_retest,retest_priority,0.002540124987717718,ROUND_007,
ROUND_007,campaign_existing_adaptive,v2_c0858ec7c2c6,24.2275,36.13741863984375,8.494967978028578,model_supported,rescue_candidate,0.002561708039138466,ROUND_007,
ROUND_007,campaign_existing_adaptive,v2_d880ac9c9187,21.47,26.657876376029364,6.551474754689883,model_supported,rescue_candidate,0.0025810000370256603,ROUND_007,
ROUND_007,campaign_existing_adaptive,v2_6f20e63adb1d,48.9975,56.985234574527205,10.446216152073768,model_supported,screening_candidate,0.002599541039671749,ROUND_007,
ROUND_007,campaign_existing_adaptive,v2_7371aa062562,50.095,36.40937545595628,18.286566899570957,unknown_prior_reversion,screening_candidate,0.002617624995764345,ROUND_007,
ROUND_007,campaign_existing_adaptive,v2_655dce03a47b,57.5075,58.83466280578128,11.221560873441305,model_supported,screening_candidate,0.002635665994603187,ROUND_007,
ROUND_007,campaign_existing_adaptive,v2_724742f4ebc1,12.6675,36.05128755649389,18.291153963811052,unknown_cold_start,screening_candidate,0.0026535409851931036,ROUND_007,
ROUND_007,campaign_existing_adaptive,v2_adfd2284b7fb,8.127500000000001,36.13854166666667,18.29166010701287,unknown_cold_start,cold_start_graduation,0.002671124995686114,ROUND_007,
ROUND_007,campaign_existing_adaptive,v2_a1a1ae0b19bb,13.497499999999999,36.089661956340805,18.29160325708541,unknown_cold_start,cold_start_graduation,0.002688958018552512,ROUND_007,
ROUND_007,campaign_existing_adaptive,v2_acaa3c7de271,21.485,36.135830963124675,18.29127260686595,unknown_prior_reversion,screening_candidate,0.0027062910376116633,ROUND_007,
ROUND_007,campaign_existing_adaptive,v2_2df18f043f0c,5.9925,36.13854166666667,18.29166010701287,unknown_cold_start,screening_candidate,0.0027237500180490315,ROUND_007,
ROUND_008,current_mixed,v2_6f20e63adb1d,26.3825,49.67163459702838,0.9858502233274995,observed_retest,retest_priority,0.006328332994598895,ROUND_008,
ROUND_008,current_mixed,v2_445849cbfa02,23.572499999999998,11.027258208389107,0.9992257742484612,observed_retest,retest_priority,0.006360250001307577,ROUND_008,
ROUND_008,current_mixed,v2_4b9990641d38,12.9175,54.413487836780696,25.397963908230043,unknown_prior_reversion,screening_candidate,0.006383500003721565,ROUND_008,
ROUND_008,current_mixed,v2_cfd8fbca69e1,33.555,48.081744403450195,4.13793958869859,model_supported,rescue_candidate,0.006403708015568554,ROUND_008,
ROUND_008,current_mixed,v2_b2a7d8453992,31.5375,69.41114521114275,7.57342806792396,model_supported,screening_candidate,0.00642237497959286,ROUND_008,
ROUND_008,current_mixed,v2_16ebd2e14898,41.41,80.03782486107255,9.383138294084663,model_supported,screening_candidate,0.006440458004362881,ROUND_008,
ROUND_008,current_mixed,v2_00d4dc35ee8a,4.4799999999999995,54.27172123097489,25.39784569549532,unknown_prior_reversion,screening_candidate,0.006458291027229279,ROUND_008,
ROUND_008,current_mixed,v2_c29d85c403ed,2.9275,54.42351801045155,25.39796432617976,unknown_prior_reversion,screening_candidate,0.006475957983639091,ROUND_008,
ROUND_008,current_mixed,v2_d2de523913b8,16.355,54.421826079702186,25.397964309010785,unknown_prior_reversion,screening_candidate,0.006493500026408583,ROUND_008,
ROUND_008,current_mixed,v2_0c1889c524b0,24.25,54.41942753790494,25.3979642409787,unknown_prior_reversion,screening_candidate,0.006511165993288159,ROUND_008,
ROUND_008,current_mixed,v2_2c468d77758b,18.295,54.41709605547173,25.397964117067037,unknown_prior_reversion,screening_candidate,0.006528500001877546,ROUND_008,
ROUND_008,current_mixed,v2_949b1b9d7a24,9.4125,54.39995865017594,25.397953197437612,unknown_prior_reversion,screening_candidate,0.006545790995005518,ROUND_008,
ROUND_008,campaign_mean,v2_6f20e63adb1d,26.3825,34.86708333333333,18.624651661792022,observed_retest,retest_priority,0.0012685410329140723,ROUND_008,
ROUND_008,campaign_mean,v2_445849cbfa02,23.572499999999998,34.86708333333333,18.624651661792022,observed_retest,retest_priority,0.0012918750289827585,ROUND_008,
ROUND_008,campaign_mean,v2_4b9990641d38,12.9175,34.86708333333333,18.624651661792022,unknown_prior_reversion,screening_candidate,0.0013118750066496432,ROUND_008,
ROUND_008,campaign_mean,v2_cfd8fbca69e1,33.555,34.86708333333333,18.624651661792022,model_supported,rescue_candidate,0.00133050000295043,ROUND_008,
ROUND_008,campaign_mean,v2_b2a7d8453992,31.5375,34.86708333333333,18.624651661792022,model_supported,screening_candidate,0.0013487079995684326,ROUND_008,
ROUND_008,campaign_mean,v2_16ebd2e14898,41.41,34.86708333333333,18.624651661792022,model_supported,screening_candidate,0.0013665000442415476,ROUND_008,
ROUND_008,campaign_mean,v2_00d4dc35ee8a,4.4799999999999995,34.86708333333333,18.624651661792022,unknown_prior_reversion,screening_candidate,0.0013842500047758222,ROUND_008,
ROUND_008,campaign_mean,v2_c29d85c403ed,2.9275,34.86708333333333,18.624651661792022,unknown_prior_reversion,screening_candidate,0.0014016660279594362,ROUND_008,
ROUND_008,campaign_mean,v2_d2de523913b8,16.355,34.86708333333333,18.624651661792022,unknown_prior_reversion,screening_candidate,0.001418916042894125,ROUND_008,
ROUND_008,campaign_mean,v2_0c1889c524b0,24.25,34.86708333333333,18.624651661792022,unknown_prior_reversion,screening_candidate,0.0014360829954966903,ROUND_008,
ROUND_008,campaign_mean,v2_2c468d77758b,18.295,34.86708333333333,18.624651661792022,unknown_prior_reversion,screening_candidate,0.0014534160145558417,ROUND_008,
ROUND_008,campaign_mean,v2_949b1b9d7a24,9.4125,34.86708333333333,18.624651661792022,unknown_prior_reversion,screening_candidate,0.0014707910013385117,ROUND_008,
ROUND_008,campaign_median,v2_6f20e63adb1d,26.3825,35.88,18.624651661792022,observed_retest,retest_priority,0.0012067079660482705,ROUND_008,
ROUND_008,campaign_median,v2_445849cbfa02,23.572499999999998,35.88,18.624651661792022,observed_retest,retest_priority,0.0012300829985179007,ROUND_008,
ROUND_008,campaign_median,v2_4b9990641d38,12.9175,35.88,18.624651661792022,unknown_prior_reversion,screening_candidate,0.0012498750002123415,ROUND_008,
ROUND_008,campaign_median,v2_cfd8fbca69e1,33.555,35.88,18.624651661792022,model_supported,rescue_candidate,0.0012692079762928188,ROUND_008,
ROUND_008,campaign_median,v2_b2a7d8453992,31.5375,35.88,18.624651661792022,model_supported,screening_candidate,0.0012880419963039458,ROUND_008,
ROUND_008,campaign_median,v2_16ebd2e14898,41.41,35.88,18.624651661792022,model_supported,screening_candidate,0.0013061249628663063,ROUND_008,
ROUND_008,campaign_median,v2_00d4dc35ee8a,4.4799999999999995,35.88,18.624651661792022,unknown_prior_reversion,screening_candidate,0.001323707983829081,ROUND_008,
ROUND_008,campaign_median,v2_c29d85c403ed,2.9275,35.88,18.624651661792022,unknown_prior_reversion,screening_candidate,0.0013411669642664492,ROUND_008,
ROUND_008,campaign_median,v2_d2de523913b8,16.355,35.88,18.624651661792022,unknown_prior_reversion,screening_candidate,0.0013584999833256006,ROUND_008,
ROUND_008,campaign_median,v2_0c1889c524b0,24.25,35.88,18.624651661792022,unknown_prior_reversion,screening_candidate,0.0013756669941358268,ROUND_008,
ROUND_008,campaign_median,v2_2c468d77758b,18.295,35.88,18.624651661792022,unknown_prior_reversion,screening_candidate,0.0013929169508628547,ROUND_008,
ROUND_008,campaign_median,v2_949b1b9d7a24,9.4125,35.88,18.624651661792022,unknown_prior_reversion,screening_candidate,0.0014100419939495623,ROUND_008,
ROUND_008,campaign_existing,v2_6f20e63adb1d,26.3825,49.093600652990546,0.9944252724192566,observed_retest,retest_priority,0.0027083340100944042,ROUND_008,
ROUND_008,campaign_existing,v2_445849cbfa02,23.572499999999998,11.029142955149467,0.9985443604189145,observed_retest,retest_priority,0.0027347920113243163,ROUND_008,
ROUND_008,campaign_existing,v2_4b9990641d38,12.9175,34.65616414765928,18.512984434965453,unknown_prior_reversion,screening_candidate,0.0027559169684536755,ROUND_008,
ROUND_008,campaign_existing,v2_cfd8fbca69e1,33.555,50.5527119391139,7.017153004882952,model_supported,rescue_candidate,0.0027758749783970416,ROUND_008,
ROUND_008,campaign_existing,v2_b2a7d8453992,31.5375,59.33404577692955,10.615379970179493,model_supported,screening_candidate,0.002804499992635101,ROUND_008,
ROUND_008,campaign_existing,v2_16ebd2e14898,41.41,44.96604019162224,15.579903484673384,model_supported,screening_candidate,0.0028223340050317347,ROUND_008,
ROUND_008,campaign_existing,v2_00d4dc35ee8a,4.4799999999999995,30.86748050514055,18.33604178613953,unknown_prior_reversion,screening_candidate,0.002839999971911311,ROUND_008,
ROUND_008,campaign_existing,v2_c29d85c403ed,2.9275,34.50165407273007,18.512919736334425,unknown_prior_reversion,screening_candidate,0.0028576250188052654,ROUND_008,
ROUND_008,campaign_existing,v2_d2de523913b8,16.355,34.728631401627325,18.513393950803067,unknown_prior_reversion,screening_candidate,0.002874917001463473,ROUND_008,
ROUND_008,campaign_existing,v2_0c1889c524b0,24.25,33.533895310592555,18.5046734722341,unknown_prior_reversion,screening_candidate,0.0028921670163981616,ROUND_008,
ROUND_008,campaign_existing,v2_2c468d77758b,18.295,34.41951191051034,18.51125662164808,unknown_prior_reversion,screening_candidate,0.002909499977249652,ROUND_008,
ROUND_008,campaign_existing,v2_949b1b9d7a24,9.4125,34.370534520476276,18.479644881910552,unknown_prior_reversion,screening_candidate,0.002926749992184341,ROUND_008,
ROUND_008,campaign_bounds_learned,v2_6f20e63adb1d,26.3825,49.039945295146055,0.9959224179576636,observed_retest,retest_priority,0.0064751250320114195,ROUND_008,
ROUND_008,campaign_bounds_learned,v2_445849cbfa02,23.572499999999998,11.032475166534528,0.9985025182536661,observed_retest,retest_priority,0.006502333038952202,ROUND_008,
ROUND_008,campaign_bounds_learned,v2_4b9990641d38,12.9175,34.147912194576676,18.285971613818667,unknown_prior_reversion,screening_candidate,0.006523000018205494,ROUND_008,
ROUND_008,campaign_bounds_learned,v2_cfd8fbca69e1,33.555,50.640343266004834,10.107400349167147,model_supported,rescue_candidate,0.00654166704043746,ROUND_008,
ROUND_008,campaign_bounds_learned,v2_b2a7d8453992,31.5375,57.3169700114216,12.265547708680137,model_supported,screening_candidate,0.0065601670066826046,ROUND_008,
ROUND_008,campaign_bounds_learned,v2_16ebd2e14898,41.41,41.91125686154265,17.4473272176723,model_supported,screening_candidate,0.006578083033673465,ROUND_008,
ROUND_008,campaign_bounds_learned,v2_00d4dc35ee8a,4.4799999999999995,20.27847129279074,16.00563385930734,unknown_prior_reversion,screening_candidate,0.006595958024263382,ROUND_008,
ROUND_008,campaign_bounds_learned,v2_c29d85c403ed,2.9275,32.11477810488403,18.228973615284268,unknown_prior_reversion,screening_candidate,0.006613792036660016,ROUND_008,
ROUND_008,campaign_bounds_learned,v2_d2de523913b8,16.355,31.212187745477518,18.170267788202345,unknown_prior_reversion,screening_candidate,0.00663154199719429,ROUND_008,
ROUND_008,campaign_bounds_learned,v2_0c1889c524b0,24.25,32.71785282803727,18.273149544711096,unknown_prior_reversion,screening_candidate,0.006649082992225885,ROUND_008,
ROUND_008,campaign_bounds_learned,v2_2c468d77758b,18.295,34.230220734371386,18.295567448928637,unknown_prior_reversion,screening_candidate,0.006666750006843358,ROUND_008,
ROUND_008,campaign_bounds_learned,v2_949b1b9d7a24,9.4125,32.932580648928855,18.20308260272385,unknown_prior_reversion,screening_candidate,0.006684041989501566,ROUND_008,
ROUND_008,legacy_correction,v2_6f20e63adb1d,26.3825,48.98886440348797,12.639108148537037,observed_retest,retest_priority,0.007058334012981504,ROUND_008,
ROUND_008,legacy_correction,v2_445849cbfa02,23.572499999999998,11.027838759339986,24.386402563515936,observed_retest,retest_priority,0.007085583987645805,ROUND_008,
ROUND_008,legacy_correction,v2_4b9990641d38,12.9175,35.19892721720396,30.845295252107324,unknown_prior_reversion,screening_candidate,0.007107916986569762,ROUND_008,
ROUND_008,legacy_correction,v2_cfd8fbca69e1,33.555,47.033805449366,13.54201117742656,model_supported,rescue_candidate,0.007127834018319845,ROUND_008,
ROUND_008,legacy_correction,v2_b2a7d8453992,31.5375,51.53383142725234,17.13936771710721,model_supported,screening_candidate,0.0071468339883722365,ROUND_008,
ROUND_008,legacy_correction,v2_16ebd2e14898,41.41,36.719974007340994,18.510649095556214,model_supported,screening_candidate,0.007164917013142258,ROUND_008,
ROUND_008,legacy_correction,v2_00d4dc35ee8a,4.4799999999999995,31.312628774007848,30.73476597345897,unknown_prior_reversion,screening_candidate,0.007182875007856637,ROUND_008,
ROUND_008,legacy_correction,v2_c29d85c403ed,2.9275,35.048751246270946,30.84525471570232,unknown_prior_reversion,screening_candidate,0.007201250002253801,ROUND_008,
ROUND_008,legacy_correction,v2_d2de523913b8,16.355,35.29018046766332,30.845551830638954,unknown_prior_reversion,screening_candidate,0.007218958984594792,ROUND_008,
ROUND_008,legacy_correction,v2_0c1889c524b0,24.25,34.258373863395434,30.84008889120886,unknown_prior_reversion,screening_candidate,0.007236459001433104,ROUND_008,
ROUND_008,legacy_correction,v2_2c468d77758b,18.295,34.977681469304805,30.84421274589082,unknown_prior_reversion,screening_candidate,0.007253792020492256,ROUND_008,
ROUND_008,legacy_correction,v2_949b1b9d7a24,9.4125,34.86566412762724,30.824406537195763,unknown_prior_reversion,screening_candidate,0.0072713749832473695,ROUND_008,
ROUND_008,campaign_existing_adaptive,v2_6f20e63adb1d,26.3825,50.17619103411664,4.539801425140155,observed_retest,retest_priority,0.002597499988041818,ROUND_008,
ROUND_008,campaign_existing_adaptive,v2_445849cbfa02,23.572499999999998,12.576437630017331,4.827052831917945,observed_retest,retest_priority,0.0026234169490635395,ROUND_008,
ROUND_008,campaign_existing_adaptive,v2_4b9990641d38,12.9175,34.67221252248613,18.513014124880954,unknown_prior_reversion,screening_candidate,0.0026526249712333083,ROUND_008,
ROUND_008,campaign_existing_adaptive,v2_cfd8fbca69e1,33.555,51.11661490234879,8.005450776078154,model_supported,rescue_candidate,0.0026724579511210322,ROUND_008,
ROUND_008,campaign_existing_adaptive,v2_b2a7d8453992,31.5375,57.90928549214297,11.259360501322332,model_supported,screening_candidate,0.002691166999284178,ROUND_008,
ROUND_008,campaign_existing_adaptive,v2_16ebd2e14898,41.41,46.51107749329746,15.827348165190532,model_supported,screening_candidate,0.0027093749959021807,ROUND_008,
ROUND_008,campaign_existing_adaptive,v2_00d4dc35ee8a,4.4799999999999995,31.145847239424135,18.347665773466098,unknown_prior_reversion,screening_candidate,0.0027272499864920974,ROUND_008,
ROUND_008,campaign_existing_adaptive,v2_c29d85c403ed,2.9275,34.52594039299222,18.512954161079207,unknown_prior_reversion,screening_candidate,0.00274470797739923,ROUND_008,
ROUND_008,campaign_existing_adaptive,v2_d2de523913b8,16.355,34.737852651363234,18.51339774038473,unknown_prior_reversion,screening_candidate,0.0027623329660855234,ROUND_008,
ROUND_008,campaign_existing_adaptive,v2_0c1889c524b0,24.25,33.64194556420336,18.50521411560542,unknown_prior_reversion,screening_candidate,0.002780041948426515,ROUND_008,
ROUND_008,campaign_existing_adaptive,v2_2c468d77758b,18.295,34.44842640399765,18.511399737331395,unknown_prior_reversion,screening_candidate,0.0027979169972240925,ROUND_008,
ROUND_008,campaign_existing_adaptive,v2_949b1b9d7a24,9.4125,34.498088582254276,18.486924629855782,unknown_prior_reversion,screening_candidate,0.0028154579922556877,ROUND_008,
