formulation_id,candidate_id,selection_rank,recommendation_type,selection_explanation,mechanical_test_recommended,mechanical_selection_rank,mechanical_selection_mode,mechanical_backup_status,batch_id,replicate_id,viability_percent,intact_patch_formation_pass,no_slurry,no_collapse,intact_tip_count,total_tip_count,instron_file,needles_compressed,critical_axial_load_N_per_needle,critical_axial_load_N_total,initial_stiffness_N_per_mm_per_needle,preparation_feasibility_pass,homogeneous_solution_pass,fillability_pass,preparation_failure_reason,notes,dmso_M,ectoin_M,ethylene_glycol_M,glycerol_M,propylene_glycol_M,trehalose_M,sucrose_M,raffinose_M,taurine_M,myo_inositol_M,methoxyphenyl_beta_d_glucopyranoside_M,betaine_M,proline_M,glucose_M,creatine_M,acetamide_M,sericin_pct,methylcellulose_pct,dextran_pct,pvp_pct,hyaluronic_acid_pct,fbs_pct,hsa_pct,human_serum_pct,active_ingredient_count,candidate_origin,rescue_scale_factor,rescue_anchor_formulation_id,rescue_anchor_viability_percent,active_polymer_count,total_polymer_pct,total_serum_protein_pct,total_polymer_serum_pct,total_sugar_M,total_nonpermeating_solute_M,total_viscosity_active_macromolecule_pct,total_permeating_cpa_M,crystalline_solute_saturation_burden,feasibility_policy_version,estimated_small_solute_g_L,feasibility_pass,feasibility_reasons,nearest_support_distance,support_status,source,source_row_id,formulation_label,source_type,predicted_viability_percent,viability_std,viability_prediction_status,viability_prediction_label,viability_prediction_reason,raw_surrogate_viability_mean,raw_surrogate_viability_std,viability_surrogate_prior_mean,viability_surrogate_prior_std,viability_prior_reversion,viability_exact_observation_count,viability_exact_batch_count,viability_exact_observed_mean,viability_exact_observed_sources,predicted_critical_axial_load_N_per_needle,critical_axial_load_std,intact_patch_pass_probability,empirical_combination_pass_probability,empirical_combination_weighted_passes,empirical_combination_weighted_failures,nearest_matching_intact_pass_distance,nearest_matching_intact_failure_distance,intact_combination_screening_penalty,intact_combination_policy_version,cold_start_ingredients,cold_start_ingredient_count,cold_start_prior_evidence_counts,cold_start_ordinary_exempt,cold_start_graduation_eligible,cold_start_graduation_priority,cold_start_graduation_reason,mechanical_feasibility_weight,same_formulation_range,local_neighbor_residual,retest_priority_score,viability_ucb,critical_axial_load_ucb,predicted_initial_stiffness_N_per_mm_per_needle,initial_stiffness_std,preparation_feasibility_probability,active_ingredient_excess_above_8,single_molar_excess_features,single_molar_excess_total_M,intact_failure_probability,acquisition_penalty,screening_acquisition_penalty,screening_phase_score,mechanics_phase_score,selection_role
v2_6fb2fa9dc5d5,retest_v2_6fb2fa9dc5d5,1,retest_priority,retest_priority: reason=single_batch_neighbor_anomaly_confirmation; feedback_batches=1; batch_range=0.0; latest_batch_n=4; latest_batch_sd=7.0; neighbor_residual=36.0; viability_std_tiebreak=1.0,False,,,,ROUND_007,rep_001,56.04,yes,,,,,,,,,,,,,,,0.0,0.0820912394161307,0.5134771915028602,0.0,0.0,0.0,0.0,0.0,0.0,0.0,0.0,0.0,0.0,0.0,0.0,0.0,0.0,0.0,0.0,0.0,0.0,2.029867779672915,0.0,0.0,3,retest,,,,0,0.0,2.029867779672915,2.029867779672915,0.0,0.0820912394161307,2.029867779672915,0.5134771915028602,0.020522809854032674,round5_solubility_viscosity_v2,43.54161987197967,True,,0.0,in_support,,,,,57.35519035795547,0.9765648393531239,observed_retest,Observed formulation — retest,exact formulation has 4 viability observation(s) across 1 batch(es),57.35519035795547,0.9765648393531239,55.2919621749409,25.11907820264258,False,4,1,58.35,wetlab_feedback,0.0,0.0,0.8688306842996806,0.7377602378875986,1.813304252355824,0.0,0.0,0.5479758138498514,0.0,round6_empirical_combination_intact_v1,,0,,True,False,,ineligible:special_origin_exemption,0.7377602378875986,0.0,35.98833333333333,1.7994166666666664,57.696988051729065,0.0,0.0,0.0,0.75,0,ethylene_glycol_M,0.013477191502860197,0.13116931570031942,0.10763089086082758,0.0026954383005720396,0.6915053117401949,,round_candidate
v2_6fb2fa9dc5d5,retest_v2_6fb2fa9dc5d5,1,retest_priority,retest_priority: reason=single_batch_neighbor_anomaly_confirmation; feedback_batches=1; batch_range=0.0; latest_batch_n=4; latest_batch_sd=7.0; neighbor_residual=36.0; viability_std_tiebreak=1.0,False,,,,ROUND_007,rep_002,44.80,yes,,,,,,,,,,,,,,,0.0,0.0820912394161307,0.5134771915028602,0.0,0.0,0.0,0.0,0.0,0.0,0.0,0.0,0.0,0.0,0.0,0.0,0.0,0.0,0.0,0.0,0.0,0.0,2.029867779672915,0.0,0.0,3,retest,,,,0,0.0,2.029867779672915,2.029867779672915,0.0,0.0820912394161307,2.029867779672915,0.5134771915028602,0.020522809854032674,round5_solubility_viscosity_v2,43.54161987197967,True,,0.0,in_support,,,,,57.35519035795547,0.9765648393531239,observed_retest,Observed formulation — retest,exact formulation has 4 viability observation(s) across 1 batch(es),57.35519035795547,0.9765648393531239,55.2919621749409,25.11907820264258,False,4,1,58.35,wetlab_feedback,0.0,0.0,0.8688306842996806,0.7377602378875986,1.813304252355824,0.0,0.0,0.5479758138498514,0.0,round6_empirical_combination_intact_v1,,0,,True,False,,ineligible:special_origin_exemption,0.7377602378875986,0.0,35.98833333333333,1.7994166666666664,57.696988051729065,0.0,0.0,0.0,0.75,0,ethylene_glycol_M,0.013477191502860197,0.13116931570031942,0.10763089086082758,0.0026954383005720396,0.6915053117401949,,round_candidate
v2_6fb2fa9dc5d5,retest_v2_6fb2fa9dc5d5,1,retest_priority,retest_priority: reason=single_batch_neighbor_anomaly_confirmation; feedback_batches=1; batch_range=0.0; latest_batch_n=4; latest_batch_sd=7.0; neighbor_residual=36.0; viability_std_tiebreak=1.0,False,,,,ROUND_007,rep_003,43.06,yes,,,,,,,,,,,,,,,0.0,0.0820912394161307,0.5134771915028602,0.0,0.0,0.0,0.0,0.0,0.0,0.0,0.0,0.0,0.0,0.0,0.0,0.0,0.0,0.0,0.0,0.0,0.0,2.029867779672915,0.0,0.0,3,retest,,,,0,0.0,2.029867779672915,2.029867779672915,0.0,0.0820912394161307,2.029867779672915,0.5134771915028602,0.020522809854032674,round5_solubility_viscosity_v2,43.54161987197967,True,,0.0,in_support,,,,,57.35519035795547,0.9765648393531239,observed_retest,Observed formulation — retest,exact formulation has 4 viability observation(s) across 1 batch(es),57.35519035795547,0.9765648393531239,55.2919621749409,25.11907820264258,False,4,1,58.35,wetlab_feedback,0.0,0.0,0.8688306842996806,0.7377602378875986,1.813304252355824,0.0,0.0,0.5479758138498514,0.0,round6_empirical_combination_intact_v1,,0,,True,False,,ineligible:special_origin_exemption,0.7377602378875986,0.0,35.98833333333333,1.7994166666666664,57.696988051729065,0.0,0.0,0.0,0.75,0,ethylene_glycol_M,0.013477191502860197,0.13116931570031942,0.10763089086082758,0.0026954383005720396,0.6915053117401949,,round_candidate
v2_6fb2fa9dc5d5,retest_v2_6fb2fa9dc5d5,1,retest_priority,retest_priority: reason=single_batch_neighbor_anomaly_confirmation; feedback_batches=1; batch_range=0.0; latest_batch_n=4; latest_batch_sd=7.0; neighbor_residual=36.0; viability_std_tiebreak=1.0,False,,,,ROUND_007,rep_004,53.58,yes,,,,,,,,,,,,,,,0.0,0.0820912394161307,0.5134771915028602,0.0,0.0,0.0,0.0,0.0,0.0,0.0,0.0,0.0,0.0,0.0,0.0,0.0,0.0,0.0,0.0,0.0,0.0,2.029867779672915,0.0,0.0,3,retest,,,,0,0.0,2.029867779672915,2.029867779672915,0.0,0.0820912394161307,2.029867779672915,0.5134771915028602,0.020522809854032674,round5_solubility_viscosity_v2,43.54161987197967,True,,0.0,in_support,,,,,57.35519035795547,0.9765648393531239,observed_retest,Observed formulation — retest,exact formulation has 4 viability observation(s) across 1 batch(es),57.35519035795547,0.9765648393531239,55.2919621749409,25.11907820264258,False,4,1,58.35,wetlab_feedback,0.0,0.0,0.8688306842996806,0.7377602378875986,1.813304252355824,0.0,0.0,0.5479758138498514,0.0,round6_empirical_combination_intact_v1,,0,,True,False,,ineligible:special_origin_exemption,0.7377602378875986,0.0,35.98833333333333,1.7994166666666664,57.696988051729065,0.0,0.0,0.0,0.75,0,ethylene_glycol_M,0.013477191502860197,0.13116931570031942,0.10763089086082758,0.0026954383005720396,0.6915053117401949,,round_candidate
v2_e579d58c9088,retest_v2_e579d58c9088,2,retest_priority,retest_priority: reason=single_batch_neighbor_anomaly_confirmation; feedback_batches=1; batch_range=0.0; latest_batch_n=4; latest_batch_sd=0.6; neighbor_residual=32.7; viability_std_tiebreak=1.0,False,,,,ROUND_007,rep_001,15.19,yes,,,,,,,,,,,,,,,0.0,0.0,0.0,0.0,0.0,0.0,0.0,0.0,0.0,0.4469746569712823,0.0,0.0,0.0,0.0,0.0217097246887252,0.0,0.0,0.0,0.0,0.0,0.0,7.941066066121505,0.0,0.0,3,retest,,,,0,0.0,7.941066066121505,7.941066066121505,0.0,0.4686843816600075,7.941066066121505,0.0,0.7771612971450568,round5_solubility_viscosity_v2,83.37375039837875,True,,0.0,in_support,,,,,8.199635037081883,0.9992085075820125,observed_retest,Observed formulation — retest,exact formulation has 4 viability observation(s) across 1 batch(es),8.199635037081883,0.9992085075820125,55.2919621749409,25.11907820264258,False,4,1,8.125,wetlab_feedback,0.0,0.0,0.7384969017380637,0.6666666666666666,1.0,0.0,0.0,,0.0,round6_empirical_combination_intact_v1,myo_inositol_M,1,myo_inositol_M=2,True,False,,ineligible:special_origin_exemption,0.6666666666666666,0.0,32.6525,1.6326250000000002,8.549358014735587,0.0,0.0,0.0,0.75,0,,0.0,0.2615030982619363,0.20920247860954905,0.0,0.12242412771225897,,round_candidate
v2_e579d58c9088,retest_v2_e579d58c9088,2,retest_priority,retest_priority: reason=single_batch_neighbor_anomaly_confirmation; feedback_batches=1; batch_range=0.0; latest_batch_n=4; latest_batch_sd=0.6; neighbor_residual=32.7; viability_std_tiebreak=1.0,False,,,,ROUND_007,rep_002,8.51,yes,,,,,,,,,,,,,,,0.0,0.0,0.0,0.0,0.0,0.0,0.0,0.0,0.0,0.4469746569712823,0.0,0.0,0.0,0.0,0.0217097246887252,0.0,0.0,0.0,0.0,0.0,0.0,7.941066066121505,0.0,0.0,3,retest,,,,0,0.0,7.941066066121505,7.941066066121505,0.0,0.4686843816600075,7.941066066121505,0.0,0.7771612971450568,round5_solubility_viscosity_v2,83.37375039837875,True,,0.0,in_support,,,,,8.199635037081883,0.9992085075820125,observed_retest,Observed formulation — retest,exact formulation has 4 viability observation(s) across 1 batch(es),8.199635037081883,0.9992085075820125,55.2919621749409,25.11907820264258,False,4,1,8.125,wetlab_feedback,0.0,0.0,0.7384969017380637,0.6666666666666666,1.0,0.0,0.0,,0.0,round6_empirical_combination_intact_v1,myo_inositol_M,1,myo_inositol_M=2,True,False,,ineligible:special_origin_exemption,0.6666666666666666,0.0,32.6525,1.6326250000000002,8.549358014735587,0.0,0.0,0.0,0.75,0,,0.0,0.2615030982619363,0.20920247860954905,0.0,0.12242412771225897,,round_candidate
v2_e579d58c9088,retest_v2_e579d58c9088,2,retest_priority,retest_priority: reason=single_batch_neighbor_anomaly_confirmation; feedback_batches=1; batch_range=0.0; latest_batch_n=4; latest_batch_sd=0.6; neighbor_residual=32.7; viability_std_tiebreak=1.0,False,,,,ROUND_007,rep_003,11.69,yes,,,,,,,,,,,,,,,0.0,0.0,0.0,0.0,0.0,0.0,0.0,0.0,0.0,0.4469746569712823,0.0,0.0,0.0,0.0,0.0217097246887252,0.0,0.0,0.0,0.0,0.0,0.0,7.941066066121505,0.0,0.0,3,retest,,,,0,0.0,7.941066066121505,7.941066066121505,0.0,0.4686843816600075,7.941066066121505,0.0,0.7771612971450568,round5_solubility_viscosity_v2,83.37375039837875,True,,0.0,in_support,,,,,8.199635037081883,0.9992085075820125,observed_retest,Observed formulation — retest,exact formulation has 4 viability observation(s) across 1 batch(es),8.199635037081883,0.9992085075820125,55.2919621749409,25.11907820264258,False,4,1,8.125,wetlab_feedback,0.0,0.0,0.7384969017380637,0.6666666666666666,1.0,0.0,0.0,,0.0,round6_empirical_combination_intact_v1,myo_inositol_M,1,myo_inositol_M=2,True,False,,ineligible:special_origin_exemption,0.6666666666666666,0.0,32.6525,1.6326250000000002,8.549358014735587,0.0,0.0,0.0,0.75,0,,0.0,0.2615030982619363,0.20920247860954905,0.0,0.12242412771225897,,round_candidate
v2_e579d58c9088,retest_v2_e579d58c9088,2,retest_priority,retest_priority: reason=single_batch_neighbor_anomaly_confirmation; feedback_batches=1; batch_range=0.0; latest_batch_n=4; latest_batch_sd=0.6; neighbor_residual=32.7; viability_std_tiebreak=1.0,False,,,,ROUND_007,rep_004,18.30,yes,,,,,,,,,,,,,,,0.0,0.0,0.0,0.0,0.0,0.0,0.0,0.0,0.0,0.4469746569712823,0.0,0.0,0.0,0.0,0.0217097246887252,0.0,0.0,0.0,0.0,0.0,0.0,7.941066066121505,0.0,0.0,3,retest,,,,0,0.0,7.941066066121505,7.941066066121505,0.0,0.4686843816600075,7.941066066121505,0.0,0.7771612971450568,round5_solubility_viscosity_v2,83.37375039837875,True,,0.0,in_support,,,,,8.199635037081883,0.9992085075820125,observed_retest,Observed formulation — retest,exact formulation has 4 viability observation(s) across 1 batch(es),8.199635037081883,0.9992085075820125,55.2919621749409,25.11907820264258,False,4,1,8.125,wetlab_feedback,0.0,0.0,0.7384969017380637,0.6666666666666666,1.0,0.0,0.0,,0.0,round6_empirical_combination_intact_v1,myo_inositol_M,1,myo_inositol_M=2,True,False,,ineligible:special_origin_exemption,0.6666666666666666,0.0,32.6525,1.6326250000000002,8.549358014735587,0.0,0.0,0.0,0.75,0,,0.0,0.2615030982619363,0.20920247860954905,0.0,0.12242412771225897,,round_candidate
v2_c0858ec7c2c6,rescue_000002,3,rescue_candidate,rescue_dilution: scaled down a high-viability failed-patch formulation,False,,,,ROUND_007,rep_001,29.30,yes,,,,,,,,,,,,,,,0.0,0.0,0.5282412670377036,0.0,0.0,0.0,0.0,0.0,0.0,0.0,0.0,0.0,0.0,0.0,0.0,0.0,0.0,0.0,0.0,3.3551158558737546,0.0,0.0,0.0,0.0,2,rescue_dilution,0.5,v2_0e9e2b605ce7,50.515,1,3.3551158558737546,0.0,3.3551158558737546,0.0,0.0,3.3551158558737546,0.5282412670377036,0.0,round5_solubility_viscosity_v2,32.787935445030264,True,,0.10357923771411799,in_support,,,,,24.045745669093986,7.8081176210390115,model_supported,Model estimate,candidate has a non-prior-reverted surrogate estimate,24.045745669093986,7.8081176210390115,55.2919621749409,25.11907820264258,False,0,0,,,0.0,0.0,0.6931266866376704,0.4889634370759189,1.4549359902480112,1.5657584095805919,0.09538620170659803,0.09538620170659803,0.004414625169632447,round6_empirical_combination_intact_v1,,0,,True,False,,ineligible:special_origin_exemption,0.4889634370759189,,,,26.778586836457638,0.0,0.0,0.0,0.75,0,ethylene_glycol_M,0.028241267037703577,0.3068733133623296,0.25114690409740437,0.005648253407540715,0.3244375359365508,,round_candidate
v2_c0858ec7c2c6,rescue_000002,3,rescue_candidate,rescue_dilution: scaled down a high-viability failed-patch formulation,False,,,,ROUND_007,rep_002,23.85,yes,,,,,,,,,,,,,,,0.0,0.0,0.5282412670377036,0.0,0.0,0.0,0.0,0.0,0.0,0.0,0.0,0.0,0.0,0.0,0.0,0.0,0.0,0.0,0.0,3.3551158558737546,0.0,0.0,0.0,0.0,2,rescue_dilution,0.5,v2_0e9e2b605ce7,50.515,1,3.3551158558737546,0.0,3.3551158558737546,0.0,0.0,3.3551158558737546,0.5282412670377036,0.0,round5_solubility_viscosity_v2,32.787935445030264,True,,0.10357923771411799,in_support,,,,,24.045745669093986,7.8081176210390115,model_supported,Model estimate,candidate has a non-prior-reverted surrogate estimate,24.045745669093986,7.8081176210390115,55.2919621749409,25.11907820264258,False,0,0,,,0.0,0.0,0.6931266866376704,0.4889634370759189,1.4549359902480112,1.5657584095805919,0.09538620170659803,0.09538620170659803,0.004414625169632447,round6_empirical_combination_intact_v1,,0,,True,False,,ineligible:special_origin_exemption,0.4889634370759189,,,,26.778586836457638,0.0,0.0,0.0,0.75,0,ethylene_glycol_M,0.028241267037703577,0.3068733133623296,0.25114690409740437,0.005648253407540715,0.3244375359365508,,round_candidate
v2_c0858ec7c2c6,rescue_000002,3,rescue_candidate,rescue_dilution: scaled down a high-viability failed-patch formulation,False,,,,ROUND_007,rep_003,23.29,yes,,,,,,,,,,,,,,,0.0,0.0,0.5282412670377036,0.0,0.0,0.0,0.0,0.0,0.0,0.0,0.0,0.0,0.0,0.0,0.0,0.0,0.0,0.0,0.0,3.3551158558737546,0.0,0.0,0.0,0.0,2,rescue_dilution,0.5,v2_0e9e2b605ce7,50.515,1,3.3551158558737546,0.0,3.3551158558737546,0.0,0.0,3.3551158558737546,0.5282412670377036,0.0,round5_solubility_viscosity_v2,32.787935445030264,True,,0.10357923771411799,in_support,,,,,24.045745669093986,7.8081176210390115,model_supported,Model estimate,candidate has a non-prior-reverted surrogate estimate,24.045745669093986,7.8081176210390115,55.2919621749409,25.11907820264258,False,0,0,,,0.0,0.0,0.6931266866376704,0.4889634370759189,1.4549359902480112,1.5657584095805919,0.09538620170659803,0.09538620170659803,0.004414625169632447,round6_empirical_combination_intact_v1,,0,,True,False,,ineligible:special_origin_exemption,0.4889634370759189,,,,26.778586836457638,0.0,0.0,0.0,0.75,0,ethylene_glycol_M,0.028241267037703577,0.3068733133623296,0.25114690409740437,0.005648253407540715,0.3244375359365508,,round_candidate
v2_c0858ec7c2c6,rescue_000002,3,rescue_candidate,rescue_dilution: scaled down a high-viability failed-patch formulation,False,,,,ROUND_007,rep_004,20.47,yes,,,,,,,,,,,,,,,0.0,0.0,0.5282412670377036,0.0,0.0,0.0,0.0,0.0,0.0,0.0,0.0,0.0,0.0,0.0,0.0,0.0,0.0,0.0,0.0,3.3551158558737546,0.0,0.0,0.0,0.0,2,rescue_dilution,0.5,v2_0e9e2b605ce7,50.515,1,3.3551158558737546,0.0,3.3551158558737546,0.0,0.0,3.3551158558737546,0.5282412670377036,0.0,round5_solubility_viscosity_v2,32.787935445030264,True,,0.10357923771411799,in_support,,,,,24.045745669093986,7.8081176210390115,model_supported,Model estimate,candidate has a non-prior-reverted surrogate estimate,24.045745669093986,7.8081176210390115,55.2919621749409,25.11907820264258,False,0,0,,,0.0,0.0,0.6931266866376704,0.4889634370759189,1.4549359902480112,1.5657584095805919,0.09538620170659803,0.09538620170659803,0.004414625169632447,round6_empirical_combination_intact_v1,,0,,True,False,,ineligible:special_origin_exemption,0.4889634370759189,,,,26.778586836457638,0.0,0.0,0.0,0.75,0,ethylene_glycol_M,0.028241267037703577,0.3068733133623296,0.25114690409740437,0.005648253407540715,0.3244375359365508,,round_candidate
v2_d880ac9c9187,rescue_000005,4,rescue_candidate,rescue_dilution: scaled down a high-viability failed-patch formulation,False,,,,ROUND_007,rep_001,21.17,yes,,,,,,,,,,,,,,,0.0,0.0,0.3961809502782777,0.0,0.0,0.0,0.0,0.0,0.0,0.0,0.0,0.0,0.0,0.0,0.0,0.0,0.0,0.0,0.0,2.5163368919053157,0.0,0.0,0.0,0.0,2,rescue_dilution,0.5,v2_1be28fc1c3ad,53.3425,1,2.5163368919053157,0.0,2.5163368919053157,0.0,0.0,2.5163368919053157,0.3961809502782777,0.0,round5_solubility_viscosity_v2,24.590951583772696,True,,0.06744823005836331,in_support,,,,,16.3855151477282,5.704083126348067,model_supported,Model estimate,candidate has a non-prior-reverted surrogate estimate,16.3855151477282,5.704083126348067,55.2919621749409,25.11907820264258,False,0,0,,,0.0,0.0,0.7836229465914112,0.5580691515393654,1.7274679951240057,1.1598618054941063,0.04769310085329902,0.14307930255989706,0.0,round6_empirical_combination_intact_v1,,0,,True,False,,ineligible:special_origin_exemption,0.5580691515393654,,,,18.381944241950023,0.0,0.0,0.0,0.75,0,,0.0,0.21637705340858882,0.17310164272687106,0.0,0.23681505434531858,,round_candidate
v2_d880ac9c9187,rescue_000005,4,rescue_candidate,rescue_dilution: scaled down a high-viability failed-patch formulation,False,,,,ROUND_007,rep_002,20.54,yes,,,,,,,,,,,,,,,0.0,0.0,0.3961809502782777,0.0,0.0,0.0,0.0,0.0,0.0,0.0,0.0,0.0,0.0,0.0,0.0,0.0,0.0,0.0,0.0,2.5163368919053157,0.0,0.0,0.0,0.0,2,rescue_dilution,0.5,v2_1be28fc1c3ad,53.3425,1,2.5163368919053157,0.0,2.5163368919053157,0.0,0.0,2.5163368919053157,0.3961809502782777,0.0,round5_solubility_viscosity_v2,24.590951583772696,True,,0.06744823005836331,in_support,,,,,16.3855151477282,5.704083126348067,model_supported,Model estimate,candidate has a non-prior-reverted surrogate estimate,16.3855151477282,5.704083126348067,55.2919621749409,25.11907820264258,False,0,0,,,0.0,0.0,0.7836229465914112,0.5580691515393654,1.7274679951240057,1.1598618054941063,0.04769310085329902,0.14307930255989706,0.0,round6_empirical_combination_intact_v1,,0,,True,False,,ineligible:special_origin_exemption,0.5580691515393654,,,,18.381944241950023,0.0,0.0,0.0,0.75,0,,0.0,0.21637705340858882,0.17310164272687106,0.0,0.23681505434531858,,round_candidate
v2_d880ac9c9187,rescue_000005,4,rescue_candidate,rescue_dilution: scaled down a high-viability failed-patch formulation,False,,,,ROUND_007,rep_003,21.95,yes,,,,,,,,,,,,,,,0.0,0.0,0.3961809502782777,0.0,0.0,0.0,0.0,0.0,0.0,0.0,0.0,0.0,0.0,0.0,0.0,0.0,0.0,0.0,0.0,2.5163368919053157,0.0,0.0,0.0,0.0,2,rescue_dilution,0.5,v2_1be28fc1c3ad,53.3425,1,2.5163368919053157,0.0,2.5163368919053157,0.0,0.0,2.5163368919053157,0.3961809502782777,0.0,round5_solubility_viscosity_v2,24.590951583772696,True,,0.06744823005836331,in_support,,,,,16.3855151477282,5.704083126348067,model_supported,Model estimate,candidate has a non-prior-reverted surrogate estimate,16.3855151477282,5.704083126348067,55.2919621749409,25.11907820264258,False,0,0,,,0.0,0.0,0.7836229465914112,0.5580691515393654,1.7274679951240057,1.1598618054941063,0.04769310085329902,0.14307930255989706,0.0,round6_empirical_combination_intact_v1,,0,,True,False,,ineligible:special_origin_exemption,0.5580691515393654,,,,18.381944241950023,0.0,0.0,0.0,0.75,0,,0.0,0.21637705340858882,0.17310164272687106,0.0,0.23681505434531858,,round_candidate
v2_d880ac9c9187,rescue_000005,4,rescue_candidate,rescue_dilution: scaled down a high-viability failed-patch formulation,False,,,,ROUND_007,rep_004,22.22,yes,,,,,,,,,,,,,,,0.0,0.0,0.3961809502782777,0.0,0.0,0.0,0.0,0.0,0.0,0.0,0.0,0.0,0.0,0.0,0.0,0.0,0.0,0.0,0.0,2.5163368919053157,0.0,0.0,0.0,0.0,2,rescue_dilution,0.5,v2_1be28fc1c3ad,53.3425,1,2.5163368919053157,0.0,2.5163368919053157,0.0,0.0,2.5163368919053157,0.3961809502782777,0.0,round5_solubility_viscosity_v2,24.590951583772696,True,,0.06744823005836331,in_support,,,,,16.3855151477282,5.704083126348067,model_supported,Model estimate,candidate has a non-prior-reverted surrogate estimate,16.3855151477282,5.704083126348067,55.2919621749409,25.11907820264258,False,0,0,,,0.0,0.0,0.7836229465914112,0.5580691515393654,1.7274679951240057,1.1598618054941063,0.04769310085329902,0.14307930255989706,0.0,round6_empirical_combination_intact_v1,,0,,True,False,,ineligible:special_origin_exemption,0.5580691515393654,,,,18.381944241950023,0.0,0.0,0.0,0.75,0,,0.0,0.21637705340858882,0.17310164272687106,0.0,0.23681505434531858,,round_candidate
v2_6f20e63adb1d,cand_000497,5,screening_candidate,,False,,,,ROUND_007,rep_001,58.17,yes,,,,,,,,,,,,,,,0.0,0.1926978068289405,0.5834021671650074,0.0,0.0,0.0,0.0,0.0,0.0,0.0,0.0,0.0,0.0,0.0,0.0,0.0,0.0,0.0,0.0,0.0,0.0,5.8162824588637445,0.0,0.0,3,local_perturbation,,,,0,0.0,5.8162824588637445,5.8162824588637445,0.0,0.1926978068289405,5.8162824588637445,0.5834021671650074,0.048174451707235125,round5_solubility_viscosity_v2,63.605692734734184,True,,0.1226853387022667,in_support,,,,,72.85715982015662,5.9533368640388895,model_supported,Model estimate,candidate has a non-prior-reverted surrogate estimate,72.85715982015662,5.9533368640388895,55.2919621749409,25.11907820264258,False,0,0,,,0.0,0.0,0.7509659483015739,0.6982812231138933,1.6503232144695974,0.1451722488780054,0.07083241332537409,0.2991897128926981,0.0,round6_empirical_combination_intact_v1,,0,,False,False,,ineligible:must_contain_exactly_one_cold_start_ingredient,0.6982812231138933,,,,74.94082772257023,0.0,0.0,0.0,0.75,0,ethylene_glycol_M,0.08340216716500737,0.24903405169842607,0.21590767479174233,0.016680433433001473,0.8781327244806688,,round_candidate
v2_6f20e63adb1d,cand_000497,5,screening_candidate,,False,,,,ROUND_007,rep_002,30.38,yes,,,,,,,,,,,,,,,0.0,0.1926978068289405,0.5834021671650074,0.0,0.0,0.0,0.0,0.0,0.0,0.0,0.0,0.0,0.0,0.0,0.0,0.0,0.0,0.0,0.0,0.0,0.0,5.8162824588637445,0.0,0.0,3,local_perturbation,,,,0,0.0,5.8162824588637445,5.8162824588637445,0.0,0.1926978068289405,5.8162824588637445,0.5834021671650074,0.048174451707235125,round5_solubility_viscosity_v2,63.605692734734184,True,,0.1226853387022667,in_support,,,,,72.85715982015662,5.9533368640388895,model_supported,Model estimate,candidate has a non-prior-reverted surrogate estimate,72.85715982015662,5.9533368640388895,55.2919621749409,25.11907820264258,False,0,0,,,0.0,0.0,0.7509659483015739,0.6982812231138933,1.6503232144695974,0.1451722488780054,0.07083241332537409,0.2991897128926981,0.0,round6_empirical_combination_intact_v1,,0,,False,False,,ineligible:must_contain_exactly_one_cold_start_ingredient,0.6982812231138933,,,,74.94082772257023,0.0,0.0,0.0,0.75,0,ethylene_glycol_M,0.08340216716500737,0.24903405169842607,0.21590767479174233,0.016680433433001473,0.8781327244806688,,round_candidate
v2_6f20e63adb1d,cand_000497,5,screening_candidate,,False,,,,ROUND_007,rep_003,43.86,yes,,,,,,,,,,,,,,,0.0,0.1926978068289405,0.5834021671650074,0.0,0.0,0.0,0.0,0.0,0.0,0.0,0.0,0.0,0.0,0.0,0.0,0.0,0.0,0.0,0.0,0.0,0.0,5.8162824588637445,0.0,0.0,3,local_perturbation,,,,0,0.0,5.8162824588637445,5.8162824588637445,0.0,0.1926978068289405,5.8162824588637445,0.5834021671650074,0.048174451707235125,round5_solubility_viscosity_v2,63.605692734734184,True,,0.1226853387022667,in_support,,,,,72.85715982015662,5.9533368640388895,model_supported,Model estimate,candidate has a non-prior-reverted surrogate estimate,72.85715982015662,5.9533368640388895,55.2919621749409,25.11907820264258,False,0,0,,,0.0,0.0,0.7509659483015739,0.6982812231138933,1.6503232144695974,0.1451722488780054,0.07083241332537409,0.2991897128926981,0.0,round6_empirical_combination_intact_v1,,0,,False,False,,ineligible:must_contain_exactly_one_cold_start_ingredient,0.6982812231138933,,,,74.94082772257023,0.0,0.0,0.0,0.75,0,ethylene_glycol_M,0.08340216716500737,0.24903405169842607,0.21590767479174233,0.016680433433001473,0.8781327244806688,,round_candidate
v2_6f20e63adb1d,cand_000497,5,screening_candidate,,False,,,,ROUND_007,rep_004,63.58,yes,,,,,,,,,,,,,,,0.0,0.1926978068289405,0.5834021671650074,0.0,0.0,0.0,0.0,0.0,0.0,0.0,0.0,0.0,0.0,0.0,0.0,0.0,0.0,0.0,0.0,0.0,0.0,5.8162824588637445,0.0,0.0,3,local_perturbation,,,,0,0.0,5.8162824588637445,5.8162824588637445,0.0,0.1926978068289405,5.8162824588637445,0.5834021671650074,0.048174451707235125,round5_solubility_viscosity_v2,63.605692734734184,True,,0.1226853387022667,in_support,,,,,72.85715982015662,5.9533368640388895,model_supported,Model estimate,candidate has a non-prior-reverted surrogate estimate,72.85715982015662,5.9533368640388895,55.2919621749409,25.11907820264258,False,0,0,,,0.0,0.0,0.7509659483015739,0.6982812231138933,1.6503232144695974,0.1451722488780054,0.07083241332537409,0.2991897128926981,0.0,round6_empirical_combination_intact_v1,,0,,False,False,,ineligible:must_contain_exactly_one_cold_start_ingredient,0.6982812231138933,,,,74.94082772257023,0.0,0.0,0.0,0.75,0,ethylene_glycol_M,0.08340216716500737,0.24903405169842607,0.21590767479174233,0.016680433433001473,0.8781327244806688,,round_candidate
v2_7371aa062562,cand_000249,6,screening_candidate,,False,,,,ROUND_007,rep_001,63.64,yes,,,,,,,,,,,,,,,0.0,0.0,0.0,0.29862733696416155,0.0,0.0,0.0,0.0,0.0,0.0,0.0,0.0,0.0,0.16684432113584488,0.022389174795500552,0.0,0.0,0.0,0.0,0.0,0.0,0.0,0.0,0.0,3,local_perturbation,,,,0,0.0,0.0,0.0,0.16684432113584488,0.18923349593134542,0.0,0.29862733696416155,0.2834881522589762,round5_solubility_viscosity_v2,60.49515684779744,True,,0.33181002153121764,in_support,,,,,,,unknown_prior_reversion,Unknown — surrogate prior reversion,surrogate mean and uncertainty are indistinguishable from the training prior,53.46533855803599,25.010699673369164,55.2919621749409,25.11907820264258,True,0,0,,,0.0,0.0,0.3254862379675461,0.5,0.0,0.0,,,0.0,round6_empirical_combination_intact_v1,,0,,False,False,,ineligible:must_contain_exactly_one_cold_start_ingredient,0.5,,,,62.21908344371519,0.0,0.0,0.0,0.75,0,,0.0,0.674513762032454,0.5396110096259632,0.0,0.7468101724509815,,round_candidate
v2_7371aa062562,cand_000249,6,screening_candidate,,False,,,,ROUND_007,rep_002,52.01,yes,,,,,,,,,,,,,,,0.0,0.0,0.0,0.29862733696416155,0.0,0.0,0.0,0.0,0.0,0.0,0.0,0.0,0.0,0.16684432113584488,0.022389174795500552,0.0,0.0,0.0,0.0,0.0,0.0,0.0,0.0,0.0,3,local_perturbation,,,,0,0.0,0.0,0.0,0.16684432113584488,0.18923349593134542,0.0,0.29862733696416155,0.2834881522589762,round5_solubility_viscosity_v2,60.49515684779744,True,,0.33181002153121764,in_support,,,,,,,unknown_prior_reversion,Unknown — surrogate prior reversion,surrogate mean and uncertainty are indistinguishable from the training prior,53.46533855803599,25.010699673369164,55.2919621749409,25.11907820264258,True,0,0,,,0.0,0.0,0.3254862379675461,0.5,0.0,0.0,,,0.0,round6_empirical_combination_intact_v1,,0,,False,False,,ineligible:must_contain_exactly_one_cold_start_ingredient,0.5,,,,62.21908344371519,0.0,0.0,0.0,0.75,0,,0.0,0.674513762032454,0.5396110096259632,0.0,0.7468101724509815,,round_candidate
v2_7371aa062562,cand_000249,6,screening_candidate,,False,,,,ROUND_007,rep_003,45.25,yes,,,,,,,,,,,,,,,0.0,0.0,0.0,0.29862733696416155,0.0,0.0,0.0,0.0,0.0,0.0,0.0,0.0,0.0,0.16684432113584488,0.022389174795500552,0.0,0.0,0.0,0.0,0.0,0.0,0.0,0.0,0.0,3,local_perturbation,,,,0,0.0,0.0,0.0,0.16684432113584488,0.18923349593134542,0.0,0.29862733696416155,0.2834881522589762,round5_solubility_viscosity_v2,60.49515684779744,True,,0.33181002153121764,in_support,,,,,,,unknown_prior_reversion,Unknown — surrogate prior reversion,surrogate mean and uncertainty are indistinguishable from the training prior,53.46533855803599,25.010699673369164,55.2919621749409,25.11907820264258,True,0,0,,,0.0,0.0,0.3254862379675461,0.5,0.0,0.0,,,0.0,round6_empirical_combination_intact_v1,,0,,False,False,,ineligible:must_contain_exactly_one_cold_start_ingredient,0.5,,,,62.21908344371519,0.0,0.0,0.0,0.75,0,,0.0,0.674513762032454,0.5396110096259632,0.0,0.7468101724509815,,round_candidate
v2_7371aa062562,cand_000249,6,screening_candidate,,False,,,,ROUND_007,rep_004,39.48,yes,,,,,,,,,,,,,,,0.0,0.0,0.0,0.29862733696416155,0.0,0.0,0.0,0.0,0.0,0.0,0.0,0.0,0.0,0.16684432113584488,0.022389174795500552,0.0,0.0,0.0,0.0,0.0,0.0,0.0,0.0,0.0,3,local_perturbation,,,,0,0.0,0.0,0.0,0.16684432113584488,0.18923349593134542,0.0,0.29862733696416155,0.2834881522589762,round5_solubility_viscosity_v2,60.49515684779744,True,,0.33181002153121764,in_support,,,,,,,unknown_prior_reversion,Unknown — surrogate prior reversion,surrogate mean and uncertainty are indistinguishable from the training prior,53.46533855803599,25.010699673369164,55.2919621749409,25.11907820264258,True,0,0,,,0.0,0.0,0.3254862379675461,0.5,0.0,0.0,,,0.0,round6_empirical_combination_intact_v1,,0,,False,False,,ineligible:must_contain_exactly_one_cold_start_ingredient,0.5,,,,62.21908344371519,0.0,0.0,0.0,0.75,0,,0.0,0.674513762032454,0.5396110096259632,0.0,0.7468101724509815,,round_candidate
v2_655dce03a47b,cand_000331,7,screening_candidate,,False,,,,ROUND_007,rep_001,66.44,yes,,,,,,,,,,,,,,,0.0,0.32127737823292873,0.5796227936640566,0.0,0.0,0.0,0.0,0.0,0.0,0.0,0.0,0.0,0.0,0.0,0.0,0.0,0.0,0.0,0.0,0.0,0.0,0.0,0.0,0.0,2,local_perturbation,,,,0,0.0,0.0,0.0,0.0,0.32127737823292873,0.0,0.5796227936640566,0.08031934455823218,round5_solubility_viscosity_v2,81.64997889232114,True,,0.15253724564067137,in_support,,,,,63.3870256023835,11.763423399579231,model_supported,Model estimate,candidate has a non-prior-reverted surrogate estimate,63.3870256023835,11.763423399579231,55.2919621749409,25.11907820264258,False,0,0,,,0.0,0.0,0.9500046496612016,0.725890835173297,1.648181558001605,0.0,0.10786012077603685,,0.0,round6_empirical_combination_intact_v1,,0,,False,False,,ineligible:must_contain_exactly_one_cold_start_ingredient,0.725890835173297,,,,67.50422379223623,0.0,0.0,0.0,0.75,0,ethylene_glycol_M,0.07962279366405656,0.04999535033879843,0.05592083900385006,0.015924558732811313,0.7923721939405506,,round_candidate
v2_655dce03a47b,cand_000331,7,screening_candidate,,False,,,,ROUND_007,rep_002,47.22,yes,,,,,,,,,,,,,,,0.0,0.32127737823292873,0.5796227936640566,0.0,0.0,0.0,0.0,0.0,0.0,0.0,0.0,0.0,0.0,0.0,0.0,0.0,0.0,0.0,0.0,0.0,0.0,0.0,0.0,0.0,2,local_perturbation,,,,0,0.0,0.0,0.0,0.0,0.32127737823292873,0.0,0.5796227936640566,0.08031934455823218,round5_solubility_viscosity_v2,81.64997889232114,True,,0.15253724564067137,in_support,,,,,63.3870256023835,11.763423399579231,model_supported,Model estimate,candidate has a non-prior-reverted surrogate estimate,63.3870256023835,11.763423399579231,55.2919621749409,25.11907820264258,False,0,0,,,0.0,0.0,0.9500046496612016,0.725890835173297,1.648181558001605,0.0,0.10786012077603685,,0.0,round6_empirical_combination_intact_v1,,0,,False,False,,ineligible:must_contain_exactly_one_cold_start_ingredient,0.725890835173297,,,,67.50422379223623,0.0,0.0,0.0,0.75,0,ethylene_glycol_M,0.07962279366405656,0.04999535033879843,0.05592083900385006,0.015924558732811313,0.7923721939405506,,round_candidate
v2_655dce03a47b,cand_000331,7,screening_candidate,,False,,,,ROUND_007,rep_003,51.18,yes,,,,,,,,,,,,,,,0.0,0.32127737823292873,0.5796227936640566,0.0,0.0,0.0,0.0,0.0,0.0,0.0,0.0,0.0,0.0,0.0,0.0,0.0,0.0,0.0,0.0,0.0,0.0,0.0,0.0,0.0,2,local_perturbation,,,,0,0.0,0.0,0.0,0.0,0.32127737823292873,0.0,0.5796227936640566,0.08031934455823218,round5_solubility_viscosity_v2,81.64997889232114,True,,0.15253724564067137,in_support,,,,,63.3870256023835,11.763423399579231,model_supported,Model estimate,candidate has a non-prior-reverted surrogate estimate,63.3870256023835,11.763423399579231,55.2919621749409,25.11907820264258,False,0,0,,,0.0,0.0,0.9500046496612016,0.725890835173297,1.648181558001605,0.0,0.10786012077603685,,0.0,round6_empirical_combination_intact_v1,,0,,False,False,,ineligible:must_contain_exactly_one_cold_start_ingredient,0.725890835173297,,,,67.50422379223623,0.0,0.0,0.0,0.75,0,ethylene_glycol_M,0.07962279366405656,0.04999535033879843,0.05592083900385006,0.015924558732811313,0.7923721939405506,,round_candidate
v2_655dce03a47b,cand_000331,7,screening_candidate,,False,,,,ROUND_007,rep_004,65.19,yes,,,,,,,,,,,,,,,0.0,0.32127737823292873,0.5796227936640566,0.0,0.0,0.0,0.0,0.0,0.0,0.0,0.0,0.0,0.0,0.0,0.0,0.0,0.0,0.0,0.0,0.0,0.0,0.0,0.0,0.0,2,local_perturbation,,,,0,0.0,0.0,0.0,0.0,0.32127737823292873,0.0,0.5796227936640566,0.08031934455823218,round5_solubility_viscosity_v2,81.64997889232114,True,,0.15253724564067137,in_support,,,,,63.3870256023835,11.763423399579231,model_supported,Model estimate,candidate has a non-prior-reverted surrogate estimate,63.3870256023835,11.763423399579231,55.2919621749409,25.11907820264258,False,0,0,,,0.0,0.0,0.9500046496612016,0.725890835173297,1.648181558001605,0.0,0.10786012077603685,,0.0,round6_empirical_combination_intact_v1,,0,,False,False,,ineligible:must_contain_exactly_one_cold_start_ingredient,0.725890835173297,,,,67.50422379223623,0.0,0.0,0.0,0.75,0,ethylene_glycol_M,0.07962279366405656,0.04999535033879843,0.05592083900385006,0.015924558732811313,0.7923721939405506,,round_candidate
v2_724742f4ebc1,cand_001166,8,screening_candidate,,False,,,,ROUND_007,rep_001,10.73,yes,,,,,,,,,,,,,,,0.0,0.0,0.0,0.0,0.0,0.0,0.0,0.0,0.0,0.2318306721986533,0.0,0.0,0.0,0.0,0.027242257450916473,0.0,0.0,0.0,0.0,0.0,0.0,0.0,0.0,0.0,2,sparse_exploration,,,,0,0.0,0.0,0.0,0.0,0.2590729296495698,0.0,0.0,0.5606556718701817,round5_solubility_viscosity_v2,45.338891122848054,True,,0.46649479081027967,in_support,,,,,,,unknown_cold_start,Unknown — exploratory cold-start,cold-start ingredient(s): myo_inositol_M; prior evidence: myo_inositol_M=2; graduation threshold=3,55.29184909143825,25.11907820259103,55.2919621749409,25.11907820264258,True,0,0,,,0.0,0.0,0.9649598202213122,0.5,0.0,0.0,,,0.0,round6_empirical_combination_intact_v1,myo_inositol_M,1,myo_inositol_M=2,False,True,2,eligible:myo_inositol_M;prior_distinct_formulations=2;graduation_threshold=3,0.5,,,,64.0835264623451,0.0,0.0,0.0,0.75,0,,0.0,0.035040179778687786,0.02803214382295023,0.0,0.7685008405648613,,round_candidate
v2_724742f4ebc1,cand_001166,8,screening_candidate,,False,,,,ROUND_007,rep_002,13.00,yes,,,,,,,,,,,,,,,0.0,0.0,0.0,0.0,0.0,0.0,0.0,0.0,0.0,0.2318306721986533,0.0,0.0,0.0,0.0,0.027242257450916473,0.0,0.0,0.0,0.0,0.0,0.0,0.0,0.0,0.0,2,sparse_exploration,,,,0,0.0,0.0,0.0,0.0,0.2590729296495698,0.0,0.0,0.5606556718701817,round5_solubility_viscosity_v2,45.338891122848054,True,,0.46649479081027967,in_support,,,,,,,unknown_cold_start,Unknown — exploratory cold-start,cold-start ingredient(s): myo_inositol_M; prior evidence: myo_inositol_M=2; graduation threshold=3,55.29184909143825,25.11907820259103,55.2919621749409,25.11907820264258,True,0,0,,,0.0,0.0,0.9649598202213122,0.5,0.0,0.0,,,0.0,round6_empirical_combination_intact_v1,myo_inositol_M,1,myo_inositol_M=2,False,True,2,eligible:myo_inositol_M;prior_distinct_formulations=2;graduation_threshold=3,0.5,,,,64.0835264623451,0.0,0.0,0.0,0.75,0,,0.0,0.035040179778687786,0.02803214382295023,0.0,0.7685008405648613,,round_candidate
v2_724742f4ebc1,cand_001166,8,screening_candidate,,False,,,,ROUND_007,rep_003,11.67,yes,,,,,,,,,,,,,,,0.0,0.0,0.0,0.0,0.0,0.0,0.0,0.0,0.0,0.2318306721986533,0.0,0.0,0.0,0.0,0.027242257450916473,0.0,0.0,0.0,0.0,0.0,0.0,0.0,0.0,0.0,2,sparse_exploration,,,,0,0.0,0.0,0.0,0.0,0.2590729296495698,0.0,0.0,0.5606556718701817,round5_solubility_viscosity_v2,45.338891122848054,True,,0.46649479081027967,in_support,,,,,,,unknown_cold_start,Unknown — exploratory cold-start,cold-start ingredient(s): myo_inositol_M; prior evidence: myo_inositol_M=2; graduation threshold=3,55.29184909143825,25.11907820259103,55.2919621749409,25.11907820264258,True,0,0,,,0.0,0.0,0.9649598202213122,0.5,0.0,0.0,,,0.0,round6_empirical_combination_intact_v1,myo_inositol_M,1,myo_inositol_M=2,False,True,2,eligible:myo_inositol_M;prior_distinct_formulations=2;graduation_threshold=3,0.5,,,,64.0835264623451,0.0,0.0,0.0,0.75,0,,0.0,0.035040179778687786,0.02803214382295023,0.0,0.7685008405648613,,round_candidate
v2_724742f4ebc1,cand_001166,8,screening_candidate,,False,,,,ROUND_007,rep_004,15.27,yes,,,,,,,,,,,,,,,0.0,0.0,0.0,0.0,0.0,0.0,0.0,0.0,0.0,0.2318306721986533,0.0,0.0,0.0,0.0,0.027242257450916473,0.0,0.0,0.0,0.0,0.0,0.0,0.0,0.0,0.0,2,sparse_exploration,,,,0,0.0,0.0,0.0,0.0,0.2590729296495698,0.0,0.0,0.5606556718701817,round5_solubility_viscosity_v2,45.338891122848054,True,,0.46649479081027967,in_support,,,,,,,unknown_cold_start,Unknown — exploratory cold-start,cold-start ingredient(s): myo_inositol_M; prior evidence: myo_inositol_M=2; graduation threshold=3,55.29184909143825,25.11907820259103,55.2919621749409,25.11907820264258,True,0,0,,,0.0,0.0,0.9649598202213122,0.5,0.0,0.0,,,0.0,round6_empirical_combination_intact_v1,myo_inositol_M,1,myo_inositol_M=2,False,True,2,eligible:myo_inositol_M;prior_distinct_formulations=2;graduation_threshold=3,0.5,,,,64.0835264623451,0.0,0.0,0.0,0.75,0,,0.0,0.035040179778687786,0.02803214382295023,0.0,0.7685008405648613,,round_candidate
v2_adfd2284b7fb,cand_000813,9,cold_start_graduation,cold_start_graduation: ingredient=taurine_M; prior_distinct_formulations=2; graduation_threshold=3,False,,,,ROUND_007,rep_001,9.90,yes,,,,,,,,,,,,,,,0.08076175917119893,0.0,0.0,0.0,0.0,0.0,0.0,0.0,0.3115630075817165,0.0,0.0,0.0,0.0,0.0,0.0,0.0,0.0,0.0,0.0,0.0,0.0,0.0,0.0,0.0,2,sparse_exploration,,,,0,0.0,0.0,0.0,0.0,0.3115630075817165,0.0,0.08076175917119893,0.41087579630710747,round5_solubility_viscosity_v2,45.302026642897594,True,,0.6826292315008963,in_support,,,,,,,unknown_cold_start,Unknown — exploratory cold-start,cold-start ingredient(s): taurine_M; prior evidence: taurine_M=2; graduation threshold=3,55.2919621749409,25.11907820264258,55.2919621749409,25.11907820264258,True,0,0,,,0.0,0.0,0.9999972835517202,0.5,0.0,0.0,,,0.0,round6_empirical_combination_intact_v1,taurine_M,1,taurine_M=2,False,True,1,eligible:taurine_M;prior_distinct_formulations=2;graduation_threshold=3,0.5,,,,64.08363954586581,0.0,0.0,0.0,0.75,0,,0.0,2.716448279760364e-06,2.173158623808291e-06,0.0,0.7685021561626523,,round_candidate
v2_adfd2284b7fb,cand_000813,9,cold_start_graduation,cold_start_graduation: ingredient=taurine_M; prior_distinct_formulations=2; graduation_threshold=3,False,,,,ROUND_007,rep_002,4.22,yes,,,,,,,,,,,,,,,0.08076175917119893,0.0,0.0,0.0,0.0,0.0,0.0,0.0,0.3115630075817165,0.0,0.0,0.0,0.0,0.0,0.0,0.0,0.0,0.0,0.0,0.0,0.0,0.0,0.0,0.0,2,sparse_exploration,,,,0,0.0,0.0,0.0,0.0,0.3115630075817165,0.0,0.08076175917119893,0.41087579630710747,round5_solubility_viscosity_v2,45.302026642897594,True,,0.6826292315008963,in_support,,,,,,,unknown_cold_start,Unknown — exploratory cold-start,cold-start ingredient(s): taurine_M; prior evidence: taurine_M=2; graduation threshold=3,55.2919621749409,25.11907820264258,55.2919621749409,25.11907820264258,True,0,0,,,0.0,0.0,0.9999972835517202,0.5,0.0,0.0,,,0.0,round6_empirical_combination_intact_v1,taurine_M,1,taurine_M=2,False,True,1,eligible:taurine_M;prior_distinct_formulations=2;graduation_threshold=3,0.5,,,,64.08363954586581,0.0,0.0,0.0,0.75,0,,0.0,2.716448279760364e-06,2.173158623808291e-06,0.0,0.7685021561626523,,round_candidate
v2_adfd2284b7fb,cand_000813,9,cold_start_graduation,cold_start_graduation: ingredient=taurine_M; prior_distinct_formulations=2; graduation_threshold=3,False,,,,ROUND_007,rep_003,7.73,yes,,,,,,,,,,,,,,,0.08076175917119893,0.0,0.0,0.0,0.0,0.0,0.0,0.0,0.3115630075817165,0.0,0.0,0.0,0.0,0.0,0.0,0.0,0.0,0.0,0.0,0.0,0.0,0.0,0.0,0.0,2,sparse_exploration,,,,0,0.0,0.0,0.0,0.0,0.3115630075817165,0.0,0.08076175917119893,0.41087579630710747,round5_solubility_viscosity_v2,45.302026642897594,True,,0.6826292315008963,in_support,,,,,,,unknown_cold_start,Unknown — exploratory cold-start,cold-start ingredient(s): taurine_M; prior evidence: taurine_M=2; graduation threshold=3,55.2919621749409,25.11907820264258,55.2919621749409,25.11907820264258,True,0,0,,,0.0,0.0,0.9999972835517202,0.5,0.0,0.0,,,0.0,round6_empirical_combination_intact_v1,taurine_M,1,taurine_M=2,False,True,1,eligible:taurine_M;prior_distinct_formulations=2;graduation_threshold=3,0.5,,,,64.08363954586581,0.0,0.0,0.0,0.75,0,,0.0,2.716448279760364e-06,2.173158623808291e-06,0.0,0.7685021561626523,,round_candidate
v2_adfd2284b7fb,cand_000813,9,cold_start_graduation,cold_start_graduation: ingredient=taurine_M; prior_distinct_formulations=2; graduation_threshold=3,False,,,,ROUND_007,rep_004,10.66,yes,,,,,,,,,,,,,,,0.08076175917119893,0.0,0.0,0.0,0.0,0.0,0.0,0.0,0.3115630075817165,0.0,0.0,0.0,0.0,0.0,0.0,0.0,0.0,0.0,0.0,0.0,0.0,0.0,0.0,0.0,2,sparse_exploration,,,,0,0.0,0.0,0.0,0.0,0.3115630075817165,0.0,0.08076175917119893,0.41087579630710747,round5_solubility_viscosity_v2,45.302026642897594,True,,0.6826292315008963,in_support,,,,,,,unknown_cold_start,Unknown — exploratory cold-start,cold-start ingredient(s): taurine_M; prior evidence: taurine_M=2; graduation threshold=3,55.2919621749409,25.11907820264258,55.2919621749409,25.11907820264258,True,0,0,,,0.0,0.0,0.9999972835517202,0.5,0.0,0.0,,,0.0,round6_empirical_combination_intact_v1,taurine_M,1,taurine_M=2,False,True,1,eligible:taurine_M;prior_distinct_formulations=2;graduation_threshold=3,0.5,,,,64.08363954586581,0.0,0.0,0.0,0.75,0,,0.0,2.716448279760364e-06,2.173158623808291e-06,0.0,0.7685021561626523,,round_candidate
v2_a1a1ae0b19bb,cand_001453,10,cold_start_graduation,cold_start_graduation: ingredient=myo_inositol_M; prior_distinct_formulations=2; graduation_threshold=3,False,,,,ROUND_007,rep_001,18.20,yes,,,,,,,,,,,,,,,0.0,0.0,0.0,0.0,0.0,0.0,0.0,0.0,0.0,0.27091014497851584,0.0,0.0,0.0,0.0,0.0,0.0,0.0,0.0,3.364002703887572,0.0,0.0,0.0,0.0,0.0,2,sparse_exploration,,,,1,3.364002703887572,0.0,3.364002703887572,0.0,0.27091014497851584,3.364002703887572,0.0,0.34130841960656616,round5_solubility_viscosity_v2,48.80717171932941,True,,0.5925022130947146,in_support,,,,,,,unknown_cold_start,Unknown — exploratory cold-start,cold-start ingredient(s): myo_inositol_M; prior evidence: myo_inositol_M=2; graduation threshold=3,55.291873173485136,25.119078202614002,55.2919621749409,25.11907820264258,True,0,0,,,0.0,0.0,0.614276116447616,0.5,0.0,0.0,,,0.0,round6_empirical_combination_intact_v1,myo_inositol_M,1,myo_inositol_M=2,False,True,2,eligible:myo_inositol_M;prior_distinct_formulations=2;graduation_threshold=3,0.5,,,,64.08355054440004,0.0,0.0,0.0,0.75,0,,0.0,0.38572388355238396,0.3085791068419072,0.0,0.7685011207321047,,round_candidate
v2_a1a1ae0b19bb,cand_001453,10,cold_start_graduation,cold_start_graduation: ingredient=myo_inositol_M; prior_distinct_formulations=2; graduation_threshold=3,False,,,,ROUND_007,rep_002,7.00,yes,,,,,,,,,,,,,,,0.0,0.0,0.0,0.0,0.0,0.0,0.0,0.0,0.0,0.27091014497851584,0.0,0.0,0.0,0.0,0.0,0.0,0.0,0.0,3.364002703887572,0.0,0.0,0.0,0.0,0.0,2,sparse_exploration,,,,1,3.364002703887572,0.0,3.364002703887572,0.0,0.27091014497851584,3.364002703887572,0.0,0.34130841960656616,round5_solubility_viscosity_v2,48.80717171932941,True,,0.5925022130947146,in_support,,,,,,,unknown_cold_start,Unknown — exploratory cold-start,cold-start ingredient(s): myo_inositol_M; prior evidence: myo_inositol_M=2; graduation threshold=3,55.291873173485136,25.119078202614002,55.2919621749409,25.11907820264258,True,0,0,,,0.0,0.0,0.614276116447616,0.5,0.0,0.0,,,0.0,round6_empirical_combination_intact_v1,myo_inositol_M,1,myo_inositol_M=2,False,True,2,eligible:myo_inositol_M;prior_distinct_formulations=2;graduation_threshold=3,0.5,,,,64.08355054440004,0.0,0.0,0.0,0.75,0,,0.0,0.38572388355238396,0.3085791068419072,0.0,0.7685011207321047,,round_candidate
v2_a1a1ae0b19bb,cand_001453,10,cold_start_graduation,cold_start_graduation: ingredient=myo_inositol_M; prior_distinct_formulations=2; graduation_threshold=3,False,,,,ROUND_007,rep_003,12.77,yes,,,,,,,,,,,,,,,0.0,0.0,0.0,0.0,0.0,0.0,0.0,0.0,0.0,0.27091014497851584,0.0,0.0,0.0,0.0,0.0,0.0,0.0,0.0,3.364002703887572,0.0,0.0,0.0,0.0,0.0,2,sparse_exploration,,,,1,3.364002703887572,0.0,3.364002703887572,0.0,0.27091014497851584,3.364002703887572,0.0,0.34130841960656616,round5_solubility_viscosity_v2,48.80717171932941,True,,0.5925022130947146,in_support,,,,,,,unknown_cold_start,Unknown — exploratory cold-start,cold-start ingredient(s): myo_inositol_M; prior evidence: myo_inositol_M=2; graduation threshold=3,55.291873173485136,25.119078202614002,55.2919621749409,25.11907820264258,True,0,0,,,0.0,0.0,0.614276116447616,0.5,0.0,0.0,,,0.0,round6_empirical_combination_intact_v1,myo_inositol_M,1,myo_inositol_M=2,False,True,2,eligible:myo_inositol_M;prior_distinct_formulations=2;graduation_threshold=3,0.5,,,,64.08355054440004,0.0,0.0,0.0,0.75,0,,0.0,0.38572388355238396,0.3085791068419072,0.0,0.7685011207321047,,round_candidate
v2_a1a1ae0b19bb,cand_001453,10,cold_start_graduation,cold_start_graduation: ingredient=myo_inositol_M; prior_distinct_formulations=2; graduation_threshold=3,False,,,,ROUND_007,rep_004,16.02,yes,,,,,,,,,,,,,,,0.0,0.0,0.0,0.0,0.0,0.0,0.0,0.0,0.0,0.27091014497851584,0.0,0.0,0.0,0.0,0.0,0.0,0.0,0.0,3.364002703887572,0.0,0.0,0.0,0.0,0.0,2,sparse_exploration,,,,1,3.364002703887572,0.0,3.364002703887572,0.0,0.27091014497851584,3.364002703887572,0.0,0.34130841960656616,round5_solubility_viscosity_v2,48.80717171932941,True,,0.5925022130947146,in_support,,,,,,,unknown_cold_start,Unknown — exploratory cold-start,cold-start ingredient(s): myo_inositol_M; prior evidence: myo_inositol_M=2; graduation threshold=3,55.291873173485136,25.119078202614002,55.2919621749409,25.11907820264258,True,0,0,,,0.0,0.0,0.614276116447616,0.5,0.0,0.0,,,0.0,round6_empirical_combination_intact_v1,myo_inositol_M,1,myo_inositol_M=2,False,True,2,eligible:myo_inositol_M;prior_distinct_formulations=2;graduation_threshold=3,0.5,,,,64.08355054440004,0.0,0.0,0.0,0.75,0,,0.0,0.38572388355238396,0.3085791068419072,0.0,0.7685011207321047,,round_candidate
v2_acaa3c7de271,cand_001508,11,screening_candidate,,False,,,,ROUND_007,rep_001,23.14,yes,,,,,,,,,,,,,,,0.08079377085329802,0.0,0.0,0.0,0.0,0.0,0.0,0.0,0.0,0.0,0.0,0.41858948936140683,0.0,0.0,0.026074393050741287,0.0,0.0,0.0,0.0,0.0,0.0,0.0,0.0,0.0,3,boundary_probe,,,,0,0.0,0.0,0.0,0.0,0.4446638824121481,0.0,0.08079377085329802,0.3373266060308704,round5_solubility_viscosity_v2,58.76931115620069,True,,1.1129374840242365,in_support,,,,,,,unknown_prior_reversion,Unknown — surrogate prior reversion,surrogate mean and uncertainty are indistinguishable from the training prior,55.271714535770556,25.119074167629854,55.2919621749409,25.11907820264258,True,0,0,,,0.0,0.0,0.9822714060297343,0.5,0.0,0.0,,,0.0,round6_empirical_combination_intact_v1,,0,,False,False,,ineligible:must_contain_exactly_one_cold_start_ingredient,0.5,,,,64.06339049444101,0.0,0.0,0.0,0.75,0,,0.0,0.017728593970265716,0.014182875176212573,0.0,0.7682665815434833,,round_candidate
v2_acaa3c7de271,cand_001508,11,screening_candidate,,False,,,,ROUND_007,rep_002,16.82,yes,,,,,,,,,,,,,,,0.08079377085329802,0.0,0.0,0.0,0.0,0.0,0.0,0.0,0.0,0.0,0.0,0.41858948936140683,0.0,0.0,0.026074393050741287,0.0,0.0,0.0,0.0,0.0,0.0,0.0,0.0,0.0,3,boundary_probe,,,,0,0.0,0.0,0.0,0.0,0.4446638824121481,0.0,0.08079377085329802,0.3373266060308704,round5_solubility_viscosity_v2,58.76931115620069,True,,1.1129374840242365,in_support,,,,,,,unknown_prior_reversion,Unknown — surrogate prior reversion,surrogate mean and uncertainty are indistinguishable from the training prior,55.271714535770556,25.119074167629854,55.2919621749409,25.11907820264258,True,0,0,,,0.0,0.0,0.9822714060297343,0.5,0.0,0.0,,,0.0,round6_empirical_combination_intact_v1,,0,,False,False,,ineligible:must_contain_exactly_one_cold_start_ingredient,0.5,,,,64.06339049444101,0.0,0.0,0.0,0.75,0,,0.0,0.017728593970265716,0.014182875176212573,0.0,0.7682665815434833,,round_candidate
v2_acaa3c7de271,cand_001508,11,screening_candidate,,False,,,,ROUND_007,rep_003,18.94,yes,,,,,,,,,,,,,,,0.08079377085329802,0.0,0.0,0.0,0.0,0.0,0.0,0.0,0.0,0.0,0.0,0.41858948936140683,0.0,0.0,0.026074393050741287,0.0,0.0,0.0,0.0,0.0,0.0,0.0,0.0,0.0,3,boundary_probe,,,,0,0.0,0.0,0.0,0.0,0.4446638824121481,0.0,0.08079377085329802,0.3373266060308704,round5_solubility_viscosity_v2,58.76931115620069,True,,1.1129374840242365,in_support,,,,,,,unknown_prior_reversion,Unknown — surrogate prior reversion,surrogate mean and uncertainty are indistinguishable from the training prior,55.271714535770556,25.119074167629854,55.2919621749409,25.11907820264258,True,0,0,,,0.0,0.0,0.9822714060297343,0.5,0.0,0.0,,,0.0,round6_empirical_combination_intact_v1,,0,,False,False,,ineligible:must_contain_exactly_one_cold_start_ingredient,0.5,,,,64.06339049444101,0.0,0.0,0.0,0.75,0,,0.0,0.017728593970265716,0.014182875176212573,0.0,0.7682665815434833,,round_candidate
v2_acaa3c7de271,cand_001508,11,screening_candidate,,False,,,,ROUND_007,rep_004,27.04,yes,,,,,,,,,,,,,,,0.08079377085329802,0.0,0.0,0.0,0.0,0.0,0.0,0.0,0.0,0.0,0.0,0.41858948936140683,0.0,0.0,0.026074393050741287,0.0,0.0,0.0,0.0,0.0,0.0,0.0,0.0,0.0,3,boundary_probe,,,,0,0.0,0.0,0.0,0.0,0.4446638824121481,0.0,0.08079377085329802,0.3373266060308704,round5_solubility_viscosity_v2,58.76931115620069,True,,1.1129374840242365,in_support,,,,,,,unknown_prior_reversion,Unknown — surrogate prior reversion,surrogate mean and uncertainty are indistinguishable from the training prior,55.271714535770556,25.119074167629854,55.2919621749409,25.11907820264258,True,0,0,,,0.0,0.0,0.9822714060297343,0.5,0.0,0.0,,,0.0,round6_empirical_combination_intact_v1,,0,,False,False,,ineligible:must_contain_exactly_one_cold_start_ingredient,0.5,,,,64.06339049444101,0.0,0.0,0.0,0.75,0,,0.0,0.017728593970265716,0.014182875176212573,0.0,0.7682665815434833,,round_candidate
v2_2df18f043f0c,cand_001571,12,screening_candidate,,False,,,,ROUND_007,rep_001,10.43,yes,,,,,,,,,,,,,,,0.0,0.0,0.0,0.0,0.0,0.0,0.0,0.0,0.38201411201270663,0.0,0.0,0.0,0.0,0.0,0.01649219028739493,0.0,0.0,0.0,0.0,0.0,0.0,7.998499803461183,0.0,0.0,3,boundary_probe,,,,0,0.0,7.998499803461183,7.998499803461183,0.0,0.39850630230010153,7.998499803461183,0.0,0.666380429697699,round5_solubility_viscosity_v2,49.97168703077633,True,,0.9622958220393979,in_support,,,,,,,unknown_cold_start,Unknown — exploratory cold-start,cold-start ingredient(s): taurine_M; prior evidence: taurine_M=2; graduation threshold=3,55.2919621749409,25.11907820264258,55.2919621749409,25.11907820264258,True,0,0,,,0.0,0.0,0.9999949879202248,0.5,0.0,0.0,,,0.0,round6_empirical_combination_intact_v1,taurine_M,1,taurine_M=2,False,True,1,eligible:taurine_M;prior_distinct_formulations=2;graduation_threshold=3,0.5,,,,64.08363954586581,0.0,0.0,0.0,0.75,0,,0.0,5.0120797752128965e-06,4.0096638201703175e-06,0.0,0.7685021561626523,,round_candidate
v2_2df18f043f0c,cand_001571,12,screening_candidate,,False,,,,ROUND_007,rep_002,1.96,yes,,,,,,,,,,,,,,,0.0,0.0,0.0,0.0,0.0,0.0,0.0,0.0,0.38201411201270663,0.0,0.0,0.0,0.0,0.0,0.01649219028739493,0.0,0.0,0.0,0.0,0.0,0.0,7.998499803461183,0.0,0.0,3,boundary_probe,,,,0,0.0,7.998499803461183,7.998499803461183,0.0,0.39850630230010153,7.998499803461183,0.0,0.666380429697699,round5_solubility_viscosity_v2,49.97168703077633,True,,0.9622958220393979,in_support,,,,,,,unknown_cold_start,Unknown — exploratory cold-start,cold-start ingredient(s): taurine_M; prior evidence: taurine_M=2; graduation threshold=3,55.2919621749409,25.11907820264258,55.2919621749409,25.11907820264258,True,0,0,,,0.0,0.0,0.9999949879202248,0.5,0.0,0.0,,,0.0,round6_empirical_combination_intact_v1,taurine_M,1,taurine_M=2,False,True,1,eligible:taurine_M;prior_distinct_formulations=2;graduation_threshold=3,0.5,,,,64.08363954586581,0.0,0.0,0.0,0.75,0,,0.0,5.0120797752128965e-06,4.0096638201703175e-06,0.0,0.7685021561626523,,round_candidate
v2_2df18f043f0c,cand_001571,12,screening_candidate,,False,,,,ROUND_007,rep_003,4.86,yes,,,,,,,,,,,,,,,0.0,0.0,0.0,0.0,0.0,0.0,0.0,0.0,0.38201411201270663,0.0,0.0,0.0,0.0,0.0,0.01649219028739493,0.0,0.0,0.0,0.0,0.0,0.0,7.998499803461183,0.0,0.0,3,boundary_probe,,,,0,0.0,7.998499803461183,7.998499803461183,0.0,0.39850630230010153,7.998499803461183,0.0,0.666380429697699,round5_solubility_viscosity_v2,49.97168703077633,True,,0.9622958220393979,in_support,,,,,,,unknown_cold_start,Unknown — exploratory cold-start,cold-start ingredient(s): taurine_M; prior evidence: taurine_M=2; graduation threshold=3,55.2919621749409,25.11907820264258,55.2919621749409,25.11907820264258,True,0,0,,,0.0,0.0,0.9999949879202248,0.5,0.0,0.0,,,0.0,round6_empirical_combination_intact_v1,taurine_M,1,taurine_M=2,False,True,1,eligible:taurine_M;prior_distinct_formulations=2;graduation_threshold=3,0.5,,,,64.08363954586581,0.0,0.0,0.0,0.75,0,,0.0,5.0120797752128965e-06,4.0096638201703175e-06,0.0,0.7685021561626523,,round_candidate
v2_2df18f043f0c,cand_001571,12,screening_candidate,,False,,,,ROUND_007,rep_004,6.72,yes,,,,,,,,,,,,,,,0.0,0.0,0.0,0.0,0.0,0.0,0.0,0.0,0.38201411201270663,0.0,0.0,0.0,0.0,0.0,0.01649219028739493,0.0,0.0,0.0,0.0,0.0,0.0,7.998499803461183,0.0,0.0,3,boundary_probe,,,,0,0.0,7.998499803461183,7.998499803461183,0.0,0.39850630230010153,7.998499803461183,0.0,0.666380429697699,round5_solubility_viscosity_v2,49.97168703077633,True,,0.9622958220393979,in_support,,,,,,,unknown_cold_start,Unknown — exploratory cold-start,cold-start ingredient(s): taurine_M; prior evidence: taurine_M=2; graduation threshold=3,55.2919621749409,25.11907820264258,55.2919621749409,25.11907820264258,True,0,0,,,0.0,0.0,0.9999949879202248,0.5,0.0,0.0,,,0.0,round6_empirical_combination_intact_v1,taurine_M,1,taurine_M=2,False,True,1,eligible:taurine_M;prior_distinct_formulations=2;graduation_threshold=3,0.5,,,,64.08363954586581,0.0,0.0,0.0,0.75,0,,0.0,5.0120797752128965e-06,4.0096638201703175e-06,0.0,0.7685021561626523,,round_candidate
