formulation_id,batch_id,actual,predicted,predicted_std,cv_fold,panel,endpoint,paired_rows_cumulative,pareto_points_cumulative,normalized_hypervolume,igd,viability_r2,load_r2
legacy_lit_3,legacy_literature,77.74,70.54819593167092,5.030490845046102,1.0,all_cv,viability_percent,,,,,,
legacy_lit_9,legacy_literature,65.48,31.762810341170624,6.519664256713354,1.0,all_cv,viability_percent,,,,,,
legacy_lit_16,legacy_literature,95.7,41.366093521946674,15.76524616499278,1.0,all_cv,viability_percent,,,,,,
legacy_lit_20,legacy_literature,89.43,52.003757364904935,25.95653194666556,1.0,all_cv,viability_percent,,,,,,
legacy_lit_21,legacy_literature,68.0,58.84820099669761,7.529912996646231,1.0,all_cv,viability_percent,,,,,,
legacy_lit_31,legacy_literature,17.0,40.35716844368538,6.501611610851686,1.0,all_cv,viability_percent,,,,,,
legacy_lit_36,legacy_literature,70.0,75.16314932008572,6.111712773751509,1.0,all_cv,viability_percent,,,,,,
legacy_lit_43,legacy_literature,85.07,55.338327621939555,17.414813093606934,1.0,all_cv,viability_percent,,,,,,
legacy_lit_48,legacy_literature,85.65,55.496972643022815,20.497753364466984,1.0,all_cv,viability_percent,,,,,,
legacy_lit_52,legacy_literature,47.0,31.779090368461706,6.530432867857834,1.0,all_cv,viability_percent,,,,,,
legacy_lit_57,legacy_literature,57.666666666666664,55.91844952618138,22.800807433517843,1.0,all_cv,viability_percent,,,,,,
legacy_lit_65,legacy_literature,81.33333333333333,79.37031649695189,8.77900554775657,1.0,all_cv,viability_percent,,,,,,
legacy_lit_70,legacy_literature,47.0,44.345718700435725,17.101623605314014,1.0,all_cv,viability_percent,,,,,,
legacy_lit_77,legacy_literature,28.0,28.28349277418672,18.231122383835917,1.0,all_cv,viability_percent,,,,,,
legacy_lit_85,legacy_literature,82.6,58.52222617170778,21.00337742445149,1.0,all_cv,viability_percent,,,,,,
legacy_lit_94,legacy_literature,55.4,34.262355935412984,19.217902649267355,1.0,all_cv,viability_percent,,,,,,
legacy_lit_99,legacy_literature,65.0,31.763315396561897,6.52811185720156,1.0,all_cv,viability_percent,,,,,,
legacy_lit_100,legacy_literature,75.0,31.76652644366723,6.524221485821543,1.0,all_cv,viability_percent,,,,,,
legacy_lit_109,legacy_literature,95.0,67.29021286622964,22.950700573451208,1.0,all_cv,viability_percent,,,,,,
legacy_lit_118,legacy_literature,46.8,40.8321471524405,21.107552814437135,1.0,all_cv,viability_percent,,,,,,
legacy_lit_126,legacy_literature,82.9,76.21935473931231,9.666167568571613,1.0,all_cv,viability_percent,,,,,,
legacy_lit_130,legacy_literature,65.0,53.57578591990707,19.73371782739088,1.0,all_cv,viability_percent,,,,,,
legacy_lit_135,legacy_literature,60.0,45.71781481573498,25.43998520401007,1.0,all_cv,viability_percent,,,,,,
legacy_lit_196,legacy_literature,80.0,31.76011625568424,6.532033730341661,1.0,all_cv,viability_percent,,,,,,
legacy_lit_205,legacy_literature,75.0,62.48768682420987,16.84995590180582,1.0,all_cv,viability_percent,,,,,,
legacy_lit_221,legacy_literature,70.66666666666667,51.73583523640101,26.267397374588786,1.0,all_cv,viability_percent,,,,,,
legacy_lit_237,legacy_literature,93.4,31.737339818197768,6.477596283659037,1.0,all_cv,viability_percent,,,,,,
legacy_lit_255,legacy_literature,9.833333333333334,36.5140056167241,15.446825005137025,1.0,all_cv,viability_percent,,,,,,
legacy_lit_260,legacy_literature,19.0,36.71574030614879,22.686759584383793,1.0,all_cv,viability_percent,,,,,,
legacy_lit_275,legacy_literature,30.0,44.22235578465231,25.573054140510017,1.0,all_cv,viability_percent,,,,,,
legacy_lit_287,legacy_literature,60.0,31.76011625568424,6.532033730341661,1.0,all_cv,viability_percent,,,,,,
legacy_lit_316,legacy_literature,73.0,25.646298348694646,20.895087198723807,1.0,all_cv,viability_percent,,,,,,
legacy_lit_322,legacy_literature,63.02,80.0931143090699,12.276446812606798,1.0,all_cv,viability_percent,,,,,,
legacy_lit_332,legacy_literature,72.0,29.806610046504744,15.787104440292444,1.0,all_cv,viability_percent,,,,,,
legacy_lit_343,legacy_literature,60.6,54.80836117487222,18.202534821104265,1.0,all_cv,viability_percent,,,,,,
legacy_lit_350,legacy_literature,71.0,60.53693237510653,17.876714584524787,1.0,all_cv,viability_percent,,,,,,
legacy_lit_355,legacy_literature,68.2,54.81771675631868,19.609576352755106,1.0,all_cv,viability_percent,,,,,,
legacy_lit_368,legacy_literature,88.0,80.86857993050474,13.61941399548046,1.0,all_cv,viability_percent,,,,,,
legacy_lit_373,legacy_literature,72.5,40.33243360878201,6.4983554145798665,1.0,all_cv,viability_percent,,,,,,
legacy_lit_383,legacy_literature,5.0,32.39920925179055,7.483619656193111,1.0,all_cv,viability_percent,,,,,,
legacy_wetlab_EXP105,legacy_wetlab,18.31,34.923925994541435,14.798100775246489,1.0,all_cv,viability_percent,,,,,,
legacy_wetlab_EXP203,legacy_wetlab,52.32,53.976944571116704,23.668136908734873,1.0,all_cv,viability_percent,,,,,,
legacy_wetlab_EXP301,legacy_wetlab,28.19,38.96193471945454,20.826706890133728,1.0,all_cv,viability_percent,,,,,,
legacy_wetlab_EXP306,legacy_wetlab,69.78,54.79652528216504,4.002555370625516,1.0,all_cv,viability_percent,,,,,,
legacy_wetlab_EXP1104,legacy_wetlab,36.3,38.371527533345194,4.797430262162158,1.0,all_cv,viability_percent,,,,,,
legacy_wetlab_EXP1203,legacy_wetlab,20.26,10.034070079152393,5.3596258968758175,1.0,all_cv,viability_percent,,,,,,
legacy_wetlab_EXP2102,legacy_wetlab,28.14,52.08402548748346,26.167337465289233,1.0,all_cv,viability_percent,,,,,,
legacy_wetlab_EXP3105,legacy_wetlab,41.32,58.23334827877423,9.767343964174659,1.0,all_cv,viability_percent,,,,,,
legacy_wetlab_EXP4102,legacy_wetlab,59.76,63.82587331673239,4.0545422482222095,1.0,all_cv,viability_percent,,,,,,
legacy_wetlab_EXP5101,legacy_wetlab,49.0,70.54990561333281,5.030563747299913,1.0,all_cv,viability_percent,,,,,,
legacy_wetlab_EXP5106,legacy_wetlab,91.4,66.32390498188425,3.673370385583732,1.0,all_cv,viability_percent,,,,,,
legacy_wetlab_EXP5111,legacy_wetlab,88.78,59.65476035754632,1.1055026917351944,1.0,all_cv,viability_percent,,,,,,
legacy_wetlab_EXP5204,legacy_wetlab,71.75,24.719465054693813,17.653757828383217,1.0,all_cv,viability_percent,,,,,,
legacy_wetlab_EXP5209,legacy_wetlab,60.43,66.69556820006129,16.64248852508834,1.0,all_cv,viability_percent,,,,,,
legacy_wetlab_EXP6103,legacy_wetlab,71.12,61.46164475743727,4.023071922491333,1.0,all_cv,viability_percent,,,,,,
legacy_wetlab_EXP7102,legacy_wetlab,79.04,77.39697034870665,1.7721692277656307,1.0,all_cv,viability_percent,,,,,,
legacy_wetlab_EXP7107,legacy_wetlab,70.97,78.16623260726931,5.212035138060838,1.0,all_cv,viability_percent,,,,,,
legacy_wetlab_EXP7112,legacy_wetlab,41.07,53.44667601891785,9.680551315156148,1.0,all_cv,viability_percent,,,,,,
legacy_wetlab_EXP8105,legacy_wetlab,64.69,61.12493948535778,5.530136630696417,1.0,all_cv,viability_percent,,,,,,
legacy_wetlab_EXP9102,legacy_wetlab,70.72,68.94420169022808,2.268782394801167,1.0,all_cv,viability_percent,,,,,,
legacy_wetlab_EXP9107,legacy_wetlab,61.47,58.69555343314145,5.296637304315088,1.0,all_cv,viability_percent,,,,,,
v2_49123b81735d,ROUND_001,40.44,59.17106638319715,22.793381858344464,1.0,all_cv,viability_percent,,,,,,
v2_db8935ce2c34,ROUND_002,61.5875,61.002708380290514,4.366986892094646,1.0,all_cv,viability_percent,,,,,,
v2_8f6028d7e59a,ROUND_003,41.0,51.64218453209185,26.267329772218417,1.0,all_cv,viability_percent,,,,,,
v2_0a63a12b60f3,ROUND_003,38.0,42.53582345491451,19.765410437528608,1.0,all_cv,viability_percent,,,,,,
v2_3db5f7aa7cdd,ROUND_003,38.0,41.885424185367654,17.794299095897927,1.0,all_cv,viability_percent,,,,,,
v2_4f4525f1566d,ROUND_003,36.0,43.51202504231122,21.226966266750228,1.0,all_cv,viability_percent,,,,,,
v2_eb8bb8b8618f,ROUND_004,52.8825,63.350609114199955,16.639730842930174,1.0,all_cv,viability_percent,,,,,,
v2_1e09bd3298a1,ROUND_004,0.69,7.820220202368645,7.37006632338311,1.0,all_cv,viability_percent,,,,,,
v2_13f1ff7a70b9,ROUND_006,53.7125,66.97327459753653,3.2224369979280185,1.0,all_cv,viability_percent,,,,,,
v2_b7e07e99afa8,ROUND_006,40.6125,13.089771687730774,2.834201225592686,1.0,all_cv,viability_percent,,,,,,
v2_445849cbfa02,ROUND_006,10.96,51.682589984972154,26.26739224245038,1.0,all_cv,viability_percent,,,,,,
v2_445849cbfa02,ROUND_008,23.572499999999998,51.682589984972154,26.26739224245038,1.0,all_cv,viability_percent,,,,,,
v2_6f20e63adb1d,ROUND_007,48.9975,36.96744726444247,4.906394337400374,1.0,all_cv,viability_percent,,,,,,
v2_6f20e63adb1d,ROUND_008,26.3825,36.96744726444247,4.906394337400374,1.0,all_cv,viability_percent,,,,,,
v2_6f20e63adb1d,ROUND_009,59.495,36.96744726444247,4.906394337400374,1.0,all_cv,viability_percent,,,,,,
v2_6f20e63adb1d,ROUND_010,26.384999999999998,36.96744726444247,4.906394337400374,1.0,all_cv,viability_percent,,,,,,
v2_655dce03a47b,ROUND_007,57.5075,14.294721291310474,8.093831922600367,1.0,all_cv,viability_percent,,,,,,
v2_adfd2284b7fb,ROUND_007,8.127500000000001,50.83756546284612,26.264999683901728,1.0,all_cv,viability_percent,,,,,,
v2_a1a1ae0b19bb,ROUND_007,13.497499999999999,51.68608848669733,26.267385075755083,1.0,all_cv,viability_percent,,,,,,
v2_2c468d77758b,ROUND_008,18.295,51.71882449336588,26.2673980138954,1.0,all_cv,viability_percent,,,,,,
v2_74bd7b4dd0a7,ROUND_009,36.2425,69.40847965464098,12.117247580915231,1.0,all_cv,viability_percent,,,,,,
v2_a4c0156ecbf5,ROUND_009,31.7125,51.60343751614114,26.26733309824784,1.0,all_cv,viability_percent,,,,,,
v2_c60ceb90bc67,ROUND_010,27.770000000000003,50.007596779346464,26.225171469810498,1.0,all_cv,viability_percent,,,,,,
v2_d36a198b8927,ROUND_010,16.0075,50.23724540642638,26.245207660256767,1.0,all_cv,viability_percent,,,,,,
legacy_lit_2,legacy_literature,12.5,34.815767513378134,6.583009189111442,2.0,all_cv,viability_percent,,,,,,
legacy_lit_7,legacy_literature,82.14,62.877767832712465,20.276051280422617,2.0,all_cv,viability_percent,,,,,,
legacy_lit_10,legacy_literature,63.17777777777778,76.25417110767143,14.687997681577459,2.0,all_cv,viability_percent,,,,,,
legacy_lit_13,legacy_literature,86.8,34.795636673020994,11.676538946290073,2.0,all_cv,viability_percent,,,,,,
legacy_lit_15,legacy_literature,89.8,33.04543728195273,18.455660359683456,2.0,all_cv,viability_percent,,,,,,
legacy_lit_22,legacy_literature,82.25,57.90698106859978,3.6217405254380557,2.0,all_cv,viability_percent,,,,,,
legacy_lit_32,legacy_literature,20.0,34.795636673020994,11.676538946290073,2.0,all_cv,viability_percent,,,,,,
legacy_lit_33,legacy_literature,22.0,43.35168474164091,11.549936672066453,2.0,all_cv,viability_percent,,,,,,
legacy_lit_35,legacy_literature,80.0,57.90698106859978,3.6217405254380557,2.0,all_cv,viability_percent,,,,,,
legacy_lit_38,legacy_literature,100.0,74.60455473509853,14.184162665796865,2.0,all_cv,viability_percent,,,,,,
legacy_lit_41,legacy_literature,51.5,44.61917216089089,21.752586342103303,2.0,all_cv,viability_percent,,,,,,
legacy_lit_47,legacy_literature,68.0,57.17630657596376,21.607476562671653,2.0,all_cv,viability_percent,,,,,,
legacy_lit_51,legacy_literature,64.1,53.208559907418234,25.417761612731052,2.0,all_cv,viability_percent,,,,,,
legacy_lit_56,legacy_literature,63.333333333333336,50.754172364622086,17.354104952988482,2.0,all_cv,viability_percent,,,,,,
legacy_lit_63,legacy_literature,80.0,72.8665161392357,13.675295562370346,2.0,all_cv,viability_percent,,,,,,
legacy_lit_76,legacy_literature,21.0,39.09598307428162,16.516646001199575,2.0,all_cv,viability_percent,,,,,,
legacy_lit_84,legacy_literature,82.5,53.516845844104964,25.475035447202256,2.0,all_cv,viability_percent,,,,,,
legacy_lit_89,legacy_literature,55.5,53.97110021011848,23.535300833538578,2.0,all_cv,viability_percent,,,,,,
legacy_lit_93,legacy_literature,61.8,52.64025889107903,25.47787659882165,2.0,all_cv,viability_percent,,,,,,
legacy_lit_98,legacy_literature,72.5,50.96745693530369,25.231137250417653,2.0,all_cv,viability_percent,,,,,,
legacy_lit_104,legacy_literature,67.0,34.814965695458746,6.58757365090512,2.0,all_cv,viability_percent,,,,,,
legacy_lit_116,legacy_literature,85.6,74.60455473509853,14.184162665796865,2.0,all_cv,viability_percent,,,,,,
legacy_lit_121,legacy_literature,79.8,51.972626163105,25.52425880175895,2.0,all_cv,viability_percent,,,,,,
legacy_lit_134,legacy_literature,73.0,36.54641526633813,12.329718289914315,2.0,all_cv,viability_percent,,,,,,
legacy_lit_195,legacy_literature,58.0,34.816203890563706,6.586424604358994,2.0,all_cv,viability_percent,,,,,,
legacy_lit_204,legacy_literature,67.0,44.58512730927016,11.591613003403841,2.0,all_cv,viability_percent,,,,,,
legacy_lit_209,legacy_literature,70.0,30.84761315309373,21.176799475723147,2.0,all_cv,viability_percent,,,,,,
legacy_lit_236,legacy_literature,83.4,52.82662967019693,25.52573497973274,2.0,all_cv,viability_percent,,,,,,
legacy_lit_254,legacy_literature,80.0,47.68902767942362,15.846485303650825,2.0,all_cv,viability_percent,,,,,,
legacy_lit_259,legacy_literature,7.0,34.15120834440479,20.529894376349,2.0,all_cv,viability_percent,,,,,,
legacy_lit_274,legacy_literature,18.0,47.40077378734265,25.289833386044734,2.0,all_cv,viability_percent,,,,,,
legacy_lit_281,legacy_literature,74.0,27.9480395520487,15.580845973152304,2.0,all_cv,viability_percent,,,,,,
legacy_lit_299,legacy_literature,62.666666666666664,34.816203890563706,6.586424604358994,2.0,all_cv,viability_percent,,,,,,
legacy_lit_309,legacy_literature,99.0,75.27742396448468,13.651641068473838,2.0,all_cv,viability_percent,,,,,,
legacy_lit_315,legacy_literature,10.0,53.311273241905134,24.53564347129023,2.0,all_cv,viability_percent,,,,,,
legacy_lit_341,legacy_literature,81.0,52.414363905325445,25.52820276874749,2.0,all_cv,viability_percent,,,,,,
legacy_lit_354,legacy_literature,73.8,58.29202131485461,20.28266454555302,2.0,all_cv,viability_percent,,,,,,
legacy_lit_359,legacy_literature,47.6,51.45377865068898,20.74325511907697,2.0,all_cv,viability_percent,,,,,,
legacy_lit_363,legacy_literature,69.0,52.43972507845203,21.902207396601145,2.0,all_cv,viability_percent,,,,,,
legacy_lit_372,legacy_literature,22.5,34.795118182529265,6.584416750608481,2.0,all_cv,viability_percent,,,,,,
legacy_wetlab_EXP104,legacy_wetlab,29.7,26.13480789366385,10.91934315686965,2.0,all_cv,viability_percent,,,,,,
legacy_wetlab_EXP202,legacy_wetlab,32.42,41.211364082622794,20.700821236711988,2.0,all_cv,viability_percent,,,,,,
legacy_wetlab_EXP305,legacy_wetlab,72.93,51.12913784486273,4.578588254858687,2.0,all_cv,viability_percent,,,,,,
legacy_wetlab_EXP1103,legacy_wetlab,26.68,52.41398341716054,25.52820275640734,2.0,all_cv,viability_percent,,,,,,
legacy_wetlab_EXP1202,legacy_wetlab,28.41,51.83568065448697,25.52073428136676,2.0,all_cv,viability_percent,,,,,,
legacy_wetlab_EXP2101,legacy_wetlab,28.99,49.773086905523854,25.26037874965535,2.0,all_cv,viability_percent,,,,,,
legacy_wetlab_EXP2106,legacy_wetlab,34.8,46.011328466641515,23.838223050503576,2.0,all_cv,viability_percent,,,,,,
legacy_wetlab_EXP3104,legacy_wetlab,49.99,56.79376821478377,24.675774789440037,2.0,all_cv,viability_percent,,,,,,
legacy_wetlab_EXP4101,legacy_wetlab,62.32,65.23920749284319,2.3050975585674145,2.0,all_cv,viability_percent,,,,,,
legacy_wetlab_EXP4106,legacy_wetlab,71.59,45.05174747661633,5.635947835542181,2.0,all_cv,viability_percent,,,,,,
legacy_wetlab_EXP5105,legacy_wetlab,91.2,75.60691030533667,1.9157255040492045,2.0,all_cv,viability_percent,,,,,,
legacy_wetlab_EXP5110,legacy_wetlab,95.15,68.36498722437592,1.402239791803705,2.0,all_cv,viability_percent,,,,,,
legacy_wetlab_EXP5203,legacy_wetlab,59.95,51.755912925777054,24.31242841101372,2.0,all_cv,viability_percent,,,,,,
legacy_wetlab_EXP5208,legacy_wetlab,12.02,51.393121779143634,25.524827053302655,2.0,all_cv,viability_percent,,,,,,
legacy_wetlab_EXP6102,legacy_wetlab,73.88,69.44763978037301,3.010935480550197,2.0,all_cv,viability_percent,,,,,,
legacy_wetlab_EXP7101,legacy_wetlab,72.98,75.6982428980734,2.3099255153139033,2.0,all_cv,viability_percent,,,,,,
legacy_wetlab_EXP7106,legacy_wetlab,74.55,78.3089295040642,2.371887011907644,2.0,all_cv,viability_percent,,,,,,
legacy_wetlab_EXP7111,legacy_wetlab,35.29,64.94141819194104,19.568774894661182,2.0,all_cv,viability_percent,,,,,,
legacy_wetlab_EXP8104,legacy_wetlab,58.76,51.48080536914487,9.9543620612652,2.0,all_cv,viability_percent,,,,,,
legacy_wetlab_EXP9101,legacy_wetlab,75.43,66.93903467519345,2.540420430514419,2.0,all_cv,viability_percent,,,,,,
legacy_wetlab_EXP9106,legacy_wetlab,67.06,67.21073939151744,4.272998329651129,2.0,all_cv,viability_percent,,,,,,
v2_da5df4899b60,ROUND_001,43.34,52.414363299136916,25.52820276874748,2.0,all_cv,viability_percent,,,,,,
v2_75d69addc009,ROUND_002,29.2025,49.36279224599238,25.452779537091796,2.0,all_cv,viability_percent,,,,,,
v2_75d69addc009,ROUND_003,34.5,49.36279224599238,25.452779537091796,2.0,all_cv,viability_percent,,,,,,
v2_655729013931,ROUND_002,64.9,58.8383677373858,4.488337966680386,2.0,all_cv,viability_percent,,,,,,
v2_3e8ef993abba,ROUND_002,65.5625,62.677885309538645,7.374550055505825,2.0,all_cv,viability_percent,,,,,,
v2_3e8ef993abba,ROUND_010,15.96,62.677885309538645,7.374550055505825,2.0,all_cv,viability_percent,,,,,,
v2_384020959c42,ROUND_002,21.375,46.97983485919979,23.895502384715584,2.0,all_cv,viability_percent,,,,,,
v2_b2c883db5caf,ROUND_002,43.185,51.30112972343439,24.913507155806656,2.0,all_cv,viability_percent,,,,,,
v2_27a2b16cc327,ROUND_003,53.0,82.90125873006147,11.849254710767363,2.0,all_cv,viability_percent,,,,,,
v2_8d9d8b0a7098,ROUND_004,50.6025,34.689252357969295,9.833261862750835,2.0,all_cv,viability_percent,,,,,,
v2_1d06992cb257,ROUND_004,35.825,18.35971416828574,2.674900484431069,2.0,all_cv,viability_percent,,,,,,
v2_4da335e6bc9d,ROUND_004,10.1075,52.41422880057493,25.52820276868403,2.0,all_cv,viability_percent,,,,,,
v2_c52464fe22c3,ROUND_005,6.93,38.14748788295177,22.453690191971344,2.0,all_cv,viability_percent,,,,,,
v2_117f554a123f,ROUND_005,11.9125,52.32471590010134,25.528146936884305,2.0,all_cv,viability_percent,,,,,,
v2_ea8a9ce5fcb2,ROUND_006,48.9925,53.249636969258376,11.35725168768459,2.0,all_cv,viability_percent,,,,,,
v2_4673547a29eb,ROUND_006,6.8175,42.468824683373654,24.310089492914365,2.0,all_cv,viability_percent,,,,,,
v2_9d3ceb7016d5,ROUND_006,10.6,39.25673225378139,24.600601386543154,2.0,all_cv,viability_percent,,,,,,
v2_e579d58c9088,ROUND_006,8.125,52.413655684543365,25.528202764663952,2.0,all_cv,viability_percent,,,,,,
v2_e579d58c9088,ROUND_007,13.4225,52.413655684543365,25.528202764663952,2.0,all_cv,viability_percent,,,,,,
v2_724742f4ebc1,ROUND_007,12.6675,52.39804543753317,25.528202038004718,2.0,all_cv,viability_percent,,,,,,
v2_acaa3c7de271,ROUND_007,21.485,52.33253328053252,25.528115074492618,2.0,all_cv,viability_percent,,,,,,
v2_d2de523913b8,ROUND_008,16.355,52.20655488243876,25.528025859854587,2.0,all_cv,viability_percent,,,,,,
v2_058f0d84ea0e,ROUND_009,37.480000000000004,42.43297737251459,23.246026978150404,2.0,all_cv,viability_percent,,,,,,
v2_a409fb1db800,ROUND_010,5.5225,56.68285660980284,22.2260471434825,2.0,all_cv,viability_percent,,,,,,
legacy_lit_1,legacy_literature,96.0,75.15205176825367,19.70563263507922,3.0,all_cv,viability_percent,,,,,,
legacy_lit_4,legacy_literature,81.43333333333332,74.3294274188066,13.28762412116662,3.0,all_cv,viability_percent,,,,,,
legacy_lit_6,legacy_literature,83.0,69.90797731393684,17.53187188858909,3.0,all_cv,viability_percent,,,,,,
legacy_lit_8,legacy_literature,69.625,64.35047153139386,9.782225720400685,3.0,all_cv,viability_percent,,,,,,
legacy_lit_27,legacy_literature,70.0,43.51026848780355,11.654827766971948,3.0,all_cv,viability_percent,,,,,,
legacy_lit_29,legacy_literature,58.0,74.34572909622901,13.287557385562618,3.0,all_cv,viability_percent,,,,,,
legacy_lit_34,legacy_literature,50.0,56.320235271868725,4.653310630642356,3.0,all_cv,viability_percent,,,,,,
legacy_lit_46,legacy_literature,65.0,50.52183518021023,19.113411042376047,3.0,all_cv,viability_percent,,,,,,
legacy_lit_50,legacy_literature,70.6,57.94318034429382,24.344614747640616,3.0,all_cv,viability_percent,,,,,,
legacy_lit_55,legacy_literature,58.0,42.187870926748865,7.088622106644687,3.0,all_cv,viability_percent,,,,,,
legacy_lit_69,legacy_literature,92.0,63.98560768620786,20.51446849895165,3.0,all_cv,viability_percent,,,,,,
legacy_lit_75,legacy_literature,83.0,49.493768389843595,21.67931548573549,3.0,all_cv,viability_percent,,,,,,
legacy_lit_88,legacy_literature,69.7,37.654495316605875,13.088524529580974,3.0,all_cv,viability_percent,,,,,,
legacy_lit_92,legacy_literature,72.1,50.07936647572677,25.738746033968315,3.0,all_cv,viability_percent,,,,,,
legacy_lit_97,legacy_literature,70.5,33.82899681548545,23.090913859267406,3.0,all_cv,viability_percent,,,,,,
legacy_lit_103,legacy_literature,68.0,42.2106906075454,7.100032215200319,3.0,all_cv,viability_percent,,,,,,
legacy_lit_115,legacy_literature,86.0,62.74283722116311,5.039788033215797,3.0,all_cv,viability_percent,,,,,,
legacy_lit_120,legacy_literature,40.0,40.56166558254602,21.64702011655623,3.0,all_cv,viability_percent,,,,,,
legacy_lit_129,legacy_literature,56.0,53.71891548632632,19.517661685813085,3.0,all_cv,viability_percent,,,,,,
legacy_lit_133,legacy_literature,68.0,49.640962735365584,21.836778038650323,3.0,all_cv,viability_percent,,,,,,
legacy_lit_138,legacy_literature,0.0,49.57371746943443,25.948765107404952,3.0,all_cv,viability_percent,,,,,,
legacy_lit_194,legacy_literature,55.0,42.21147249460154,7.099509236240908,3.0,all_cv,viability_percent,,,,,,
legacy_lit_199,legacy_literature,80.0,42.21147249460154,7.099509236240908,3.0,all_cv,viability_percent,,,,,,
legacy_lit_203,legacy_literature,63.0,60.69271996872875,3.409383170740839,3.0,all_cv,viability_percent,,,,,,
legacy_lit_208,legacy_literature,78.0,35.73043018117987,14.856745274909061,3.0,all_cv,viability_percent,,,,,,
legacy_lit_218,legacy_literature,65.0,51.453006211667564,26.167875803267624,3.0,all_cv,viability_percent,,,,,,
legacy_lit_235,legacy_literature,80.0,40.573787192891636,25.607252505484876,3.0,all_cv,viability_percent,,,,,,
legacy_lit_253,legacy_literature,60.0,44.759938612972185,18.7284575234164,3.0,all_cv,viability_percent,,,,,,
legacy_lit_258,legacy_literature,78.0,33.325425629934934,24.822995981533797,3.0,all_cv,viability_percent,,,,,,
legacy_lit_278,legacy_literature,40.0,52.02005910491193,26.149303069044553,3.0,all_cv,viability_percent,,,,,,
legacy_lit_308,legacy_literature,83.0,51.27418761725539,25.278910389772246,3.0,all_cv,viability_percent,,,,,,
legacy_lit_314,legacy_literature,10.0,51.89378247573606,15.814019329074142,3.0,all_cv,viability_percent,,,,,,
legacy_lit_319,legacy_literature,80.0,74.70412628911879,14.115988574152393,3.0,all_cv,viability_percent,,,,,,
legacy_lit_329,legacy_literature,61.666666666666664,62.51600897379454,18.680355002060015,3.0,all_cv,viability_percent,,,,,,
legacy_lit_349,legacy_literature,70.0,56.26242546203138,18.264322511316724,3.0,all_cv,viability_percent,,,,,,
legacy_lit_353,legacy_literature,72.0,57.65162046154176,18.297113345212267,3.0,all_cv,viability_percent,,,,,,
legacy_lit_358,legacy_literature,42.4,49.241965882790076,21.749027005979816,3.0,all_cv,viability_percent,,,,,,
legacy_lit_362,legacy_literature,55.3,51.68532352167611,20.843343647473656,3.0,all_cv,viability_percent,,,,,,
legacy_lit_370,legacy_literature,90.0,52.11592369074621,26.13985266246152,3.0,all_cv,viability_percent,,,,,,
legacy_lit_376,legacy_literature,86.05,74.3412659836025,13.286631160545964,3.0,all_cv,viability_percent,,,,,,
legacy_wetlab_EXP103,legacy_wetlab,7.44,26.941882086112987,11.45702677669782,3.0,all_cv,viability_percent,,,,,,
legacy_wetlab_EXP201,legacy_wetlab,9.78,22.123654908415894,5.15998504560153,3.0,all_cv,viability_percent,,,,,,
legacy_wetlab_EXP206,legacy_wetlab,58.73,48.404249603738116,23.644920262750126,3.0,all_cv,viability_percent,,,,,,
legacy_wetlab_EXP304,legacy_wetlab,53.19,40.522999002794435,19.375142393526488,3.0,all_cv,viability_percent,,,,,,
legacy_wetlab_EXP1102,legacy_wetlab,6.9,29.198667858921347,19.654860593060143,3.0,all_cv,viability_percent,,,,,,
legacy_wetlab_EXP1201,legacy_wetlab,31.9,52.38429951627186,26.014252482916973,3.0,all_cv,viability_percent,,,,,,
legacy_wetlab_EXP2105,legacy_wetlab,8.66,48.17343060953479,25.948874573316743,3.0,all_cv,viability_percent,,,,,,
legacy_wetlab_EXP3103,legacy_wetlab,32.75,46.60164770398573,18.116121470828034,3.0,all_cv,viability_percent,,,,,,
legacy_wetlab_EXP3108,legacy_wetlab,35.08,53.5837883197299,7.662387685174096,3.0,all_cv,viability_percent,,,,,,
legacy_wetlab_EXP4105,legacy_wetlab,78.31,86.518159322842,3.0904418396406643,3.0,all_cv,viability_percent,,,,,,
legacy_wetlab_EXP5104,legacy_wetlab,92.63,79.75818162632476,2.059398569971695,3.0,all_cv,viability_percent,,,,,,
legacy_wetlab_EXP5109,legacy_wetlab,94.32,84.75122178953578,2.171870059456072,3.0,all_cv,viability_percent,,,,,,
legacy_wetlab_EXP5202,legacy_wetlab,29.46,33.95275979871478,14.670779393612243,3.0,all_cv,viability_percent,,,,,,
legacy_wetlab_EXP5207,legacy_wetlab,48.34,51.35863407967022,26.166361987413204,3.0,all_cv,viability_percent,,,,,,
legacy_wetlab_EXP6101,legacy_wetlab,74.16,75.99305386329226,3.3271695086101776,3.0,all_cv,viability_percent,,,,,,
legacy_wetlab_EXP6106,legacy_wetlab,71.41,43.75261317149009,5.553253829903943,3.0,all_cv,viability_percent,,,,,,
legacy_wetlab_EXP7105,legacy_wetlab,73.57,83.84826046214326,2.2661859761262164,3.0,all_cv,viability_percent,,,,,,
legacy_wetlab_EXP7110,legacy_wetlab,50.31,43.270549659889596,14.468363336369233,3.0,all_cv,viability_percent,,,,,,
legacy_wetlab_EXP8103,legacy_wetlab,69.97,78.26409808383119,3.0495776055059785,3.0,all_cv,viability_percent,,,,,,
legacy_wetlab_EXP8108,legacy_wetlab,39.82,60.44172981947473,3.4382297187089232,3.0,all_cv,viability_percent,,,,,,
legacy_wetlab_EXP9105,legacy_wetlab,75.16,69.72136976497279,4.571843542197804,3.0,all_cv,viability_percent,,,,,,
v2_237544a25f30,ROUND_001,69.21,68.8957251830121,16.689661450322326,3.0,all_cv,viability_percent,,,,,,
v2_e0e6b16a3f20,ROUND_001,26.53,51.438954667845536,26.167875623808083,3.0,all_cv,viability_percent,,,,,,
v2_e0e6b16a3f20,ROUND_002,30.4375,51.438954667845536,26.167875623808083,3.0,all_cv,viability_percent,,,,,,
v2_a803deb82ca6,ROUND_001,28.72,51.442045145330454,26.16787736140256,3.0,all_cv,viability_percent,,,,,,
v2_a3cd6cc2afa7,ROUND_002,57.3875,81.50209004209087,2.116233114322437,3.0,all_cv,viability_percent,,,,,,
v2_34d667ff4762,ROUND_002,63.88,85.22052228631685,2.6531758075083216,3.0,all_cv,viability_percent,,,,,,
v2_fc5b4c04eee9,ROUND_002,56.2875,78.06753576437387,3.4215267512482654,3.0,all_cv,viability_percent,,,,,,
v2_8a721b7d8f1c,ROUND_002,63.9975,31.043106597731985,4.611107327732101,3.0,all_cv,viability_percent,,,,,,
v2_430e18c49d10,ROUND_003,65.0,38.004614825038544,9.357404967698926,3.0,all_cv,viability_percent,,,,,,
v2_d93bf1a562c8,ROUND_003,29.0,51.449443216833465,26.167877730672988,3.0,all_cv,viability_percent,,,,,,
v2_6005e837cd4b,ROUND_004,28.365000000000002,53.73290112609439,25.212857807932956,3.0,all_cv,viability_percent,,,,,,
v2_e5b28bf5a066,ROUND_004,40.4675,14.504450553601487,16.238277515676472,3.0,all_cv,viability_percent,,,,,,
v2_98a8e114024b,ROUND_004,1.3325,2.631504920043284,8.182368041311616,3.0,all_cv,viability_percent,,,,,,
v2_1be28fc1c3ad,ROUND_005,53.3425,39.011701617063935,6.885439489587333,3.0,all_cv,viability_percent,,,,,,
v2_f3bcb989040c,ROUND_005,59.182500000000005,40.85349077454735,3.006099552558878,3.0,all_cv,viability_percent,,,,,,
v2_711df1b41503,ROUND_005,48.3325,69.4716753250023,14.587568630769493,3.0,all_cv,viability_percent,,,,,,
v2_011eef292ff1,ROUND_005,31.849999999999998,30.731472666321277,4.98627391749811,3.0,all_cv,viability_percent,,,,,,
v2_0edd7362eda9,ROUND_006,8.025,38.75002555878114,21.112666227371438,3.0,all_cv,viability_percent,,,,,,
v2_7371aa062562,ROUND_007,50.095,48.868958474420765,25.794677403106252,3.0,all_cv,viability_percent,,,,,,
v2_7371aa062562,ROUND_009,44.63,48.868958474420765,25.794677403106252,3.0,all_cv,viability_percent,,,,,,
v2_4b9990641d38,ROUND_008,12.9175,51.13423085594606,26.167393080209763,3.0,all_cv,viability_percent,,,,,,
v2_cfd8fbca69e1,ROUND_008,33.555,36.847869656815995,4.167513633162934,3.0,all_cv,viability_percent,,,,,,
v2_b2a7d8453992,ROUND_008,31.5375,35.39582784177911,11.15078803334365,3.0,all_cv,viability_percent,,,,,,
v2_c29d85c403ed,ROUND_008,2.9275,51.428651739023785,26.167876102391666,3.0,all_cv,viability_percent,,,,,,
legacy_lit_5,legacy_literature,84.5,63.289420352666866,15.199592832943445,4.0,all_cv,viability_percent,,,,,,
legacy_lit_12,legacy_literature,95.2,70.05434840302757,18.043571821519436,4.0,all_cv,viability_percent,,,,,,
legacy_lit_19,legacy_literature,92.35,35.993768401535505,12.76179195469919,4.0,all_cv,viability_percent,,,,,,
legacy_lit_37,legacy_literature,100.0,68.26321413868604,7.25442839500013,4.0,all_cv,viability_percent,,,,,,
legacy_lit_39,legacy_literature,80.0,74.9677574984259,10.692791858545457,4.0,all_cv,viability_percent,,,,,,
legacy_lit_45,legacy_literature,28.0,53.868152633117624,19.684084414119805,4.0,all_cv,viability_percent,,,,,,
legacy_lit_54,legacy_literature,65.0,36.55898084364323,6.709771813097416,4.0,all_cv,viability_percent,,,,,,
legacy_lit_59,legacy_literature,77.0,49.17139452158038,22.903098086803173,4.0,all_cv,viability_percent,,,,,,
legacy_lit_68,legacy_literature,74.0,37.16497785873422,14.032431134502861,4.0,all_cv,viability_percent,,,,,,
legacy_lit_74,legacy_literature,78.0,49.885263032570045,24.735542805525217,4.0,all_cv,viability_percent,,,,,,
legacy_lit_79,legacy_literature,38.0,40.91049153233613,22.117403886717504,4.0,all_cv,viability_percent,,,,,,
legacy_lit_87,legacy_literature,49.3,33.97591070135288,16.45718335757415,4.0,all_cv,viability_percent,,,,,,
legacy_lit_91,legacy_literature,53.2,49.71454777049638,25.096710315131475,4.0,all_cv,viability_percent,,,,,,
legacy_lit_96,legacy_literature,64.3,52.422491759919915,23.91390155050462,4.0,all_cv,viability_percent,,,,,,
legacy_lit_102,legacy_literature,43.0,36.547096422165666,6.743167748007509,4.0,all_cv,viability_percent,,,,,,
legacy_lit_114,legacy_literature,87.56,53.05282997772121,4.648468056691774,4.0,all_cv,viability_percent,,,,,,
legacy_lit_128,legacy_literature,80.0,49.6268217753456,4.269223490883055,4.0,all_cv,viability_percent,,,,,,
legacy_lit_132,legacy_literature,38.0,35.7142737459198,6.372140837846548,4.0,all_cv,viability_percent,,,,,,
legacy_lit_137,legacy_literature,70.0,50.16795523068298,26.06500746515977,4.0,all_cv,viability_percent,,,,,,
legacy_lit_198,legacy_literature,86.0,36.549782524612134,6.716901223938712,4.0,all_cv,viability_percent,,,,,,
legacy_lit_202,legacy_literature,65.0,77.33716761309388,12.03929047082414,4.0,all_cv,viability_percent,,,,,,
legacy_lit_207,legacy_literature,70.0,49.256079586346715,20.459684846947102,4.0,all_cv,viability_percent,,,,,,
legacy_lit_215,legacy_literature,78.33333333333333,36.18148545971748,19.266605040893694,4.0,all_cv,viability_percent,,,,,,
legacy_lit_225,legacy_literature,38.0,38.12178703359853,17.689988522587303,4.0,all_cv,viability_percent,,,,,,
legacy_lit_252,legacy_literature,17.0,32.237085402912,11.546964962229994,4.0,all_cv,viability_percent,,,,,,
legacy_lit_257,legacy_literature,62.0,31.826840139532354,21.48852314635506,4.0,all_cv,viability_percent,,,,,,
legacy_lit_262,legacy_literature,80.0,24.572894465115727,11.994546691952293,4.0,all_cv,viability_percent,,,,,,
legacy_lit_277,legacy_literature,84.0,52.006986845077115,26.14835856327861,4.0,all_cv,viability_percent,,,,,,
legacy_lit_289,legacy_literature,94.0,51.63895654753551,26.181898877173204,4.0,all_cv,viability_percent,,,,,,
legacy_lit_306,legacy_literature,99.0,36.55470806509714,6.710439897277279,4.0,all_cv,viability_percent,,,,,,
legacy_lit_313,legacy_literature,10.0,56.07549810778631,20.079677480618855,4.0,all_cv,viability_percent,,,,,,
legacy_lit_318,legacy_literature,38.0,62.04432584381148,4.633072393240528,4.0,all_cv,viability_percent,,,,,,
legacy_lit_326,legacy_literature,74.33333333333333,74.64057189488138,16.64328989468449,4.0,all_cv,viability_percent,,,,,,
legacy_lit_339,legacy_literature,84.3,51.805269710064046,26.182605571440206,4.0,all_cv,viability_percent,,,,,,
legacy_lit_347,legacy_literature,69.5,63.964769529063304,17.717896072725633,4.0,all_cv,viability_percent,,,,,,
legacy_lit_352,legacy_literature,69.6,57.42704293651133,20.58590634178378,4.0,all_cv,viability_percent,,,,,,
legacy_lit_357,legacy_literature,74.9,55.06388064816873,20.284885571967255,4.0,all_cv,viability_percent,,,,,,
legacy_lit_361,legacy_literature,50.3,50.55980953724234,21.610288776832554,4.0,all_cv,viability_percent,,,,,,
legacy_lit_375,legacy_literature,81.3,58.16570066904911,3.545621044954501,4.0,all_cv,viability_percent,,,,,,
legacy_wetlab_EXP102,legacy_wetlab,38.14,36.93955196439073,4.80921810901943,4.0,all_cv,viability_percent,,,,,,
legacy_wetlab_EXP205,legacy_wetlab,63.31,49.47757503970629,24.011172043410347,4.0,all_cv,viability_percent,,,,,,
legacy_wetlab_EXP303,legacy_wetlab,6.5,49.266235651374885,26.09705991785697,4.0,all_cv,viability_percent,,,,,,
legacy_wetlab_EXP1101,legacy_wetlab,15.27,30.631839100204825,6.033030073498843,4.0,all_cv,viability_percent,,,,,,
legacy_wetlab_EXP1106,legacy_wetlab,48.85,59.97894175635845,12.803053533736273,4.0,all_cv,viability_percent,,,,,,
legacy_wetlab_EXP1206,legacy_wetlab,36.12,48.3537136664789,23.07724130224878,4.0,all_cv,viability_percent,,,,,,
legacy_wetlab_EXP2104,legacy_wetlab,53.4,38.86427259259717,17.613965203602984,4.0,all_cv,viability_percent,,,,,,
legacy_wetlab_EXP3102,legacy_wetlab,51.94,51.208770459464084,26.167770837356464,4.0,all_cv,viability_percent,,,,,,
legacy_wetlab_EXP3107,legacy_wetlab,63.25,42.069419885670825,5.865653321721129,4.0,all_cv,viability_percent,,,,,,
legacy_wetlab_EXP4104,legacy_wetlab,76.91,60.63444223636034,2.7324590687238857,4.0,all_cv,viability_percent,,,,,,
legacy_wetlab_EXP5103,legacy_wetlab,72.48,49.131770976407246,5.8898786201096724,4.0,all_cv,viability_percent,,,,,,
legacy_wetlab_EXP5108,legacy_wetlab,59.17,38.28440900134939,3.833045204981217,4.0,all_cv,viability_percent,,,,,,
legacy_wetlab_EXP5201,legacy_wetlab,27.08,51.78727504142875,26.182511890007856,4.0,all_cv,viability_percent,,,,,,
legacy_wetlab_EXP5206,legacy_wetlab,13.35,51.5921587086627,26.15295591536419,4.0,all_cv,viability_percent,,,,,,
legacy_wetlab_EXP5211,legacy_wetlab,7.39,51.16219742184945,24.81612996511659,4.0,all_cv,viability_percent,,,,,,
legacy_wetlab_EXP6105,legacy_wetlab,53.08,54.65724980124544,25.885819309905926,4.0,all_cv,viability_percent,,,,,,
legacy_wetlab_EXP7104,legacy_wetlab,75.91,79.24988442981416,3.1035374519463645,4.0,all_cv,viability_percent,,,,,,
legacy_wetlab_EXP7109,legacy_wetlab,11.49,58.51614880123312,23.544124605464887,4.0,all_cv,viability_percent,,,,,,
legacy_wetlab_EXP8102,legacy_wetlab,71.7,67.8902144464297,2.527562451775158,4.0,all_cv,viability_percent,,,,,,
legacy_wetlab_EXP8107,legacy_wetlab,54.64,42.15420345839022,10.592702979068086,4.0,all_cv,viability_percent,,,,,,
legacy_wetlab_EXP9104,legacy_wetlab,74.92,64.32931436300888,2.3989990793489246,4.0,all_cv,viability_percent,,,,,,
v2_21a3a498433e,ROUND_001,36.22,55.39515450904254,23.549969354688322,4.0,all_cv,viability_percent,,,,,,
v2_19eed4dca0d3,ROUND_001,35.84,51.800340917354575,26.182606815978247,4.0,all_cv,viability_percent,,,,,,
v2_2eead01c8392,ROUND_001,60.53,51.80034244213721,26.18260681597827,4.0,all_cv,viability_percent,,,,,,
v2_6b7389efb1b5,ROUND_001,35.92,51.80034030505348,26.18260681597818,4.0,all_cv,viability_percent,,,,,,
v2_a2b4c2d7b0b6,ROUND_001,24.39,51.7894821142307,26.182605867885627,4.0,all_cv,viability_percent,,,,,,
v2_42188f45e98a,ROUND_002,38.805,40.047842809205,8.235602286162868,4.0,all_cv,viability_percent,,,,,,
v2_84c11063c325,ROUND_003,44.5,51.655528037112056,26.181891154820974,4.0,all_cv,viability_percent,,,,,,
v2_4aeffae55153,ROUND_003,48.5,49.63658742427209,25.848594926743214,4.0,all_cv,viability_percent,,,,,,
v2_a7291b600bea,ROUND_003,52.0,51.80031211597802,26.182606815973138,4.0,all_cv,viability_percent,,,,,,
v2_ced63818bdd1,ROUND_004,32.885,44.8875801579457,25.678186558871978,4.0,all_cv,viability_percent,,,,,,
v2_6fb2fa9dc5d5,ROUND_004,58.35,44.46157326126983,6.693449250047891,4.0,all_cv,viability_percent,,,,,,
v2_6fb2fa9dc5d5,ROUND_007,49.37,44.46157326126983,6.693449250047891,4.0,all_cv,viability_percent,,,,,,
v2_0e9e2b605ce7,ROUND_004,50.515,67.40333640077584,7.526345213851797,4.0,all_cv,viability_percent,,,,,,
v2_d9aaefea702e,ROUND_005,9.2925,33.614690965549045,13.772349765818278,4.0,all_cv,viability_percent,,,,,,
v2_d9aaefea702e,ROUND_006,28.4675,33.614690965549045,13.772349765818278,4.0,all_cv,viability_percent,,,,,,
v2_f1b5aed4af5a,ROUND_005,22.145,37.920506250269,1.6833234281659217,4.0,all_cv,viability_percent,,,,,,
v2_fb629591d74c,ROUND_006,40.18,71.04050806886454,6.412581548216462,4.0,all_cv,viability_percent,,,,,,
v2_b0c3376ad599,ROUND_006,24.755000000000003,43.42206132527295,25.805487356417352,4.0,all_cv,viability_percent,,,,,,
v2_c0858ec7c2c6,ROUND_007,24.2275,35.81841528882792,12.121342730158643,4.0,all_cv,viability_percent,,,,,,
v2_d880ac9c9187,ROUND_007,21.47,33.777073949724354,14.688678590096373,4.0,all_cv,viability_percent,,,,,,
v2_00d4dc35ee8a,ROUND_008,4.4799999999999995,50.44216125021037,26.17772803092631,4.0,all_cv,viability_percent,,,,,,
v2_e520c20c7441,ROUND_009,28.485,46.271449638417906,24.143641568066688,4.0,all_cv,viability_percent,,,,,,
v2_958a475d561d,ROUND_009,57.575,27.009818446017782,5.8964367084260045,4.0,all_cv,viability_percent,,,,,,
v2_55f87bb2c839,ROUND_010,38.1975,67.06403778372773,8.427503183869883,4.0,all_cv,viability_percent,,,,,,
legacy_lit_18,legacy_literature,94.18,41.93501792595208,11.834991593961897,5.0,all_cv,viability_percent,,,,,,
legacy_lit_30,legacy_literature,10.0,39.00321203267053,6.685488495727578,5.0,all_cv,viability_percent,,,,,,
legacy_lit_44,legacy_literature,22.0,54.30857762186547,19.91765233515255,5.0,all_cv,viability_percent,,,,,,
legacy_lit_49,legacy_literature,88.5,59.08219495350098,23.30372424166658,5.0,all_cv,viability_percent,,,,,,
legacy_lit_53,legacy_literature,56.0,38.94213488180394,6.68134095258579,5.0,all_cv,viability_percent,,,,,,
legacy_lit_58,legacy_literature,50.0,53.00959754814934,25.44712484734698,5.0,all_cv,viability_percent,,,,,,
legacy_lit_67,legacy_literature,56.0,43.13975954403574,18.052723056732447,5.0,all_cv,viability_percent,,,,,,
legacy_lit_71,legacy_literature,76.0,46.37728564058352,17.293492119881975,5.0,all_cv,viability_percent,,,,,,
legacy_lit_78,legacy_literature,36.0,33.73555386521909,18.81696840417657,5.0,all_cv,viability_percent,,,,,,
legacy_lit_86,legacy_literature,5.7,21.413811446615465,6.835506278356325,5.0,all_cv,viability_percent,,,,,,
legacy_lit_90,legacy_literature,4.6,52.93862166222177,25.44796598978103,5.0,all_cv,viability_percent,,,,,,
legacy_lit_95,legacy_literature,69.2,38.01204323460185,17.728739674471996,5.0,all_cv,viability_percent,,,,,,
legacy_lit_101,legacy_literature,77.0,39.0586097219515,6.6766274274530275,5.0,all_cv,viability_percent,,,,,,
legacy_lit_112,legacy_literature,31.883333333333336,39.00321203267053,6.685488495727578,5.0,all_cv,viability_percent,,,,,,
legacy_lit_119,legacy_literature,40.0,52.49495545908345,25.11111468835433,5.0,all_cv,viability_percent,,,,,,
legacy_lit_127,legacy_literature,70.0,53.21726863514918,4.2542959702752485,5.0,all_cv,viability_percent,,,,,,
legacy_lit_131,legacy_literature,32.0,45.53716085564814,6.686303255328642,5.0,all_cv,viability_percent,,,,,,
legacy_lit_136,legacy_literature,40.0,49.87917709971693,24.677598956443948,5.0,all_cv,viability_percent,,,,,,
legacy_lit_197,legacy_literature,83.0,39.00321203267053,6.685488495727578,5.0,all_cv,viability_percent,,,,,,
legacy_lit_200,legacy_literature,80.0,39.00321203267053,6.685488495727578,5.0,all_cv,viability_percent,,,,,,
legacy_lit_206,legacy_literature,70.0,44.956236247406785,18.822036346113883,5.0,all_cv,viability_percent,,,,,,
legacy_lit_212,legacy_literature,69.66666666666667,52.24172035554954,25.290616699349208,5.0,all_cv,viability_percent,,,,,,
legacy_lit_224,legacy_literature,91.0,67.36917924440131,21.088625115472777,5.0,all_cv,viability_percent,,,,,,
legacy_lit_251,legacy_literature,5.0,30.41155234038832,11.640778586193631,5.0,all_cv,viability_percent,,,,,,
legacy_lit_256,legacy_literature,30.666666666666668,34.46980604941424,20.142854847981056,5.0,all_cv,viability_percent,,,,,,
legacy_lit_261,legacy_literature,75.0,44.21539668114807,24.433228219012708,5.0,all_cv,viability_percent,,,,,,
legacy_lit_276,legacy_literature,78.0,37.650578072267464,8.36526255399551,5.0,all_cv,viability_percent,,,,,,
legacy_lit_288,legacy_literature,82.0,33.47476915498446,19.618065815867766,5.0,all_cv,viability_percent,,,,,,
legacy_lit_310,legacy_literature,87.0,24.161962577525458,10.255827239211648,5.0,all_cv,viability_percent,,,,,,
legacy_lit_317,legacy_literature,45.0,60.24252938475553,7.4836535509672935,5.0,all_cv,viability_percent,,,,,,
legacy_lit_323,legacy_literature,77.66666666666667,72.04929349206384,16.119215561882744,5.0,all_cv,viability_percent,,,,,,
legacy_lit_338,legacy_literature,84.3,47.111510563002824,25.25936532817899,5.0,all_cv,viability_percent,,,,,,
legacy_lit_346,legacy_literature,68.5,56.26719008457787,18.038506742564948,5.0,all_cv,viability_percent,,,,,,
legacy_lit_351,legacy_literature,73.1,63.28068219483896,18.69890913746072,5.0,all_cv,viability_percent,,,,,,
legacy_lit_356,legacy_literature,73.0,57.56354357197446,18.05727510207867,5.0,all_cv,viability_percent,,,,,,
legacy_lit_360,legacy_literature,52.1,55.584879463677964,21.43874125723282,5.0,all_cv,viability_percent,,,,,,
legacy_lit_369,legacy_literature,92.7,76.21973437406447,16.88348628093292,5.0,all_cv,viability_percent,,,,,,
legacy_lit_374,legacy_literature,73.95,44.46053771687449,6.795381251913822,5.0,all_cv,viability_percent,,,,,,
legacy_lit_386,legacy_literature,77.0,6.194168150351615,4.9578179761750665,5.0,all_cv,viability_percent,,,,,,
legacy_wetlab_EXP101,legacy_wetlab,21.01,13.408682209537886,4.94357201815168,5.0,all_cv,viability_percent,,,,,,
legacy_wetlab_EXP106,legacy_wetlab,8.39,54.07275213284226,24.196364064711517,5.0,all_cv,viability_percent,,,,,,
legacy_wetlab_EXP204,legacy_wetlab,50.29,54.45686252610485,23.69237314679185,5.0,all_cv,viability_percent,,,,,,
legacy_wetlab_EXP302,legacy_wetlab,56.18,47.00370334543199,14.163098826990524,5.0,all_cv,viability_percent,,,,,,
legacy_wetlab_EXP1105,legacy_wetlab,79.09,60.39531982736476,2.1178805456467047,5.0,all_cv,viability_percent,,,,,,
legacy_wetlab_EXP1205,legacy_wetlab,31.19,51.80718606050501,25.41280914891774,5.0,all_cv,viability_percent,,,,,,
legacy_wetlab_EXP2103,legacy_wetlab,51.61,60.88486073198322,6.771265353219854,5.0,all_cv,viability_percent,,,,,,
legacy_wetlab_EXP3101,legacy_wetlab,63.61,66.479584707126,3.662950061177379,5.0,all_cv,viability_percent,,,,,,
legacy_wetlab_EXP3106,legacy_wetlab,42.1,41.287286273699564,21.878508763720916,5.0,all_cv,viability_percent,,,,,,
legacy_wetlab_EXP4103,legacy_wetlab,73.15,60.88528539715862,2.999643319426986,5.0,all_cv,viability_percent,,,,,,
legacy_wetlab_EXP5102,legacy_wetlab,70.04,53.71850421300435,4.52164050436456,5.0,all_cv,viability_percent,,,,,,
legacy_wetlab_EXP5107,legacy_wetlab,75.16,51.8007001354776,22.43052439368531,5.0,all_cv,viability_percent,,,,,,
legacy_wetlab_EXP5112,legacy_wetlab,87.85,65.38130115573934,2.372855163206272,5.0,all_cv,viability_percent,,,,,,
legacy_wetlab_EXP5205,legacy_wetlab,6.86,51.226256068486485,25.411485163512218,5.0,all_cv,viability_percent,,,,,,
legacy_wetlab_EXP5210,legacy_wetlab,20.96,51.372140666780304,25.374858229546234,5.0,all_cv,viability_percent,,,,,,
legacy_wetlab_EXP6104,legacy_wetlab,65.5,65.41118387348354,4.039339361454195,5.0,all_cv,viability_percent,,,,,,
legacy_wetlab_EXP7103,legacy_wetlab,76.36,79.75585102980014,1.9788918331488428,5.0,all_cv,viability_percent,,,,,,
legacy_wetlab_EXP7108,legacy_wetlab,70.64,81.33869954679719,2.315659270838224,5.0,all_cv,viability_percent,,,,,,
legacy_wetlab_EXP8101,legacy_wetlab,71.22,56.61623445142941,2.9958267532644345,5.0,all_cv,viability_percent,,,,,,
legacy_wetlab_EXP8106,legacy_wetlab,64.37,60.95103679974061,6.115744047878434,5.0,all_cv,viability_percent,,,,,,
legacy_wetlab_EXP9103,legacy_wetlab,71.75,70.1691811825963,2.329178165103048,5.0,all_cv,viability_percent,,,,,,
legacy_wetlab_EXP9108,legacy_wetlab,36.44,51.74416665604956,10.68462566034073,5.0,all_cv,viability_percent,,,,,,
v2_4a0cb1ead8d1,ROUND_001,60.33,52.93854953317684,25.447965990690665,5.0,all_cv,viability_percent,,,,,,
v2_b9ae21107fa4,ROUND_001,15.93,52.93853698057363,25.44796599067853,5.0,all_cv,viability_percent,,,,,,
v2_afa1348627bc,ROUND_003,38.5,41.166881077362945,17.776293901297674,5.0,all_cv,viability_percent,,,,,,
v2_6886b09726ac,ROUND_004,30.2175,44.86227929861223,24.76394837486312,5.0,all_cv,viability_percent,,,,,,
v2_88865d95334d,ROUND_005,1.365,52.76530276179168,25.402316083789238,5.0,all_cv,viability_percent,,,,,,
v2_88865d95334d,ROUND_006,15.755,52.76530276179168,25.402316083789238,5.0,all_cv,viability_percent,,,,,,
v2_40e9f706b46d,ROUND_005,19.355,52.367965775029774,24.77822802276215,5.0,all_cv,viability_percent,,,,,,
v2_5526047f869b,ROUND_005,25.5225,33.294555038025855,23.071556172228753,5.0,all_cv,viability_percent,,,,,,
v2_79ec2bf8acae,ROUND_005,31.495,33.09320977592986,5.19694506578165,5.0,all_cv,viability_percent,,,,,,
v2_2df18f043f0c,ROUND_007,5.9925,52.58416272279713,25.447162275439418,5.0,all_cv,viability_percent,,,,,,
v2_16ebd2e14898,ROUND_008,41.41,78.87845757526541,9.587377778462333,5.0,all_cv,viability_percent,,,,,,
v2_0c1889c524b0,ROUND_008,24.25,52.92081807039436,25.44796491479077,5.0,all_cv,viability_percent,,,,,,
v2_949b1b9d7a24,ROUND_008,9.4125,52.90821251069913,25.44794840167856,5.0,all_cv,viability_percent,,,,,,
v2_a5836ff741f8,ROUND_009,56.879999999999995,64.9664654089604,3.001066059995075,5.0,all_cv,viability_percent,,,,,,
v2_e4e4fdaec9b1,ROUND_009,40.82,62.668481698738304,3.3230726260190284,5.0,all_cv,viability_percent,,,,,,
v2_f87d5e9bf5a4,ROUND_009,14.515,52.8588461191864,25.447902196765845,5.0,all_cv,viability_percent,,,,,,
v2_ee0e6b6d09bd,ROUND_009,19.58,52.86550738734934,25.447899737452964,5.0,all_cv,viability_percent,,,,,,
v2_4d49c0b641bb,ROUND_009,3.4425,52.919407525992625,25.44796246753571,5.0,all_cv,viability_percent,,,,,,
v2_4d49c0b641bb,ROUND_010,2.1550000000000002,52.919407525992625,25.44796246753571,5.0,all_cv,viability_percent,,,,,,
v2_a288e68df07e,ROUND_010,31.5,38.06307536259422,4.0494042437800895,5.0,all_cv,viability_percent,,,,,,
v2_211d2693ca45,ROUND_010,31.775000000000002,56.84084565478251,8.611522378950305,5.0,all_cv,viability_percent,,,,,,
v2_d3e3aa3e830f,ROUND_010,21.097500000000004,52.859639046564595,25.44792423792728,5.0,all_cv,viability_percent,,,,,,
v2_cc16b5977344,ROUND_010,16.3325,51.06414449753647,25.417624130061746,5.0,all_cv,viability_percent,,,,,,
v2_f87d5e9bf5a4,ROUND_009,0.24119499999999983,0.24274884096615784,0.17860876734127024,1.0,all_cv,critical_axial_load_N_per_needle,,,,,,
v2_211d2693ca45,ROUND_010,0.27201050000000004,0.22024687745994956,0.15739373616582025,1.0,all_cv,critical_axial_load_N_per_needle,,,,,,
v2_058f0d84ea0e,ROUND_009,0.15135425,0.2753810003547552,0.1691358600141061,2.0,all_cv,critical_axial_load_N_per_needle,,,,,,
v2_a4c0156ecbf5,ROUND_009,0.16605816666666665,0.27256172411348645,0.16878848861621873,2.0,all_cv,critical_axial_load_N_per_needle,,,,,,
v2_958a475d561d,ROUND_009,0.2150895,0.20478990056543453,0.05037671322277419,3.0,all_cv,critical_axial_load_N_per_needle,,,,,,
reference_b5a5b7b1176f,ROUND_010,0.635854,0.18645923417267785,0.054707290597720795,3.0,all_cv,critical_axial_load_N_per_needle,,,,,,
v2_55f87bb2c839,ROUND_010,0.109429,0.25499156757015234,0.14132481918162493,4.0,all_cv,critical_axial_load_N_per_needle,,,,,,
v2_3e8ef993abba,ROUND_010,0.17870795833333333,0.2548258100469027,0.14629318158111468,5.0,all_cv,critical_axial_load_N_per_needle,,,,,,
v2_49123b81735d,ROUND_001,0.0,0.1028973963955359,,1.0,all_cv,intact_patch_formation_pass,,,,,,
v2_db8935ce2c34,ROUND_002,1.0,0.9369310950576145,,1.0,all_cv,intact_patch_formation_pass,,,,,,
v2_8f6028d7e59a,ROUND_003,0.0,0.437081197958192,,1.0,all_cv,intact_patch_formation_pass,,,,,,
v2_0a63a12b60f3,ROUND_003,1.0,0.9923483305790303,,1.0,all_cv,intact_patch_formation_pass,,,,,,
v2_3db5f7aa7cdd,ROUND_003,1.0,0.9890376922703202,,1.0,all_cv,intact_patch_formation_pass,,,,,,
v2_4f4525f1566d,ROUND_003,1.0,0.9886976419048137,,1.0,all_cv,intact_patch_formation_pass,,,,,,
v2_eb8bb8b8618f,ROUND_004,1.0,0.978318337110601,,1.0,all_cv,intact_patch_formation_pass,,,,,,
v2_1e09bd3298a1,ROUND_004,1.0,0.3260238170912305,,1.0,all_cv,intact_patch_formation_pass,,,,,,
v2_13f1ff7a70b9,ROUND_006,1.0,0.799080408534813,,1.0,all_cv,intact_patch_formation_pass,,,,,,
v2_b7e07e99afa8,ROUND_006,1.0,0.99690553721779,,1.0,all_cv,intact_patch_formation_pass,,,,,,
v2_445849cbfa02,ROUND_006,1.0,0.9704467662893095,,1.0,all_cv,intact_patch_formation_pass,,,,,,
v2_445849cbfa02,ROUND_008,1.0,0.9704467662893095,,1.0,all_cv,intact_patch_formation_pass,,,,,,
v2_6f20e63adb1d,ROUND_007,1.0,0.8061403264250636,,1.0,all_cv,intact_patch_formation_pass,,,,,,
v2_6f20e63adb1d,ROUND_008,1.0,0.8061403264250636,,1.0,all_cv,intact_patch_formation_pass,,,,,,
v2_6f20e63adb1d,ROUND_009,1.0,0.8061403264250636,,1.0,all_cv,intact_patch_formation_pass,,,,,,
v2_6f20e63adb1d,ROUND_010,1.0,0.8061403264250636,,1.0,all_cv,intact_patch_formation_pass,,,,,,
v2_655dce03a47b,ROUND_007,1.0,0.9726414779406649,,1.0,all_cv,intact_patch_formation_pass,,,,,,
v2_adfd2284b7fb,ROUND_007,1.0,0.9991873479227236,,1.0,all_cv,intact_patch_formation_pass,,,,,,
v2_a1a1ae0b19bb,ROUND_007,1.0,0.7829387958303013,,1.0,all_cv,intact_patch_formation_pass,,,,,,
v2_2c468d77758b,ROUND_008,1.0,0.9981328087974248,,1.0,all_cv,intact_patch_formation_pass,,,,,,
v2_74bd7b4dd0a7,ROUND_009,1.0,0.3343329500292765,,1.0,all_cv,intact_patch_formation_pass,,,,,,
v2_a4c0156ecbf5,ROUND_009,1.0,0.9736627332523305,,1.0,all_cv,intact_patch_formation_pass,,,,,,
v2_c60ceb90bc67,ROUND_010,1.0,0.841394482147161,,1.0,all_cv,intact_patch_formation_pass,,,,,,
v2_d36a198b8927,ROUND_010,1.0,0.9599540798393357,,1.0,all_cv,intact_patch_formation_pass,,,,,,
v2_da5df4899b60,ROUND_001,0.0,1.9050889410595567e-09,,2.0,all_cv,intact_patch_formation_pass,,,,,,
v2_75d69addc009,ROUND_002,0.0,0.8377212099422031,,2.0,all_cv,intact_patch_formation_pass,,,,,,
v2_75d69addc009,ROUND_003,1.0,0.8377212099422031,,2.0,all_cv,intact_patch_formation_pass,,,,,,
v2_655729013931,ROUND_002,1.0,0.7408762913596638,,2.0,all_cv,intact_patch_formation_pass,,,,,,
v2_3e8ef993abba,ROUND_002,1.0,0.9649445385894887,,2.0,all_cv,intact_patch_formation_pass,,,,,,
v2_3e8ef993abba,ROUND_010,1.0,0.9649445385894887,,2.0,all_cv,intact_patch_formation_pass,,,,,,
v2_384020959c42,ROUND_002,1.0,0.9795431004752532,,2.0,all_cv,intact_patch_formation_pass,,,,,,
v2_b2c883db5caf,ROUND_002,1.0,0.7396677627700019,,2.0,all_cv,intact_patch_formation_pass,,,,,,
v2_27a2b16cc327,ROUND_003,0.0,0.5489681998957634,,2.0,all_cv,intact_patch_formation_pass,,,,,,
v2_8d9d8b0a7098,ROUND_004,0.0,0.25116746901685605,,2.0,all_cv,intact_patch_formation_pass,,,,,,
v2_1d06992cb257,ROUND_004,1.0,0.997522387375047,,2.0,all_cv,intact_patch_formation_pass,,,,,,
v2_4da335e6bc9d,ROUND_004,0.0,0.996671570831436,,2.0,all_cv,intact_patch_formation_pass,,,,,,
v2_c52464fe22c3,ROUND_005,1.0,0.9991741800118371,,2.0,all_cv,intact_patch_formation_pass,,,,,,
v2_117f554a123f,ROUND_005,1.0,0.9998239409367257,,2.0,all_cv,intact_patch_formation_pass,,,,,,
v2_ea8a9ce5fcb2,ROUND_006,0.0,0.6498545299065979,,2.0,all_cv,intact_patch_formation_pass,,,,,,
v2_4673547a29eb,ROUND_006,0.0,0.9973616918384877,,2.0,all_cv,intact_patch_formation_pass,,,,,,
v2_9d3ceb7016d5,ROUND_006,1.0,0.989099085149769,,2.0,all_cv,intact_patch_formation_pass,,,,,,
v2_e579d58c9088,ROUND_006,1.0,0.9929486485559371,,2.0,all_cv,intact_patch_formation_pass,,,,,,
v2_e579d58c9088,ROUND_007,1.0,0.9929486485559371,,2.0,all_cv,intact_patch_formation_pass,,,,,,
v2_724742f4ebc1,ROUND_007,1.0,0.9986406278790992,,2.0,all_cv,intact_patch_formation_pass,,,,,,
v2_acaa3c7de271,ROUND_007,1.0,0.9906520226197977,,2.0,all_cv,intact_patch_formation_pass,,,,,,
v2_d2de523913b8,ROUND_008,1.0,0.990837019285021,,2.0,all_cv,intact_patch_formation_pass,,,,,,
v2_058f0d84ea0e,ROUND_009,1.0,0.9262996646178572,,2.0,all_cv,intact_patch_formation_pass,,,,,,
v2_a409fb1db800,ROUND_010,1.0,0.9312264295622192,,2.0,all_cv,intact_patch_formation_pass,,,,,,
v2_237544a25f30,ROUND_001,0.0,0.18038796745598856,,3.0,all_cv,intact_patch_formation_pass,,,,,,
v2_e0e6b16a3f20,ROUND_001,0.0,0.0014021124232514567,,3.0,all_cv,intact_patch_formation_pass,,,,,,
v2_e0e6b16a3f20,ROUND_002,1.0,0.0014021124232514567,,3.0,all_cv,intact_patch_formation_pass,,,,,,
v2_a803deb82ca6,ROUND_001,0.0,0.09367430709869394,,3.0,all_cv,intact_patch_formation_pass,,,,,,
v2_a3cd6cc2afa7,ROUND_002,1.0,0.6752510954278161,,3.0,all_cv,intact_patch_formation_pass,,,,,,
v2_34d667ff4762,ROUND_002,1.0,0.6254433692372119,,3.0,all_cv,intact_patch_formation_pass,,,,,,
v2_fc5b4c04eee9,ROUND_002,0.0,0.2810129701078235,,3.0,all_cv,intact_patch_formation_pass,,,,,,
v2_8a721b7d8f1c,ROUND_002,1.0,0.9527026821502729,,3.0,all_cv,intact_patch_formation_pass,,,,,,
v2_430e18c49d10,ROUND_003,1.0,0.7788702675703578,,3.0,all_cv,intact_patch_formation_pass,,,,,,
v2_d93bf1a562c8,ROUND_003,1.0,0.0005515212993616447,,3.0,all_cv,intact_patch_formation_pass,,,,,,
v2_6005e837cd4b,ROUND_004,1.0,0.9841549064119383,,3.0,all_cv,intact_patch_formation_pass,,,,,,
v2_e5b28bf5a066,ROUND_004,1.0,0.7522778497424241,,3.0,all_cv,intact_patch_formation_pass,,,,,,
v2_98a8e114024b,ROUND_004,1.0,0.6589549760369552,,3.0,all_cv,intact_patch_formation_pass,,,,,,
v2_1be28fc1c3ad,ROUND_005,0.0,0.7060700503988026,,3.0,all_cv,intact_patch_formation_pass,,,,,,
v2_f3bcb989040c,ROUND_005,1.0,0.8163019983823689,,3.0,all_cv,intact_patch_formation_pass,,,,,,
v2_711df1b41503,ROUND_005,0.0,0.5812693391933237,,3.0,all_cv,intact_patch_formation_pass,,,,,,
v2_011eef292ff1,ROUND_005,1.0,0.9952350869397667,,3.0,all_cv,intact_patch_formation_pass,,,,,,
v2_0edd7362eda9,ROUND_006,1.0,0.9678994143179194,,3.0,all_cv,intact_patch_formation_pass,,,,,,
v2_7371aa062562,ROUND_007,1.0,0.8812208838397739,,3.0,all_cv,intact_patch_formation_pass,,,,,,
v2_7371aa062562,ROUND_009,1.0,0.8812208838397739,,3.0,all_cv,intact_patch_formation_pass,,,,,,
v2_4b9990641d38,ROUND_008,1.0,0.9799254006993997,,3.0,all_cv,intact_patch_formation_pass,,,,,,
v2_cfd8fbca69e1,ROUND_008,1.0,0.8795233809346485,,3.0,all_cv,intact_patch_formation_pass,,,,,,
v2_b2a7d8453992,ROUND_008,1.0,0.762160578381704,,3.0,all_cv,intact_patch_formation_pass,,,,,,
v2_c29d85c403ed,ROUND_008,1.0,0.9980973289786143,,3.0,all_cv,intact_patch_formation_pass,,,,,,
v2_21a3a498433e,ROUND_001,1.0,0.9837108300258607,,4.0,all_cv,intact_patch_formation_pass,,,,,,
v2_19eed4dca0d3,ROUND_001,0.0,0.004018029137378332,,4.0,all_cv,intact_patch_formation_pass,,,,,,
v2_2eead01c8392,ROUND_001,0.0,0.24604839638960513,,4.0,all_cv,intact_patch_formation_pass,,,,,,
v2_6b7389efb1b5,ROUND_001,0.0,1.2605151151011583e-93,,4.0,all_cv,intact_patch_formation_pass,,,,,,
v2_a2b4c2d7b0b6,ROUND_001,0.0,0.09522699759576805,,4.0,all_cv,intact_patch_formation_pass,,,,,,
v2_42188f45e98a,ROUND_002,1.0,0.9247731153965849,,4.0,all_cv,intact_patch_formation_pass,,,,,,
v2_84c11063c325,ROUND_003,0.0,0.41125903524624446,,4.0,all_cv,intact_patch_formation_pass,,,,,,
v2_4aeffae55153,ROUND_003,0.0,0.9979752657912739,,4.0,all_cv,intact_patch_formation_pass,,,,,,
v2_a7291b600bea,ROUND_003,0.0,0.6388633938264127,,4.0,all_cv,intact_patch_formation_pass,,,,,,
v2_ced63818bdd1,ROUND_004,1.0,0.9551839171735769,,4.0,all_cv,intact_patch_formation_pass,,,,,,
v2_6fb2fa9dc5d5,ROUND_004,1.0,0.9341544101445014,,4.0,all_cv,intact_patch_formation_pass,,,,,,
v2_6fb2fa9dc5d5,ROUND_007,1.0,0.9341544101445014,,4.0,all_cv,intact_patch_formation_pass,,,,,,
v2_0e9e2b605ce7,ROUND_004,0.0,0.4260082392453722,,4.0,all_cv,intact_patch_formation_pass,,,,,,
v2_d9aaefea702e,ROUND_005,1.0,0.9449135234129978,,4.0,all_cv,intact_patch_formation_pass,,,,,,
v2_d9aaefea702e,ROUND_006,1.0,0.9449135234129978,,4.0,all_cv,intact_patch_formation_pass,,,,,,
v2_f1b5aed4af5a,ROUND_005,1.0,0.9978082073724321,,4.0,all_cv,intact_patch_formation_pass,,,,,,
v2_fb629591d74c,ROUND_006,1.0,0.9408922715260927,,4.0,all_cv,intact_patch_formation_pass,,,,,,
v2_b0c3376ad599,ROUND_006,1.0,2.84322511060379e-292,,4.0,all_cv,intact_patch_formation_pass,,,,,,
v2_c0858ec7c2c6,ROUND_007,1.0,0.8575889514138344,,4.0,all_cv,intact_patch_formation_pass,,,,,,
v2_d880ac9c9187,ROUND_007,1.0,0.9104219810816717,,4.0,all_cv,intact_patch_formation_pass,,,,,,
v2_00d4dc35ee8a,ROUND_008,1.0,0.9986089477955622,,4.0,all_cv,intact_patch_formation_pass,,,,,,
v2_e520c20c7441,ROUND_009,1.0,0.9834016865518527,,4.0,all_cv,intact_patch_formation_pass,,,,,,
v2_958a475d561d,ROUND_009,1.0,0.9853483995865692,,4.0,all_cv,intact_patch_formation_pass,,,,,,
v2_55f87bb2c839,ROUND_010,1.0,0.934723009290991,,4.0,all_cv,intact_patch_formation_pass,,,,,,
v2_4a0cb1ead8d1,ROUND_001,0.0,8.605583161166343e-05,,5.0,all_cv,intact_patch_formation_pass,,,,,,
v2_b9ae21107fa4,ROUND_001,0.0,3.531524449873119e-06,,5.0,all_cv,intact_patch_formation_pass,,,,,,
v2_afa1348627bc,ROUND_003,1.0,0.9640969750758196,,5.0,all_cv,intact_patch_formation_pass,,,,,,
v2_6886b09726ac,ROUND_004,1.0,0.9841345756582639,,5.0,all_cv,intact_patch_formation_pass,,,,,,
v2_88865d95334d,ROUND_005,0.0,0.8364087556384352,,5.0,all_cv,intact_patch_formation_pass,,,,,,
v2_88865d95334d,ROUND_006,1.0,0.8364087556384352,,5.0,all_cv,intact_patch_formation_pass,,,,,,
v2_40e9f706b46d,ROUND_005,1.0,0.9974664806614699,,5.0,all_cv,intact_patch_formation_pass,,,,,,
v2_5526047f869b,ROUND_005,1.0,0.9027788418979843,,5.0,all_cv,intact_patch_formation_pass,,,,,,
v2_79ec2bf8acae,ROUND_005,1.0,0.9950223003513377,,5.0,all_cv,intact_patch_formation_pass,,,,,,
v2_2df18f043f0c,ROUND_007,1.0,0.9683729934324422,,5.0,all_cv,intact_patch_formation_pass,,,,,,
v2_16ebd2e14898,ROUND_008,1.0,0.7313233281620969,,5.0,all_cv,intact_patch_formation_pass,,,,,,
v2_0c1889c524b0,ROUND_008,1.0,0.9951956490133023,,5.0,all_cv,intact_patch_formation_pass,,,,,,
v2_949b1b9d7a24,ROUND_008,1.0,0.8079926734716091,,5.0,all_cv,intact_patch_formation_pass,,,,,,
v2_a5836ff741f8,ROUND_009,0.0,0.6256675964352401,,5.0,all_cv,intact_patch_formation_pass,,,,,,
v2_e4e4fdaec9b1,ROUND_009,1.0,0.9862022393469057,,5.0,all_cv,intact_patch_formation_pass,,,,,,
v2_f87d5e9bf5a4,ROUND_009,1.0,0.1854611013421689,,5.0,all_cv,intact_patch_formation_pass,,,,,,
v2_ee0e6b6d09bd,ROUND_009,1.0,0.29054854307415034,,5.0,all_cv,intact_patch_formation_pass,,,,,,
v2_4d49c0b641bb,ROUND_009,1.0,0.9588505845801477,,5.0,all_cv,intact_patch_formation_pass,,,,,,
v2_4d49c0b641bb,ROUND_010,1.0,0.9588505845801477,,5.0,all_cv,intact_patch_formation_pass,,,,,,
v2_a288e68df07e,ROUND_010,1.0,0.9574088669954389,,5.0,all_cv,intact_patch_formation_pass,,,,,,
v2_211d2693ca45,ROUND_010,1.0,0.9726176491262623,,5.0,all_cv,intact_patch_formation_pass,,,,,,
v2_d3e3aa3e830f,ROUND_010,1.0,0.8945709312755689,,5.0,all_cv,intact_patch_formation_pass,,,,,,
v2_cc16b5977344,ROUND_010,1.0,0.8855194269079134,,5.0,all_cv,intact_patch_formation_pass,,,,,,
v2_f87d5e9bf5a4,ROUND_009,14.515,36.18499373958861,13.358990699131768,1.0,paired_cv,viability_percent,,,,,,
v2_211d2693ca45,ROUND_010,31.775000000000002,35.3007942834515,10.414015186186717,1.0,paired_cv,viability_percent,,,,,,
v2_058f0d84ea0e,ROUND_009,37.480000000000004,31.60449313147953,15.841496015205552,2.0,paired_cv,viability_percent,,,,,,
v2_a4c0156ecbf5,ROUND_009,31.7125,31.43266856015156,15.837822578914306,2.0,paired_cv,viability_percent,,,,,,
v2_958a475d561d,ROUND_009,57.575,28.79973063026758,8.197870993395128,3.0,paired_cv,viability_percent,,,,,,
v2_55f87bb2c839,ROUND_010,38.1975,25.417082632351068,11.793706346175563,4.0,paired_cv,viability_percent,,,,,,
v2_3e8ef993abba,ROUND_010,15.96,35.069190978919224,10.112131788246456,5.0,paired_cv,viability_percent,,,,,,
v2_f87d5e9bf5a4,ROUND_009,0.24119499999999983,0.24274884096615784,0.17860876734127024,1.0,paired_cv,critical_axial_load_N_per_needle,,,,,,
v2_211d2693ca45,ROUND_010,0.27201050000000004,0.22024687745994956,0.15739373616582025,1.0,paired_cv,critical_axial_load_N_per_needle,,,,,,
v2_058f0d84ea0e,ROUND_009,0.15135425,0.2753810003547552,0.1691358600141061,2.0,paired_cv,critical_axial_load_N_per_needle,,,,,,
v2_a4c0156ecbf5,ROUND_009,0.16605816666666665,0.27256172411348645,0.16878848861621873,2.0,paired_cv,critical_axial_load_N_per_needle,,,,,,
v2_958a475d561d,ROUND_009,0.2150895,0.20478990056543453,0.05037671322277419,3.0,paired_cv,critical_axial_load_N_per_needle,,,,,,
reference_b5a5b7b1176f,ROUND_010,0.635854,0.18645923417267785,0.054707290597720795,3.0,paired_cv,critical_axial_load_N_per_needle,,,,,,
v2_55f87bb2c839,ROUND_010,0.109429,0.25499156757015234,0.14132481918162493,4.0,paired_cv,critical_axial_load_N_per_needle,,,,,,
v2_3e8ef993abba,ROUND_010,0.17870795833333333,0.2548258100469027,0.14629318158111468,5.0,paired_cv,critical_axial_load_N_per_needle,,,,,,
,ROUND_009,,,,,progress,,4.0,2.0,0.33946638955023123,0.4474357274750462,,
,ROUND_010,,,,,progress,,8.0,2.0,1.0,0.0,,
,ROUND_009,,,,,r2,,,,,,-0.7772191661214878,-0.7708045246681157
,ROUND_010,,,,,r2,,,,,,-0.4586202566624298,-0.3449168446084254
